Product Name;Category;Price (€);Quantity Sold;Revenue Total;Transaction Date;Country ;Store-ID;Duplicate Col;Duplicate Col 
;Food;1002,56;25;3209,69;;Portugal;;X;X
Product 1;Food;696;;;2024-10-13;;;X;X
Product 2;Snack;4620,87;;1,229.92;2024/01/24;Portugal;;X;X
Product 3;Drink;1178,09;NaN;1,883.59;2024-03-31;Germany;S-26;X;X
Product 4;Drink;4028,31;;2,425.77;29/07/2021;France;S-45;X;X
Product 5;Drink;1729,23;;4549;01-07-2023;;S-46;X;X
Product 6;Food;4749,54;NaN;2,115.36;2019-03-11;;;X;X
Product 7;Food;;;;10/01/2022;France;;X;X
Product 8;;4733;;3,729.43;2023/07/14;France;S-37;X;X
Product 9;Food;3616,65;75;2,146.61;27-02-2018;;;X;X
Product 10;Food;178.00;NaN;;17-04-2020;Germany;S-35;X;X
Product 11;Food;;50;;06/12/2018;France;;X;X
Product 12;Drink;2,387.96;;977.41;2020-02-07;Germany;S-44;X;X
Product 13;Drink;107,22;50;3,456.05;2021-05-29;;S-31;X;X
Product 14;Food;131.77;;4,731.72;18/06/2022;Germany;;X;X
;Drink;;50;;29/10/2019;Germany;;X;X
Product 16;;3409,71;NaN;830.88;05-03-2020;France;;X;X
Product 17;Drink;2762,48;;828.77;2019-12-06;Germany;S-15;X;X
Product 18;;;56;4,730.72;09-07-2024;Germany;;X;X
Product 19;Snack;;99;983,97;2024-04-25;;;X;X
Product 20;Food;3,506.69;NaN;984;;;;X;X
Product 21;Drink;577,92;67;883.01;2019-03-04;;S-11;X;X
Product 22;;4485;;1087,35;2020-05-18;France;;X;X
Product 23;Snack;1758;NaN;;29/04/2023;France;;X;X
Product 24;Snack;2182,62;NaN;3408;19-09-2022;France;;X;X
Product 25;Drink;1190,85;;4596,85;04-01-2019;;;X;X
Product 26;Drink;2,943.09;84;4387,24;2023-02-18;;S-21;X;X
Product 27;Snack;2065,33;;4993;27-06-2024;Germany;;X;X
Product 28;Food;4954,69;;372;12-08-2024;France;;X;X
Product 29;Food;4,366.28;;1,691.97;29-08-2024;;S-33;X;X
;;4063,11;;927.62;2023-11-18;Germany;S-32;X;X
Product 31;Food;;;1258;09/04/2022;France;;X;X
Product 32;Snack;902,97;6;1939,35;02-07-2022;France;;X;X
Product 33;Snack;1,570.63;;2,612.01;2023-06-29;Germany;S-9;X;X
Product 34;Snack;4,990.44;64;2,876.41;2021-01-14;Germany;S-15;X;X
Product 35;Food;;27;4525;11/11/2022;Portugal;;X;X
Product 36;;3287,91;92;;2022/07/26;;;X;X
Product 37;Food;381.89;42;4,544.39;06-07-2024;Germany;S-28;X;X
Product 38;;2474;36;;2018-06-18;France;;X;X
Product 39;Food;4,488.20;;1391;29/12/2022;;;X;X
Product 40;Snack;2217;;4615;;;S-36;X;X
Product 41;Snack;4707;;2,764.08;2019-10-24;;S-19;X;X
Product 42;Drink;4,344.85;5;;20-07-2019;Germany;;X;X
Product 43;Food;2634;;2542;27/10/2018;France;;X;X
Product 44;Food;1594,29;NaN;3938,82;2018/12/15;;;X;X
;Drink;;;3656,83;21-05-2019;France;;X;X
Product 46;Snack;;;1701,73;19-03-2018;Portugal;;X;X
Product 47;Food;1,398.92;;2896;22-09-2019;Portugal;;X;X
Product 48;Drink;4,560.25;24;;2020-06-15;France;;X;X
Product 49;Food;1,524.70;47;1807;23-10-2022;;S-14;X;X
Product 50;;613.74;44;295.98;2020/04/12;France;;X;X
Product 51;Snack;179.34;NaN;;13/05/2024;Germany;;X;X
Product 52;;;NaN;645.55;2024/03/19;Portugal;;X;X
Product 53;Snack;4765,22;;3,705.29;15-08-2019;Portugal;;X;X
Product 54;Drink;2494,54;26;;23-06-2023;;;X;X
Product 55;Snack;;NaN;;13-01-2019;Portugal;;X;X
Product 56;Snack;1502,06;NaN;4369,88;2023/08/11;France;S-24;X;X
Product 57;Drink;;;2787;2018/02/08;Germany;;X;X
Product 58;Snack;;53;2514;2021/05/14;;S-24;X;X
Product 59;Food;1923,32;NaN;;08/04/2019;Germany;;X;X
;Drink;;80;1425;;;S-27;X;X
Product 61;Drink;;NaN;840,94;12-03-2018;;S-44;X;X
Product 62;Drink;2662;20;1,344.39;10/03/2019;Portugal;S-36;X;X
Product 63;;156;20;;27-03-2022;;;X;X
Product 64;;4686;NaN;4347,20;16-10-2020;;;X;X
Product 65;Snack;4613;92;;2018-02-21;Portugal;;X;X
Product 66;Drink;4,051.22;NaN;2,856.88;2021/01/12;France;;X;X
Product 67;Snack;3786;11;2290,37;20-08-2023;Portugal;;X;X
Product 68;Food;;;3731;2023-06-06;Germany;;X;X
Product 69;Drink;4328,71;NaN;4093;12/02/2022;;;X;X
Product 70;Food;;NaN;4014;2023-07-11;Germany;;X;X
Product 71;Snack;4762;;4461,55;2019/08/19;Germany;;X;X
Product 72;;;NaN;3979,91;06/09/2024;Germany;;X;X
Product 73;Snack;2119;;4460;2020-05-30;Portugal;;X;X
Product 74;Food;;NaN;;17-08-2024;Portugal;;X;X
;Drink;2,336.66;NaN;889;26/06/2024;Germany;;X;X
Product 76;Snack;659,36;;4,892.28;16-09-2022;France;S-21;X;X
Product 77;Drink;1403;89;;25/12/2020;France;S-20;X;X
Product 78;;427.68;NaN;2228,49;2019/04/27;Germany;;X;X
Product 79;;3856;;3929;2018-10-05;;;X;X
Product 80;;;NaN;4748;;France;;X;X
Product 81;Drink;193;NaN;2842;02-07-2019;Portugal;;X;X
Product 82;Snack;1808;39;2,419.36;2018-09-30;Germany;S-33;X;X
Product 83;Drink;3912,13;97;1001;2024-08-04;Germany;S-25;X;X
Product 84;Drink;621;13;852;08/07/2019;;;X;X
Product 85;Snack;4,180.00;NaN;4211;17-05-2023;Germany;;X;X
Product 86;;2219,04;19;3,798.64;15-07-2021;Germany;;X;X
Product 87;;;12;117;10/12/2021;France;;X;X
Product 88;Snack;185;NaN;1,353.27;21/10/2024;Portugal;;X;X
Product 89;Drink;2,401.04;NaN;;04-07-2023;;;X;X
;Drink;2043,05;NaN;3169;29/03/2023;Portugal;;X;X
Product 91;;1382;NaN;4942;05-10-2019;;S-9;X;X
Product 92;Food;;NaN;4,342.38;11/06/2021;;;X;X
Product 93;Food;899;2;2392;20-11-2022;France;S-9;X;X
Product 94;Food;;NaN;746;18-01-2023;;;X;X
Product 95;Drink;636.11;50;950,32;2020-05-17;;;X;X
Product 96;Drink;734,51;40;215,05;2018/12/23;;;X;X
Product 97;;1163,36;;;29/06/2019;Portugal;;X;X
Product 98;Food;;NaN;2667,48;25/10/2021;;;X;X
Product 99;;2899,45;NaN;3095;2023/06/13;;;X;X
Product 100;;2,767.04;;1203,85;;;S-19;X;X
Product 101;;304;NaN;3,737.20;2020/09/07;France;;X;X
Product 102;Snack;4876,41;;817;03-06-2018;;;X;X
Product 103;Food;3391;;;24-10-2018;France;;X;X
Product 104;Food;2702,21;;;04-08-2019;Portugal;;X;X
;Snack;3002;;;30-06-2022;France;;X;X
Product 106;Snack;;;;28-11-2020;Germany;;X;X
Product 107;Food;565,91;NaN;;2023/12/05;France;;X;X
Product 108;Snack;1184;NaN;1,452.36;08-11-2023;Portugal;;X;X
Product 109;;;NaN;2,531.31;2018/04/26;Portugal;;X;X
Product 110;Drink;;19;185,07;2022/04/22;Germany;;X;X
Product 111;;4,379.27;;2301,01;28/04/2019;Germany;;X;X
Product 112;Food;123;81;3672,70;2018-11-23;France;S-13;X;X
Product 113;Snack;;;3665,81;30-06-2022;Portugal;;X;X
Product 114;Drink;4486;NaN;676;2022-05-31;;;X;X
Product 115;Food;2353;24;2618,56;21-09-2019;;;X;X
Product 116;Snack;3,109.58;;1859;2019/08/11;Portugal;;X;X
Product 117;Drink;1841;;4712,22;2021-09-28;Germany;;X;X
Product 118;Drink;4651,54;15;;2020/04/08;Portugal;S-31;X;X
Product 119;Snack;531.16;NaN;1536,95;2022-08-10;Germany;S-29;X;X
;Drink;4040;NaN;127;;France;;X;X
Product 121;Food;;97;2920,86;2024-09-27;France;;X;X
Product 122;Snack;4153,63;71;3289,47;2018/11/08;France;;X;X
Product 123;;3,285.30;43;2,196.61;2023-11-02;Germany;;X;X
Product 124;Food;1905,45;;3438;2022-07-06;Portugal;;X;X
Product 125;Food;4,775.90;;4,587.58;28-08-2018;;S-42;X;X
Product 126;Snack;;NaN;4995;2021/10/19;;S-21;X;X
Product 127;Snack;2694,84;NaN;2,842.20;06/01/2018;;;X;X
Product 128;Drink;4237,98;NaN;;24/06/2022;Portugal;S-9;X;X
Product 129;Food;;61;1445;26-08-2019;;;X;X
Product 130;Drink;1,584.70;;427,99;04/12/2019;Germany;;X;X
Product 131;Food;4180;;294,98;2023/04/29;Portugal;S-21;X;X
Product 132;Food;4555;;3356;2018/03/30;;S-28;X;X
Product 133;;1215;;3,425.29;18/04/2021;Germany;;X;X
Product 134;Food;1154;91;375;23/09/2019;;;X;X
;Drink;3740,94;69;1852,34;2022-09-14;France;;X;X
Product 136;Drink;;NaN;1085;11-10-2019;;S-14;X;X
Product 137;;;;;2024/04/13;;;X;X
Product 138;Drink;1809;NaN;2748,17;13/05/2022;;;X;X
Product 139;Snack;2802,29;NaN;1935,19;2021-03-06;France;;X;X
Product 140;;;58;;;Portugal;;X;X
Product 141;Drink;;NaN;4833;19/03/2022;Portugal;;X;X
Product 142;Drink;3,931.52;17;3237;2023/01/26;France;;X;X
Product 143;Snack;2,846.71;;580.08;2024/09/03;France;;X;X
Product 144;;4,628.58;41;1727,82;31-12-2021;Portugal;;X;X
Product 145;Snack;;NaN;1660,66;11/08/2018;France;;X;X
Product 146;;3,370.53;NaN;2834,04;2020-05-25;;S-11;X;X
Product 147;;3027;NaN;1,329.17;2023-04-14;Germany;S-37;X;X
Product 148;Food;1707,86;NaN;;2018/06/26;;;X;X
Product 149;Drink;;25;258.75;2022/03/24;Portugal;;X;X
;Drink;2,525.13;NaN;325.20;2018-06-19;;;X;X
Product 151;Food;2,880.06;;2699,42;18-08-2022;;;X;X
Product 152;Snack;;17;523;2021-06-05;;;X;X
Product 153;Food;77,56;NaN;610,82;07-03-2022;;;X;X
Product 154;Drink;;;;2023/07/22;;;X;X
Product 155;Drink;3,714.27;NaN;;2019/06/22;Germany;S-29;X;X
Product 156;Food;;;4230;03-04-2018;France;;X;X
Product 157;Food;119.66;34;1039;2021-01-24;Portugal;S-1;X;X
Product 158;Food;4,949.67;NaN;3081;2021/07/18;France;;X;X
Product 159;Drink;;16;;11-03-2018;Portugal;S-21;X;X
Product 160;Food;4521;50;;;France;;X;X
Product 161;Food;637.26;;4817,43;21-09-2021;;;X;X
Product 162;Snack;3559,92;46;;2022/08/26;Germany;;X;X
Product 163;Food;1684;NaN;933;08-06-2021;Germany;;X;X
Product 164;Drink;2957,39;;1738,81;11/10/2020;France;S-1;X;X
;Snack;4970,67;NaN;4246,79;2019/01/28;;S-15;X;X
Product 166;;368;;;2024-03-22;Germany;;X;X
Product 167;Drink;;35;4,483.44;24-05-2024;France;S-48;X;X
Product 168;Drink;;28;;26/06/2021;;;X;X
Product 169;;;NaN;725,16;2021-02-02;Portugal;;X;X
Product 170;Drink;3,500.57;62;2728;03/03/2021;Portugal;;X;X
Product 171;;3618,54;NaN;1,604.40;2022/06/29;France;;X;X
Product 172;;761,28;47;1503,21;2021/04/06;Germany;;X;X
Product 173;Drink;2967;30;;2018-11-21;Germany;S-24;X;X
Product 174;Food;;NaN;3596,05;2022-10-12;Germany;;X;X
Product 175;Food;;58;;26/07/2018;France;S-2;X;X
Product 176;;883;;3,371.27;20/07/2019;Germany;;X;X
Product 177;Snack;4723,84;;1,588.00;2022/10/16;Portugal;;X;X
Product 178;;;4;;25-09-2022;Germany;;X;X
Product 179;;;4;194,88;08/09/2024;Germany;S-9;X;X
;;;96;4,613.78;;Portugal;S-1;X;X
Product 181;Food;1,592.89;;3910,70;17-09-2022;;;X;X
Product 182;Food;4767,57;;4719;2019/07/05;France;;X;X
Product 183;Food;4,069.94;NaN;3862,96;2020/07/28;Germany;;X;X
Product 184;;2152;;4056,69;03-02-2019;Germany;S-5;X;X
Product 185;Snack;2875;NaN;;2024-02-03;Portugal;S-21;X;X
Product 186;Food;497;NaN;4707,46;2021-05-22;Portugal;;X;X
Product 187;Drink;827;;4,969.70;10-01-2024;;;X;X
Product 188;Drink;;NaN;3,308.83;16-01-2022;;;X;X
Product 189;Drink;1,118.17;NaN;;2019/02/28;;;X;X
Product 190;;1442;NaN;4288;27/07/2022;;;X;X
Product 191;Drink;4944,03;NaN;3664;2019-04-23;France;S-7;X;X
Product 192;;4622;65;3549;14/07/2024;;;X;X
Product 193;Drink;705.02;NaN;3113;12-04-2022;France;;X;X
Product 194;Snack;2,760.82;52;1,323.44;24-01-2022;;;X;X
;;136,75;91;1489;2021-02-01;Portugal;;X;X
Product 196;Drink;4,799.28;;4,104.14;30/11/2019;Germany;S-14;X;X
Product 197;Food;33,33;NaN;2025;13-09-2023;Portugal;;X;X
Product 198;;1847;;;22-10-2022;Portugal;;X;X
Product 199;Food;;;;2018/02/18;Portugal;;X;X
Product 200;Food;3,660.45;;;;France;;X;X
Product 201;Food;4155;56;4199;2020/12/29;Germany;;X;X
Product 202;Food;4589,98;66;2743,52;2023-04-27;France;;X;X
Product 203;Drink;;;187,63;16-01-2024;Germany;;X;X
Product 204;Drink;2466,28;75;4,760.97;2024/05/02;France;;X;X
Product 205;;4322;27;2,827.63;18/09/2018;Germany;;X;X
Product 206;;3658,17;16;;2024-10-04;France;S-21;X;X
Product 207;;4842,20;22;742;2020-11-06;Germany;S-37;X;X
Product 208;Drink;3,721.39;NaN;;2024-01-21;Portugal;S-47;X;X
Product 209;;3636;;;10-09-2023;Portugal;;X;X
;Food;783;72;3,087.65;30/07/2019;Portugal;S-28;X;X
Product 211;Drink;1380,54;57;;2021/07/24;;;X;X
Product 212;;3534;;2293,86;2023-05-27;France;S-14;X;X
Product 213;Food;4461,36;NaN;57,86;27/02/2021;Portugal;;X;X
Product 214;;2166;;2,553.40;2023-03-28;Portugal;;X;X
Product 215;Snack;951,99;NaN;1257,22;31/07/2024;Portugal;S-36;X;X
Product 216;;4745,91;68;2,516.59;2018-12-10;;;X;X
Product 217;Snack;;NaN;3165,27;2020-01-19;France;;X;X
Product 218;;4,360.57;;3,579.29;2019/09/09;France;S-34;X;X
Product 219;;3366;;954,98;2024/07/15;Portugal;S-33;X;X
Product 220;Drink;;;;;;;X;X
Product 221;Drink;;33;2881,67;2020/07/27;;S-18;X;X
Product 222;Snack;1,413.00;59;2,809.63;28/05/2020;Germany;;X;X
Product 223;Drink;3173,86;;;2021-03-26;France;S-40;X;X
Product 224;Food;4,754.16;;;06-11-2019;;;X;X
;Food;15,99;;3214,66;25-08-2022;France;;X;X
Product 226;Snack;2,453.46;52;411.73;2019-12-30;Germany;S-29;X;X
Product 227;Food;3549,95;NaN;2948;2022/10/10;Portugal;;X;X
Product 228;Food;2090;;3,667.49;25-05-2022;Portugal;S-15;X;X
Product 229;;3,066.89;92;;2018-06-27;Portugal;;X;X
Product 230;Drink;;NaN;;2019/09/16;France;;X;X
Product 231;Food;2,652.31;20;;2021-05-29;Portugal;;X;X
Product 232;Food;4,389.45;NaN;3879,42;2018-10-14;Portugal;;X;X
Product 233;Drink;;NaN;4254,28;03/05/2019;;S-38;X;X
Product 234;Food;;17;2773,38;2018-04-29;Portugal;;X;X
Product 235;Food;;75;3367,04;2022-01-09;Germany;;X;X
Product 236;Drink;1,477.09;;3,711.42;26-09-2019;;S-19;X;X
Product 237;;561;69;;2019/01/04;France;S-25;X;X
Product 238;Food;;NaN;;2022/02/22;Portugal;S-32;X;X
Product 239;Drink;;;;12-09-2019;Portugal;S-17;X;X
;Food;;;;;France;;X;X
Product 241;Food;4781,58;NaN;1,142.63;2023-01-01;Germany;S-32;X;X
Product 242;;;NaN;1092;2021-01-23;Germany;S-10;X;X
Product 243;Snack;;27;;2018/08/01;Portugal;S-36;X;X
Product 244;Snack;;;;05/01/2022;France;;X;X
Product 245;Drink;3,005.29;;2141;06-11-2023;France;;X;X
Product 246;Snack;144;NaN;1771,10;2022/07/23;Germany;;X;X
Product 247;Drink;;NaN;3243;2022-11-04;France;;X;X
Product 248;Snack;304;NaN;4157,39;2018/04/14;France;;X;X
Product 249;;1308;98;3393,88;05/08/2021;France;;X;X
Product 250;Drink;;;2741,99;2022-04-09;Germany;;X;X
Product 251;Snack;2126;;2,080.45;2021-10-05;;;X;X
Product 252;;4561;;1803,54;2023/08/18;Portugal;S-41;X;X
Product 253;Snack;2,427.53;;1757;16-04-2021;Germany;;X;X
Product 254;Food;1699,21;30;4455;2021-02-06;Germany;;X;X
;Food;;24;1558,15;07-04-2020;Portugal;S-26;X;X
Product 256;;1,106.55;NaN;2925;2019-08-19;Germany;;X;X
Product 257;Food;2680,07;34;3,874.18;09/03/2019;Portugal;;X;X
Product 258;Food;4739;NaN;;17/11/2019;Germany;;X;X
Product 259;Drink;646,08;;329,16;2018/11/15;France;S-48;X;X
Product 260;Snack;4751,39;NaN;1,859.01;;Germany;;X;X
Product 261;Drink;4012,06;12;2981,13;09-12-2020;Germany;;X;X
Product 262;Snack;3902;NaN;2201,09;26-07-2020;Germany;;X;X
Product 263;Food;4561,14;;2906,31;2022-09-30;;;X;X
Product 264;Drink;3,274.66;45;3709;2019/12/19;Portugal;;X;X
Product 265;Snack;1,810.49;;3,056.49;2022/02/14;Portugal;;X;X
Product 266;Snack;;24;2065;2024/02/09;;S-43;X;X
Product 267;Drink;4,298.61;;3,049.57;27-04-2024;Portugal;;X;X
Product 268;;1,450.94;96;669,66;10/09/2021;France;S-27;X;X
Product 269;Snack;4553;NaN;2249;2022/08/15;Portugal;;X;X
;Food;2,066.98;88;2817,46;2023-06-27;France;;X;X
Product 271;Snack;4700,07;NaN;;2018/08/21;;S-44;X;X
Product 272;Food;4227,41;;2177;09/08/2022;;;X;X
Product 273;Drink;;NaN;1856,75;2023/11/16;Portugal;S-17;X;X
Product 274;Snack;211;93;;08/03/2021;Portugal;S-9;X;X
Product 275;Food;1,507.33;;1,694.95;2019-08-22;France;;X;X
Product 276;Food;3,157.78;NaN;3689,05;2024-01-26;Germany;S-49;X;X
Product 277;Drink;168,89;13;;17-01-2019;;;X;X
Product 278;Snack;;;1,772.08;27-06-2018;Germany;S-9;X;X
Product 279;Snack;3,276.38;;4465;31/12/2019;France;;X;X
Product 280;Drink;4091;;262.19;;;;X;X
Product 281;Snack;4309,92;NaN;;2024/05/04;Portugal;S-34;X;X
Product 282;Drink;;NaN;178.89;2022-11-12;France;;X;X
Product 283;Snack;100.77;;4734,14;08-03-2020;Portugal;;X;X
Product 284;;;;;2019/01/17;Germany;S-4;X;X
;Snack;971;22;;2019-02-23;France;;X;X
Product 286;Food;;80;2210;30/01/2018;Germany;;X;X
Product 287;Food;2561,78;NaN;;2023/07/24;Portugal;S-50;X;X
Product 288;;;97;4,757.58;31/05/2024;France;;X;X
Product 289;Snack;1013;14;3860;24/05/2019;;;X;X
Product 290;Food;;;4712;06-02-2018;Germany;;X;X
Product 291;Food;;NaN;;01-10-2023;;S-40;X;X
Product 292;Snack;;;1,422.27;2018-05-30;Portugal;S-18;X;X
Product 293;Drink;;;2482,34;26-07-2023;Portugal;S-17;X;X
Product 294;Snack;1,422.11;;;05-09-2021;;;X;X
Product 295;Drink;;;2728,45;2019/01/17;Germany;;X;X
Product 296;;3637;NaN;1037,44;2022/01/23;Germany;;X;X
Product 297;;3813,50;;4281,23;29/04/2022;France;;X;X
Product 298;Food;2261,35;;15.30;2020/02/11;France;S-26;X;X
Product 299;Food;1,986.74;73;4011,02;28-07-2023;;S-33;X;X
;Food;;NaN;2,513.89;;France;S-19;X;X
Product 301;Drink;2815;55;1285,41;18-06-2021;Portugal;;X;X
Product 302;Food;1662,18;;;2018/09/15;Portugal;;X;X
Product 303;Snack;476.95;;48,15;13-10-2021;Portugal;;X;X
Product 304;Drink;;NaN;2884;2023/09/21;Portugal;;X;X
Product 305;;2967,05;NaN;2445;2018/01/29;;;X;X
Product 306;Drink;;45;;2019-05-07;France;S-25;X;X
Product 307;Food;2,617.03;NaN;1992,93;2024/07/30;Portugal;;X;X
Product 308;Snack;;NaN;;2024-09-09;France;S-39;X;X
Product 309;Snack;1260;NaN;1303;07-01-2022;Portugal;;X;X
Product 310;Food;3,702.56;39;4478,98;14/03/2018;Germany;;X;X
Product 311;Snack;;;1403;09-06-2019;Portugal;S-15;X;X
Product 312;Drink;4357;17;;21/07/2022;Portugal;;X;X
Product 313;Drink;;NaN;;2021-10-25;Germany;;X;X
Product 314;Food;2727;78;4,793.05;13/08/2018;Portugal;;X;X
;Snack;4,797.38;;625.69;2019/02/02;;;X;X
Product 316;;;52;;2020-10-13;France;;X;X
Product 317;Drink;2572,16;47;661,17;17-09-2023;France;S-16;X;X
Product 318;Drink;;5;93;18/05/2018;Portugal;;X;X
Product 319;Drink;;10;3902,61;2020-07-18;Germany;;X;X
Product 320;Drink;636,41;NaN;;;;;X;X
Product 321;;810,47;;96.64;2019/10/27;;S-21;X;X
Product 322;Food;;NaN;2616;08-08-2022;;S-42;X;X
Product 323;Drink;4348,75;;;22-05-2023;France;;X;X
Product 324;Snack;;37;1778;17-09-2022;Portugal;;X;X
Product 325;;;96;2923,63;22-01-2018;Portugal;;X;X
Product 326;Drink;;;3536;2021-04-18;Portugal;;X;X
Product 327;Snack;1997;NaN;;2018-08-20;;S-8;X;X
Product 328;Drink;587;21;4,516.13;2018-09-29;Germany;;X;X
Product 329;Food;3599;NaN;;09/04/2023;;S-1;X;X
;;2612;78;4896;26-04-2024;Portugal;;X;X
Product 331;Food;2,819.05;12;950,96;23/07/2023;Portugal;S-28;X;X
Product 332;;707.59;NaN;2,661.21;2019/12/22;Germany;;X;X
Product 333;Drink;4014;51;1166;2023/11/30;Germany;S-37;X;X
Product 334;Drink;2596;;;2021-12-09;France;S-8;X;X
Product 335;;2,360.55;NaN;421;29-10-2021;Portugal;S-22;X;X
Product 336;Snack;4,681.01;78;1,518.30;28/05/2018;;;X;X
Product 337;Snack;;NaN;3,659.59;23/11/2020;;;X;X
Product 338;Drink;;NaN;;2021-03-05;Germany;;X;X
Product 339;Drink;;74;;2022-12-04;;;X;X
Product 340;Food;335,24;;3855,68;;France;;X;X
Product 341;Drink;1,559.20;NaN;3102,40;2018-07-24;Portugal;;X;X
Product 342;;996,34;85;;2020/08/13;Germany;S-13;X;X
Product 343;Snack;2688;;;2023-07-10;Germany;S-28;X;X
Product 344;Snack;;NaN;;02/10/2021;France;;X;X
;Food;2972,27;;1,961.73;2020/06/17;France;;X;X
Product 346;Snack;1,752.26;86;523.44;2024/08/24;;;X;X
Product 347;Snack;1724,79;;3,269.62;27-09-2020;France;S-42;X;X
Product 348;;4639;24;3552,40;10-03-2021;Portugal;S-24;X;X
Product 349;Snack;;NaN;65;2022-03-16;Portugal;;X;X
Product 350;Food;2922;51;4,662.43;26/10/2022;France;S-29;X;X
Product 351;Food;;6;3211;2022/07/06;;;X;X
Product 352;Snack;4,671.54;98;785.35;04/05/2020;Portugal;;X;X
Product 353;Drink;387.38;59;1477,01;09-09-2023;;S-8;X;X
Product 354;Snack;514.88;;1,586.72;19-04-2020;Germany;S-26;X;X
Product 355;Food;1399;NaN;;13/07/2024;Germany;;X;X
Product 356;Food;2,818.30;23;2459,70;2020-10-28;France;;X;X
Product 357;;;NaN;;2018/09/19;Germany;S-10;X;X
Product 358;Snack;1650;NaN;221,12;2019/07/15;Germany;S-26;X;X
Product 359;Snack;;;;2022/09/11;Portugal;;X;X
;;1046,53;;;;France;;X;X
Product 361;Food;3,916.82;NaN;2,510.19;20-02-2019;;;X;X
Product 362;;456.69;61;3,528.40;2021-12-19;France;S-46;X;X
Product 363;Drink;;NaN;;2022/11/03;France;S-45;X;X
Product 364;Snack;4373;;1,802.67;16/05/2020;;;X;X
Product 365;Food;388,94;;3,777.30;2018/04/16;France;;X;X
Product 366;;;80;2783;2021-04-23;France;;X;X
Product 367;Food;;;1252,71;14-07-2022;;S-21;X;X
Product 368;Drink;1635,45;60;3139;2022-02-23;;;X;X
Product 369;Snack;;16;3609;04/02/2021;France;;X;X
Product 370;;;;88.81;27/04/2022;Germany;;X;X
Product 371;Food;3531;NaN;;12/02/2023;Germany;S-26;X;X
Product 372;Snack;1558;80;968.19;20-10-2021;;;X;X
Product 373;Snack;2,653.43;NaN;;06/10/2020;France;S-50;X;X
Product 374;Food;4776;64;;2018-06-01;;S-31;X;X
;Snack;;81;3013,37;08/07/2024;France;;X;X
Product 376;Snack;;;2615;2019/09/28;Germany;S-6;X;X
Product 377;;3475;NaN;;2018-10-25;France;;X;X
Product 378;Snack;;NaN;4,982.16;27-04-2023;Germany;;X;X
Product 379;;3,260.46;;;2019/04/30;France;S-17;X;X
Product 380;Snack;126;NaN;3,968.28;;France;;X;X
Product 381;Drink;4276;NaN;916.54;12/12/2021;;S-8;X;X
Product 382;Drink;3,642.46;NaN;4328;24-10-2022;;;X;X
Product 383;;3,084.87;;3,313.98;2020-09-18;Germany;S-16;X;X
Product 384;;1,912.29;97;110,80;2023/06/04;Portugal;S-9;X;X
Product 385;Drink;4665,96;NaN;2331,48;2019-10-05;;;X;X
Product 386;Snack;979;NaN;3089;2019/03/03;;;X;X
Product 387;;2630,01;;;2019-06-26;;;X;X
Product 388;Food;2930;;2581,93;04/07/2024;;S-48;X;X
Product 389;Snack;470;;378,51;11/11/2022;Portugal;S-29;X;X
;Snack;4579,04;NaN;2,578.07;2022-09-16;;;X;X
Product 391;Drink;3033,87;38;4,560.14;24-06-2024;Germany;;X;X
Product 392;;;90;4649;11-06-2018;Germany;;X;X
Product 393;Snack;1991;;4046,86;2020/02/18;Germany;S-45;X;X
Product 394;;1370,87;;896.74;2022-01-30;France;;X;X
Product 395;;4855,70;7;3014;2020-08-10;Germany;S-2;X;X
Product 396;;;49;1735,31;07/04/2018;Germany;;X;X
Product 397;Drink;;;2,539.76;17-05-2024;Germany;S-11;X;X
Product 398;;;;3893,70;26-01-2024;Germany;S-45;X;X
Product 399;Drink;3749,68;;;2020/03/07;Portugal;S-47;X;X
Product 400;Food;190,97;;3763;;;;X;X
Product 401;Snack;3,064.60;;723;2024/09/03;;S-33;X;X
Product 402;Snack;3,528.20;NaN;118;16/02/2019;Germany;;X;X
Product 403;Food;4,354.57;NaN;1,111.87;2020-07-11;France;;X;X
Product 404;Drink;414,12;NaN;229.12;2023/04/19;Germany;;X;X
;Snack;280,24;;2974,16;01-04-2022;France;;X;X
Product 406;Drink;1571;NaN;3251,83;2021/05/20;France;;X;X
Product 407;Drink;4,917.02;NaN;;17-10-2020;;;X;X
Product 408;Drink;3275,53;;2236;2023-06-28;France;;X;X
Product 409;Food;1663;NaN;1670,24;24-10-2024;Germany;;X;X
Product 410;Food;4,488.68;;3,886.51;04/11/2020;;;X;X
Product 411;Drink;4528;NaN;4859;2019/07/14;;S-30;X;X
Product 412;;;95;;22/08/2022;Portugal;;X;X
Product 413;Food;2081,89;;3,564.90;2023/09/13;Portugal;;X;X
Product 414;;324.77;;;06-10-2018;Portugal;;X;X
Product 415;;3644,79;83;;27/04/2018;Germany;S-43;X;X
Product 416;Drink;862,93;NaN;339.81;25/03/2019;Germany;;X;X
Product 417;;1,377.63;;;2018-09-18;France;S-12;X;X
Product 418;;;;1404;2021/05/13;;S-48;X;X
Product 419;;864,84;;3822,40;27/06/2019;Portugal;S-48;X;X
;Drink;1555;64;4,154.88;;;;X;X
Product 421;Drink;;NaN;749;2024-01-26;Portugal;;X;X
Product 422;Food;2840,87;NaN;2183,68;2021/06/30;;;X;X
Product 423;Food;;;3,206.32;2021-02-03;Portugal;;X;X
Product 424;;440,81;NaN;4803;29/09/2020;France;;X;X
Product 425;Drink;912,50;NaN;;2023/05/08;Portugal;S-18;X;X
Product 426;Drink;928,29;;1508;2019/02/25;;;X;X
Product 427;;3833,61;NaN;375.97;09-11-2020;France;;X;X
Product 428;Food;1087;;3476;25/10/2020;Germany;S-3;X;X
Product 429;Drink;2,301.75;43;;2019/09/28;Portugal;S-18;X;X
Product 430;Food;1,538.91;;;23/02/2022;France;;X;X
Product 431;;3,737.04;;;13-07-2019;Portugal;;X;X
Product 432;Drink;;71;;31/10/2018;France;;X;X
Product 433;;3,529.57;;3348,49;08-02-2018;Portugal;;X;X
Product 434;Snack;1394;68;2977;2021/05/24;;;X;X
;;2,069.91;48;128,25;2018-11-17;Germany;;X;X
Product 436;;1,364.00;69;307.01;17-04-2021;;;X;X
Product 437;;885;NaN;1,637.02;02-11-2019;Portugal;;X;X
Product 438;Drink;;;4524;13/09/2023;France;;X;X
Product 439;;;NaN;;2019/06/22;France;S-3;X;X
Product 440;;1775;25;;;;S-40;X;X
Product 441;Snack;;NaN;;16/08/2021;Germany;;X;X
Product 442;Drink;4,147.50;16;;2023-11-04;;;X;X
Product 443;Snack;;NaN;1642,42;2019-11-09;;S-34;X;X
Product 444;;778.52;;670;13-11-2022;Portugal;;X;X
Product 445;Drink;;NaN;;2018/08/23;Portugal;;X;X
Product 446;Snack;1734;NaN;3809;2018-02-18;Germany;;X;X
Product 447;;1037;36;1,722.75;01/07/2024;Portugal;;X;X
Product 448;Food;453.79;61;2258,52;29-09-2022;Germany;;X;X
Product 449;Snack;;59;3,897.78;2018-06-21;France;;X;X
;Drink;1304,23;;2090;10/04/2023;France;S-26;X;X
Product 451;Snack;2,585.15;;;2018/11/08;Portugal;S-13;X;X
Product 452;Snack;;NaN;4,820.56;2018/12/22;;;X;X
Product 453;Snack;2934;50;;2023/03/25;;S-1;X;X
Product 454;Food;2818,85;NaN;;2020-11-26;;;X;X
Product 455;Drink;1611,86;33;893;2018-09-12;Germany;;X;X
Product 456;Drink;3147,36;41;3808;2021/07/25;Portugal;S-14;X;X
Product 457;Drink;;NaN;3371;2020-10-20;Germany;;X;X
Product 458;;1673,56;;69;25/10/2019;Germany;;X;X
Product 459;Drink;935;NaN;2,920.73;01-11-2019;;;X;X
Product 460;Drink;;NaN;3025;;Germany;S-21;X;X
Product 461;Food;2733,89;NaN;3100;10/05/2021;France;;X;X
Product 462;;;;1184;26/06/2020;Portugal;;X;X
Product 463;;;27;3,141.90;17/12/2022;;;X;X
Product 464;Snack;;;906,01;2021/05/01;;;X;X
;;4170;;4280;2022-01-10;France;;X;X
Product 466;;3616;;2190;27/06/2020;Portugal;S-26;X;X
Product 467;Food;;NaN;1285;01-06-2021;;;X;X
Product 468;Drink;1,500.87;;;2022/10/05;Portugal;S-43;X;X
Product 469;;3815,86;96;1,790.25;2024/07/22;France;;X;X
Product 470;;2104;32;3051,67;21/01/2020;France;S-35;X;X
Product 471;Food;;;;2019/09/12;;;X;X
Product 472;;2,965.38;NaN;1,925.45;27-03-2020;France;S-4;X;X
Product 473;;2561;;4174,11;2023/05/02;Portugal;;X;X
Product 474;Food;4,432.98;34;1,362.80;10/01/2020;Germany;;X;X
Product 475;Snack;4,757.47;NaN;2557;12-08-2022;France;;X;X
Product 476;Snack;649;19;4,523.50;16-09-2018;;;X;X
Product 477;;3942,85;NaN;;2021/03/25;;;X;X
Product 478;;4851;37;313;2020/09/15;Germany;;X;X
Product 479;Drink;3,964.32;7;3,846.55;2019/05/15;;;X;X
;;;3;1357;;;;X;X
Product 481;Drink;;;1,123.55;2022/01/11;France;S-31;X;X
Product 482;Snack;4.22;56;;16/07/2022;Portugal;S-42;X;X
Product 483;;1,002.03;NaN;4,492.94;2022-05-16;Germany;S-7;X;X
Product 484;;1506,41;NaN;2745;2021/08/15;Germany;S-14;X;X
Product 485;Food;922.97;;1,351.58;2020/07/26;Portugal;;X;X
Product 486;;2,182.74;;4015,63;2021/12/25;Portugal;;X;X
Product 487;Snack;770;NaN;779;2024/01/27;Germany;;X;X
Product 488;;24.72;NaN;4100,65;2024-05-30;France;;X;X
Product 489;Drink;;;;2023-12-09;;;X;X
Product 490;;;NaN;;2020/06/19;Germany;;X;X
Product 491;Drink;;61;3513,04;17-04-2023;;;X;X
Product 492;Food;;67;;2020/10/29;Portugal;S-23;X;X
Product 493;;3531,12;31;2002;2024/06/22;Portugal;;X;X
Product 494;Food;1937;55;4,690.48;2024/03/22;Germany;S-50;X;X
;Food;3,815.22;;2438;2020-05-16;Germany;;X;X
Product 496;;1999;;;2019-05-22;France;;X;X
Product 497;Drink;;NaN;518;2020-07-02;Germany;S-42;X;X
Product 498;;2984,69;;;23/12/2023;Portugal;;X;X
Product 499;Drink;1734,34;;967,64;2019-08-17;;;X;X
Product 500;Food;1,108.47;NaN;;;Portugal;;X;X
Product 501;Snack;3839;;;2020-02-03;Germany;;X;X
Product 502;;1811,40;;;2022-10-15;Germany;;X;X
Product 503;Snack;;NaN;;28-01-2023;Portugal;;X;X
Product 504;Drink;4,572.93;88;4,223.72;2019/07/25;;S-36;X;X
Product 505;;690.40;53;;10-01-2019;;S-47;X;X
Product 506;Snack;221;;987;2020-04-27;Germany;S-23;X;X
Product 507;Snack;2177;NaN;100.26;04/05/2018;France;;X;X
Product 508;;1,920.33;NaN;4529,02;28/09/2024;Germany;S-6;X;X
Product 509;Snack;2128;;;2020-06-13;Portugal;;X;X
;;;;4335,67;11-08-2019;Portugal;;X;X
Product 511;Snack;;;2120;27/08/2021;Portugal;;X;X
Product 512;Food;;NaN;;2023-08-13;Germany;;X;X
Product 513;;3411,70;NaN;;2018-01-07;France;;X;X
Product 514;Food;2324,61;88;;2022/12/26;Germany;S-17;X;X
Product 515;Food;1731,43;NaN;861,46;17-02-2024;Portugal;;X;X
Product 516;Snack;;24;2,511.04;2018-11-06;France;S-20;X;X
Product 517;Drink;4017,75;;1,560.10;2021/12/30;;;X;X
Product 518;Food;804.42;13;;2023/11/12;Germany;;X;X
Product 519;Food;;73;;2018/06/01;France;;X;X
Product 520;Food;3431,49;17;;;;;X;X
Product 521;Drink;;;;2020-10-04;Portugal;;X;X
Product 522;Drink;2112,29;;460;23-08-2018;Germany;S-27;X;X
Product 523;Food;1514;NaN;2594;03-08-2022;;;X;X
Product 524;Drink;3710,33;NaN;2,301.27;2021-09-16;France;;X;X
;Drink;;NaN;1669;12/07/2021;Portugal;;X;X
Product 526;Drink;;NaN;3,459.28;13-10-2020;;S-35;X;X
Product 527;;3560;95;4,783.02;30/09/2019;;;X;X
Product 528;Food;558.36;;2988,28;16/09/2020;;S-1;X;X
Product 529;Drink;;NaN;4905,43;13-05-2020;Portugal;;X;X
Product 530;;4351,57;58;3,925.74;04-02-2021;Portugal;S-8;X;X
Product 531;Snack;751;NaN;1461,57;2024/06/05;Portugal;;X;X
Product 532;Snack;4741;65;;2020/12/31;France;S-50;X;X
Product 533;Drink;;NaN;1195;2022/11/01;Portugal;S-47;X;X
Product 534;Food;;9;1346;25/04/2024;Germany;;X;X
Product 535;Drink;1408,57;;2391,66;2018/03/03;;S-6;X;X
Product 536;Snack;;;4820;2021/05/16;Germany;;X;X
Product 537;Food;1835;16;4,379.04;30-07-2018;Germany;;X;X
Product 538;Food;1261;;4287,47;19/05/2020;Portugal;S-38;X;X
Product 539;Snack;3374,98;;2786;17-02-2022;Portugal;S-28;X;X
;;2,713.74;;421,23;;Portugal;;X;X
Product 541;;;68;3910,94;2024-09-28;France;;X;X
Product 542;Drink;87;NaN;2254,73;02/08/2022;Portugal;S-17;X;X
Product 543;Food;1488,42;NaN;;22-08-2018;;S-17;X;X
Product 544;Drink;2978;;3,265.80;07/05/2023;;;X;X
Product 545;Food;;NaN;4133,54;28/08/2022;France;S-36;X;X
Product 546;Snack;1243,13;NaN;;01/02/2022;Portugal;S-43;X;X
Product 547;Food;2,674.93;26;4508;10/05/2020;France;;X;X
Product 548;Food;;;1,563.57;12-06-2018;France;S-13;X;X
Product 549;Snack;2155;;965;08/09/2022;France;;X;X
Product 550;;;60;806;26/01/2023;Portugal;S-43;X;X
Product 551;Snack;3,444.96;;4,938.60;2021-10-24;;;X;X
Product 552;Food;;;4,804.99;2023-06-18;Germany;;X;X
Product 553;Snack;203;NaN;1,215.37;12/10/2018;Portugal;;X;X
Product 554;Food;1,863.98;;4076,75;2018-06-02;Germany;S-18;X;X
;;3046,77;NaN;165.32;2024/03/02;France;;X;X
Product 556;;1909,56;;1686;07-07-2018;Germany;S-29;X;X
Product 557;Food;1688;NaN;;05/02/2022;France;S-12;X;X
Product 558;;2112,65;NaN;1637,53;18/06/2019;France;S-7;X;X
Product 559;Snack;919;2;1461;16/05/2023;Germany;;X;X
Product 560;;3607,97;;;;France;S-30;X;X
Product 561;Drink;;NaN;2,356.13;2021/07/03;France;S-50;X;X
Product 562;;4,825.80;NaN;;24/08/2024;Germany;S-29;X;X
Product 563;Drink;2854;;;17-09-2018;Portugal;S-34;X;X
Product 564;Snack;3,077.91;NaN;2,664.30;2023/10/07;;;X;X
Product 565;;3471,29;;1,848.45;31-08-2023;Germany;S-47;X;X
Product 566;;;NaN;933,05;31-08-2023;Germany;;X;X
Product 567;;;;4,494.85;2020/04/20;France;S-22;X;X
Product 568;Snack;1,373.93;NaN;1648;2018/08/06;France;;X;X
Product 569;Snack;1384,27;;1,941.76;11-08-2020;Germany;;X;X
;Drink;3,023.11;;;18-05-2023;Germany;S-29;X;X
Product 571;Food;3391;NaN;3,080.39;05-12-2022;France;;X;X
Product 572;Snack;25.26;NaN;;19/02/2018;Germany;S-41;X;X
Product 573;;;;1176;24/05/2023;;;X;X
Product 574;Drink;3286;NaN;4914;17-12-2022;Germany;S-50;X;X
Product 575;;1335;28;3596,78;02/05/2023;Portugal;;X;X
Product 576;;485.74;26;;2024-03-25;;;X;X
Product 577;Snack;90;81;4,654.31;11-04-2020;France;;X;X
Product 578;Food;1105;NaN;;2022-12-21;Germany;S-6;X;X
Product 579;;;;4,297.18;2024/06/13;;;X;X
Product 580;Snack;2939;NaN;2822,69;;Portugal;;X;X
Product 581;Drink;;44;1885,04;2022/07/14;France;S-23;X;X
Product 582;;4649,36;NaN;1373;2018-05-16;Germany;;X;X
Product 583;Drink;1714;80;734.11;03/02/2020;France;;X;X
Product 584;Snack;;NaN;3781,74;10-10-2021;France;;X;X
;Snack;;47;3,071.03;26/11/2023;France;S-21;X;X
Product 586;Snack;1,053.19;NaN;1331;16/12/2019;France;S-49;X;X
Product 587;Snack;3364;5;4785;18-01-2021;Portugal;;X;X
Product 588;Snack;2014,69;NaN;;30/05/2018;Germany;;X;X
Product 589;Food;3156;NaN;2,707.48;2021-06-07;Portugal;S-39;X;X
Product 590;Drink;415;;298.77;16/11/2022;France;S-19;X;X
Product 591;Food;1520;26;2,513.20;21/03/2022;Portugal;S-12;X;X
Product 592;Drink;;NaN;4374,26;18/02/2022;Germany;;X;X
Product 593;;147.82;22;692,02;2022/06/12;Germany;S-30;X;X
Product 594;;;;1,077.65;2021-06-19;;;X;X
Product 595;Drink;2076,96;;3,616.48;15-01-2021;;;X;X
Product 596;;3756;1;2937,62;01-07-2023;Portugal;;X;X
Product 597;;;;524,27;2021/04/16;;;X;X
Product 598;;;NaN;3905;2024/05/24;Germany;S-40;X;X
Product 599;Food;4,605.88;76;3108;13/05/2019;;S-43;X;X
;Food;1892,14;;;;;;X;X
Product 601;Snack;484.90;8;393,13;2022-04-02;Germany;;X;X
Product 602;Drink;1056,53;;;2024-01-28;Portugal;S-20;X;X
Product 603;;2,853.73;27;2,564.29;28/07/2024;Portugal;;X;X
Product 604;Drink;;4;190,61;2019-11-12;;;X;X
Product 605;Snack;2750;NaN;30;03-12-2022;Portugal;S-50;X;X
Product 606;Snack;;;3410;2021/03/13;Germany;S-33;X;X
Product 607;;4502;28;4350,86;2023-11-28;France;S-27;X;X
Product 608;Snack;1597;;396.22;2023/05/03;Germany;;X;X
Product 609;;3151;1;592;24/12/2021;;;X;X
Product 610;Snack;;38;1,056.12;06/10/2021;France;;X;X
Product 611;Snack;;26;2081;2024-09-26;Portugal;;X;X
Product 612;;;NaN;2,468.00;2020/01/18;Portugal;;X;X
Product 613;Snack;;NaN;928,83;10/08/2021;France;S-48;X;X
Product 614;Snack;784.84;NaN;598;2021-08-07;France;;X;X
;Snack;2000,27;NaN;1330;23/04/2018;France;;X;X
Product 616;Drink;2663;17;3,097.25;28-07-2018;Portugal;S-5;X;X
Product 617;Food;3,814.67;NaN;;31-03-2020;Portugal;;X;X
Product 618;Drink;3416,76;NaN;2976,17;2022-08-05;Portugal;;X;X
Product 619;Snack;;NaN;2981,57;16-12-2019;Germany;S-25;X;X
Product 620;Food;;31;3011,34;;Portugal;S-21;X;X
Product 621;Drink;944,37;;1174;25-10-2023;France;;X;X
Product 622;Drink;3,094.38;;;18/08/2018;Germany;;X;X
Product 623;Drink;3048,53;;1,584.97;20/10/2020;;;X;X
Product 624;;;NaN;90;2019/04/11;Portugal;;X;X
Product 625;Snack;4727;;4891;14/08/2023;Portugal;;X;X
Product 626;Snack;3,049.06;;2,710.17;14/07/2022;Germany;S-26;X;X
Product 627;Food;;;3930,88;12/06/2018;Portugal;;X;X
Product 628;Drink;3421;NaN;4505,21;2019/05/30;;;X;X
Product 629;Snack;;NaN;4449,27;20-11-2023;France;S-45;X;X
;Drink;2,760.29;;2102,73;2023/03/22;Germany;S-34;X;X
Product 631;Snack;4,251.55;;537,07;05-07-2020;Germany;S-15;X;X
Product 632;Drink;2,288.84;NaN;1,701.64;2018/04/03;Germany;;X;X
Product 633;Snack;876.05;42;;26/08/2023;;S-8;X;X
Product 634;Food;1613;68;;15-09-2020;Germany;S-6;X;X
Product 635;Drink;324,06;48;1459;2019-07-17;Portugal;;X;X
Product 636;Snack;;69;1,819.59;2022/12/03;Germany;;X;X
Product 637;Food;;63;;27-01-2018;Germany;S-11;X;X
Product 638;Food;4,948.57;87;1037,87;2018/06/12;;S-45;X;X
Product 639;Snack;4864,03;NaN;;2023-03-19;Germany;;X;X
Product 640;Drink;4018;;166,86;;;;X;X
Product 641;;4,360.43;36;1858;2023-12-29;France;S-3;X;X
Product 642;Food;1224,32;;1007,31;2022/05/16;Germany;;X;X
Product 643;Food;34,42;NaN;1,794.06;22/10/2018;Germany;;X;X
Product 644;Snack;;44;3971;2018-12-12;;;X;X
;;;;4,826.16;02/02/2021;Germany;;X;X
Product 646;;4310,84;;4635,33;02-05-2024;;;X;X
Product 647;;3915;;4320;10/01/2023;;;X;X
Product 648;Snack;4416,79;NaN;;05-03-2018;;;X;X
Product 649;Drink;3578,97;NaN;;01-11-2020;Portugal;S-16;X;X
Product 650;Food;2192,61;93;1381;24-02-2024;;S-7;X;X
Product 651;Snack;;;1613,52;16-04-2020;France;;X;X
Product 652;;4141,54;76;3,415.77;29-04-2021;Germany;S-1;X;X
Product 653;Food;;32;814;2018-11-10;Germany;;X;X
Product 654;Food;2142,94;66;157;2023-02-10;;;X;X
Product 655;;518;;;05-12-2019;;;X;X
Product 656;;3789,70;NaN;3783;2023/02/15;;S-20;X;X
Product 657;Food;3609;;498.71;17-05-2019;France;;X;X
Product 658;Food;2064;;1848,03;2022/10/05;France;;X;X
Product 659;Drink;709.75;NaN;3,133.83;03/08/2021;Portugal;S-36;X;X
;Drink;3,977.77;;2565,46;;Portugal;;X;X
Product 661;Snack;1322;NaN;;2020-06-21;;S-29;X;X
Product 662;Food;3210,18;44;2488,07;04/08/2022;Germany;;X;X
Product 663;Drink;;;3122;2023-05-31;;;X;X
Product 664;Food;3762;NaN;775;2021-04-18;Germany;;X;X
Product 665;;;NaN;;2021-03-12;France;S-35;X;X
Product 666;Drink;;95;2653,22;2023/11/08;Portugal;S-5;X;X
Product 667;;3497;;1,305.81;01/09/2022;Germany;S-14;X;X
Product 668;;2,972.14;95;3,030.54;31/08/2020;Germany;;X;X
Product 669;;740;NaN;2949,58;25/04/2020;France;;X;X
Product 670;Snack;129;NaN;4,983.09;27-03-2019;;;X;X
Product 671;;2817;;1632;05/08/2023;Portugal;S-44;X;X
Product 672;Snack;1,533.31;NaN;2,420.34;2024-07-07;;S-5;X;X
Product 673;Food;2838;38;3043,69;23/05/2018;Germany;S-28;X;X
Product 674;Food;;;958,64;27/01/2023;;S-27;X;X
;Drink;3,366.39;;;10-06-2021;Portugal;;X;X
Product 676;Drink;3,718.67;NaN;1030,75;2018/08/30;France;;X;X
Product 677;Snack;732;;767;2019/05/03;Portugal;;X;X
Product 678;Food;4295;NaN;;20/12/2018;Germany;;X;X
Product 679;Drink;3183,81;90;2834;03-08-2018;France;;X;X
Product 680;Drink;4254;;2,596.81;;;S-25;X;X
Product 681;Drink;741,82;NaN;;2021/05/03;France;;X;X
Product 682;Food;;10;;12/02/2022;;;X;X
Product 683;Drink;2,384.87;NaN;4736,79;2024-09-21;Portugal;S-48;X;X
Product 684;Food;4,862.02;NaN;4018;02/02/2018;France;;X;X
Product 685;;2935;;4875;07/12/2021;France;;X;X
Product 686;;;;3456,81;2018/03/24;;S-32;X;X
Product 687;;;;4621,00;2023-05-13;France;;X;X
Product 688;Snack;;;1597,10;17/03/2024;Portugal;;X;X
Product 689;Food;;;2,767.76;09/07/2024;;;X;X
;Drink;71,16;;;28-09-2019;Germany;;X;X
Product 691;Snack;1711;NaN;374,83;2020-09-18;Portugal;S-14;X;X
Product 692;Snack;1,032.15;;11;2020-04-22;Germany;S-10;X;X
Product 693;;1391,58;NaN;2573;28/07/2023;;S-41;X;X
Product 694;Food;3249;16;1522,10;2023-07-29;Germany;S-14;X;X
Product 695;Drink;2493,95;NaN;3,618.67;2022/08/05;;;X;X
Product 696;Snack;4,199.89;58;3410;2019/08/28;Portugal;S-20;X;X
Product 697;Drink;3706;NaN;2531,68;2022-07-08;;;X;X
Product 698;;;76;41;2019/08/24;Germany;;X;X
Product 699;Food;3132;NaN;3,391.92;2023-06-24;Portugal;S-23;X;X
Product 700;Drink;2537;NaN;1,591.63;;Germany;;X;X
Product 701;Drink;2766,42;5;;11/11/2019;Portugal;;X;X
Product 702;Snack;4852,19;64;730;2020-02-17;;S-49;X;X
Product 703;Drink;2,233.16;;2156;2022-09-24;Germany;;X;X
Product 704;Food;1,223.46;;1,344.65;2020-03-26;Germany;;X;X
;Food;3,448.50;;;19/01/2024;Portugal;;X;X
Product 706;Drink;;;306,23;03-03-2022;Portugal;;X;X
Product 707;Snack;887;NaN;3,060.76;2020-09-12;Portugal;S-21;X;X
Product 708;Snack;2759,88;;605.79;2018/12/24;Germany;;X;X
Product 709;;3715,55;;2944,07;30/03/2018;Germany;;X;X
Product 710;Food;4,530.70;93;;2019/01/22;France;;X;X
Product 711;;2612,79;;547,95;2020-05-09;Portugal;;X;X
Product 712;Snack;1,038.66;17;4424;2023-09-16;Germany;S-41;X;X
Product 713;;;NaN;2,575.53;2021-03-04;;;X;X
Product 714;Snack;2321,36;;787,75;20-10-2019;Portugal;;X;X
Product 715;;1594,29;;2994;2022-08-18;;;X;X
Product 716;;982,13;16;4,640.39;27-03-2023;Germany;;X;X
Product 717;Food;;;;2024-02-14;Portugal;S-16;X;X
Product 718;Food;986.98;76;4,066.84;23/11/2019;;;X;X
Product 719;;2991;44;;02/10/2020;Germany;;X;X
;Snack;;;4981;;Germany;;X;X
Product 721;Snack;4305,70;;2581,32;2020/06/16;;S-12;X;X
Product 722;Food;;NaN;9,23;2022/03/09;Germany;;X;X
Product 723;Food;3,886.98;94;823.48;18/07/2019;Germany;S-7;X;X
Product 724;Drink;;;1096,25;2020-04-21;Germany;S-30;X;X
Product 725;Food;4961;16;;10-05-2023;France;;X;X
Product 726;Snack;3772;100;;2023-10-19;;S-2;X;X
Product 727;Food;2,463.03;63;1686;10/05/2022;;;X;X
Product 728;Drink;;;;2019/04/03;France;;X;X
Product 729;;2571;;3,252.69;18-10-2019;Portugal;;X;X
Product 730;;1,321.00;26;933.80;2022/08/28;Portugal;S-45;X;X
Product 731;Snack;1705;;1941;2022/11/04;;;X;X
Product 732;Drink;3129,61;NaN;497.20;2022-11-29;Germany;S-2;X;X
Product 733;;4,886.14;81;;11-05-2023;Germany;;X;X
Product 734;;2437;36;4,454.64;2019-09-10;Germany;S-5;X;X
;Food;;NaN;4009,77;2020-11-08;France;;X;X
Product 736;;2,478.94;7;3749;01/08/2022;Portugal;S-37;X;X
Product 737;Snack;;;3312,30;2021-07-06;Germany;;X;X
Product 738;;3364,88;;1,568.91;2019-07-24;Portugal;;X;X
Product 739;Snack;;72;2562,19;08/03/2021;France;;X;X
Product 740;Snack;1,712.16;;1713;;Germany;S-28;X;X
Product 741;Food;967,98;NaN;37;2018-12-04;Portugal;;X;X
Product 742;Drink;3,814.26;;809,05;2022-03-26;Portugal;;X;X
Product 743;Snack;1536;56;2,179.97;2019/05/15;Germany;;X;X
Product 744;;;;1986;2018-10-11;;S-14;X;X
Product 745;;514;NaN;;2022/05/16;;;X;X
Product 746;Snack;4,637.76;28;895,64;2021/08/10;Portugal;S-28;X;X
Product 747;;2,855.04;NaN;;24/08/2023;;S-8;X;X
Product 748;Food;1,618.83;NaN;925;2018-01-27;;;X;X
Product 749;;3,831.99;;4767,48;2024/06/03;France;;X;X
;Food;4,261.79;NaN;4767;21/09/2018;Portugal;S-24;X;X
Product 751;Snack;;NaN;2915;2021/01/12;Germany;;X;X
Product 752;Snack;;;3705,78;2022-01-11;;S-42;X;X
Product 753;Snack;3898;98;1865;2022-03-18;France;;X;X
Product 754;Food;1143;NaN;455;2024/09/09;;;X;X
Product 755;;2359;75;2964;2022/07/28;France;S-49;X;X
Product 756;Food;1853;NaN;;10-10-2020;France;S-7;X;X
Product 757;;1668;NaN;1279;11/01/2018;France;;X;X
Product 758;;4146;;702,80;11-06-2020;Germany;S-33;X;X
Product 759;Food;;26;2,419.57;26/10/2024;Portugal;;X;X
Product 760;Drink;;61;2,758.45;;Germany;;X;X
Product 761;Snack;;;;20/01/2020;Portugal;;X;X
Product 762;;;;4,630.92;26/11/2019;France;;X;X
Product 763;;1,768.06;;2832,62;08-04-2022;Germany;;X;X
Product 764;Food;4874;99;3315,77;2022-12-06;Portugal;;X;X
;Drink;97.40;NaN;4455,60;2024/09/13;Portugal;;X;X
Product 766;Snack;1043;NaN;;2020/04/14;;;X;X
Product 767;Drink;1473;NaN;;2019/08/24;Germany;;X;X
Product 768;Snack;;30;1571,79;29-09-2018;;;X;X
Product 769;;3954;NaN;3,268.86;2018-09-03;Portugal;;X;X
Product 770;;2,790.34;50;3,594.97;2020/02/27;France;S-47;X;X
Product 771;Food;;NaN;163;2023-08-13;;;X;X
Product 772;Food;4282,02;88;4205,04;2019-10-06;Germany;;X;X
Product 773;Drink;372.13;NaN;4,937.69;2022/03/10;Portugal;;X;X
Product 774;Drink;;;533;05/12/2021;France;;X;X
Product 775;Snack;;NaN;;17/12/2020;Germany;S-32;X;X
Product 776;Food;4760,23;NaN;685;06-01-2018;Germany;;X;X
Product 777;;;NaN;1,135.68;20/05/2019;Portugal;S-38;X;X
Product 778;Food;;NaN;302.31;2018-02-23;Germany;;X;X
Product 779;Drink;;87;1403,14;2022-07-14;Portugal;;X;X
;Food;296,58;12;1098,03;;Portugal;;X;X
Product 781;;3198;;577.84;2024-03-26;;;X;X
Product 782;Food;;NaN;;2021-06-18;Germany;;X;X
Product 783;Drink;4618,03;NaN;1511;01/03/2019;;;X;X
Product 784;;2359,20;11;924;26/09/2018;;S-39;X;X
Product 785;Snack;;;;2022-04-27;France;S-39;X;X
Product 786;Snack;4,121.55;27;2510,86;2018-07-24;;;X;X
Product 787;;2,949.04;6;4822;2022-10-08;;S-43;X;X
Product 788;;;;1,679.09;18/07/2018;Germany;;X;X
Product 789;;1226;7;;29-05-2024;Portugal;S-12;X;X
Product 790;Drink;2783;NaN;4828,89;2023/04/16;;;X;X
Product 791;;3,447.85;NaN;4,712.13;10-09-2022;France;;X;X
Product 792;Drink;3860,50;NaN;2137;2022-12-03;Germany;;X;X
Product 793;;4353;NaN;;2020/03/04;France;;X;X
Product 794;Drink;4786;NaN;;29/05/2024;Germany;;X;X
;Drink;;56;;06-03-2019;France;S-29;X;X
Product 796;Food;3,736.37;NaN;3479;11/08/2020;;S-47;X;X
Product 797;Snack;;6;;29/05/2021;Germany;;X;X
Product 798;;1138;NaN;3239;2022/02/09;;S-33;X;X
Product 799;Snack;1665;86;389.28;2022/12/15;Portugal;S-25;X;X
Product 800;Snack;1276,79;NaN;;;Germany;S-13;X;X
Product 801;Food;;;3454;2024-06-18;;;X;X
Product 802;Snack;;67;;2024/01/29;Germany;;X;X
Product 803;Snack;3990,48;84;;2022/12/07;;S-36;X;X
Product 804;;4564;NaN;3,532.73;2023-06-21;Portugal;;X;X
Product 805;Drink;;79;;05-07-2023;;S-37;X;X
Product 806;;4978;;2530,15;2019/03/16;France;;X;X
Product 807;;;;2214,46;01-10-2021;;;X;X
Product 808;Snack;1413;67;3079;10-04-2021;;;X;X
Product 809;Snack;3171,87;;2495,51;01/11/2020;Portugal;;X;X
;;2826,53;;3290;17/09/2019;Germany;;X;X
Product 811;;2658,81;;3,174.99;08-12-2020;;S-11;X;X
Product 812;Snack;;NaN;227,40;02-08-2024;;;X;X
Product 813;Drink;3,050.16;35;;2020-08-11;France;S-46;X;X
Product 814;Drink;;95;4072,80;2023-12-28;France;S-41;X;X
Product 815;;;70;3,661.11;25-08-2021;Portugal;S-49;X;X
Product 816;Drink;2,256.44;NaN;642;08/01/2018;;S-33;X;X
Product 817;;3252,22;90;4,659.68;16-10-2019;Portugal;S-15;X;X
Product 818;Food;908;;1,177.35;2020/04/08;Portugal;S-44;X;X
Product 819;Snack;;NaN;1051,14;2020-03-14;France;S-19;X;X
Product 820;;;;4,040.98;;Portugal;;X;X
Product 821;;2873,69;;;19/09/2024;France;;X;X
Product 822;;;;4474,95;31/10/2022;France;S-28;X;X
Product 823;Drink;94.36;NaN;;2018/03/21;;;X;X
Product 824;;1,611.92;;;30/09/2023;France;S-14;X;X
;Food;1,294.26;36;1537;2020-10-27;Germany;;X;X
Product 826;Drink;2921;;;2019/04/02;Germany;;X;X
Product 827;Snack;2,661.82;NaN;2911,07;2019-08-19;France;;X;X
Product 828;Food;3849;NaN;2438,69;20/01/2023;France;;X;X
Product 829;;4,466.22;98;3018;2024-01-20;Germany;S-34;X;X
Product 830;Food;944.24;;4487,59;2018-07-27;;S-37;X;X
Product 831;;1,030.72;;;08-11-2023;;;X;X
Product 832;Food;504,48;53;;03/09/2020;Portugal;;X;X
Product 833;Drink;3897;NaN;641,91;2020/01/19;France;;X;X
Product 834;;4773;;;2023-05-09;France;;X;X
Product 835;Drink;4,352.78;67;587;02/11/2021;Portugal;;X;X
Product 836;Food;3,290.84;NaN;;31-10-2021;France;;X;X
Product 837;;;;;02/05/2023;Germany;;X;X
Product 838;Snack;4,955.02;;1,507.12;05/09/2018;Germany;;X;X
Product 839;Snack;4,681.51;NaN;2,016.03;27-02-2019;;S-6;X;X
;;3861,73;73;3619;;Germany;S-24;X;X
Product 841;Food;;;1694;19-05-2024;Portugal;;X;X
Product 842;Snack;;;3,556.30;2019-12-24;;;X;X
Product 843;;127.12;85;2229;2024/01/19;Portugal;S-4;X;X
Product 844;Snack;;;;2023/12/28;;S-39;X;X
Product 845;;2,192.73;NaN;1731,98;02-06-2018;;S-6;X;X
Product 846;Food;;NaN;2595,80;2020/09/17;Germany;;X;X
Product 847;Food;2951,09;NaN;;2020-07-26;Germany;S-21;X;X
Product 848;Drink;464.26;43;3135,36;2024-05-30;Germany;;X;X
Product 849;Snack;2533,52;;;2024/02/27;France;;X;X
Product 850;Drink;814.41;;2643;09/01/2023;Portugal;S-27;X;X
Product 851;Food;;;1395,47;05-02-2021;;;X;X
Product 852;;3703;84;;14-10-2023;Germany;;X;X
Product 853;Food;3748;NaN;4126;2023/03/05;Portugal;;X;X
Product 854;Food;2,075.64;36;849;02-03-2024;France;S-43;X;X
;;4925;NaN;;2018-09-06;Portugal;S-47;X;X
Product 856;Drink;2389,89;NaN;3,037.16;2021/09/12;Germany;;X;X
Product 857;Snack;4724,48;98;;15/09/2019;Germany;S-33;X;X
Product 858;Food;;NaN;4784;2023-07-13;Germany;;X;X
Product 859;Food;2001,54;;;2022/02/15;France;;X;X
Product 860;Snack;1773;NaN;;;France;;X;X
Product 861;Food;;;583,64;03-05-2023;;S-32;X;X
Product 862;Snack;4729;NaN;2,035.59;2019-10-04;Germany;;X;X
Product 863;Snack;1146,79;67;;2018/07/12;France;;X;X
Product 864;Snack;;NaN;3223;17-08-2020;Germany;;X;X
Product 865;;4379,71;69;;2024-02-27;;S-43;X;X
Product 866;Drink;4756;NaN;;19-03-2024;;;X;X
Product 867;Drink;3648;19;2190;24/01/2021;France;;X;X
Product 868;;226.85;NaN;1,874.49;07/07/2021;;S-48;X;X
Product 869;Drink;886,79;NaN;2,314.06;10/02/2024;Portugal;;X;X
;Drink;639.74;;3,458.06;2018-05-11;Portugal;S-44;X;X
Product 871;Drink;;NaN;3211,09;19-01-2024;;S-28;X;X
Product 872;Food;3811,44;63;3202,94;27-06-2023;Portugal;;X;X
Product 873;;2,981.02;24;;2023-01-25;France;;X;X
Product 874;Drink;4331;;1635;2019/11/02;;;X;X
Product 875;;;27;604.54;2020-10-30;Portugal;S-44;X;X
Product 876;Drink;;NaN;3955;2018/10/12;France;;X;X
Product 877;Drink;862.10;;3139;2020-06-23;France;;X;X
Product 878;;3,709.83;;;18/03/2019;Portugal;;X;X
Product 879;Snack;1825,34;NaN;2985,86;2023-07-16;;;X;X
Product 880;;3932,78;9;3619,40;;;;X;X
Product 881;Snack;2487;;;27/12/2022;France;;X;X
Product 882;Food;2018;;3209;29-04-2022;France;;X;X
Product 883;;4544;NaN;3154;2020-01-02;Germany;;X;X
Product 884;Snack;3109,57;;1,686.95;05/08/2022;Portugal;S-6;X;X
;Drink;3916;65;134,00;28/07/2023;;S-12;X;X
Product 886;Food;;;356.18;2020/11/24;Germany;;X;X
Product 887;;171.11;;519;2023-02-04;;;X;X
Product 888;Snack;4567,88;;;10-05-2024;;;X;X
Product 889;Snack;2,697.37;;860;2023/04/12;France;;X;X
Product 890;;790,86;;2938,75;2022-02-02;;;X;X
Product 891;Snack;1,743.33;;3191;2023-02-01;Portugal;S-22;X;X
Product 892;;460,62;NaN;1,909.49;04/11/2022;Germany;;X;X
Product 893;Snack;;;1291;11/08/2020;;;X;X
Product 894;Drink;;;1,830.14;31/12/2021;Portugal;;X;X
Product 895;;;NaN;1632,58;2022/11/17;Portugal;S-22;X;X
Product 896;;672,03;1;2490;2022/02/02;;;X;X
Product 897;Food;;;3173;2022/12/25;France;;X;X
Product 898;Drink;4497;NaN;2,155.35;24-12-2022;Portugal;;X;X
Product 899;;640;;;2023-10-06;;S-9;X;X
;Snack;4784,53;NaN;1,540.17;;Germany;;X;X
Product 901;Snack;2,388.95;NaN;3796;31/03/2019;;;X;X
Product 902;Snack;629.16;;1080;2018-02-01;France;;X;X
Product 903;Food;4,027.24;;772.27;05-01-2022;;S-16;X;X
Product 904;;1127,76;;3910,54;2021/08/06;France;S-40;X;X
Product 905;Snack;;;924,18;17/11/2021;France;S-37;X;X
Product 906;Food;1411,50;29;1376,00;2018/07/19;France;;X;X
Product 907;Food;1248;60;;25-03-2018;France;S-31;X;X
Product 908;;923;;209.81;13/02/2021;France;;X;X
Product 909;Snack;;;1,879.96;05/09/2024;Portugal;;X;X
Product 910;Drink;3341;;3570,35;15-12-2023;France;S-28;X;X
Product 911;Snack;3,799.47;;;09-10-2019;Germany;;X;X
Product 912;Drink;1639;33;;09-02-2018;;S-7;X;X
Product 913;Drink;3306,01;6;2,257.08;20/01/2022;;;X;X
Product 914;Snack;;38;2195;2020/07/19;;;X;X
;Drink;3,159.40;NaN;167.75;2019/12/23;;;X;X
Product 916;Food;4897,65;;4956,58;16/11/2019;;S-45;X;X
Product 917;Food;714,77;;3673;2024/04/06;France;;X;X
Product 918;Snack;4,176.90;NaN;1,948.62;23/10/2020;;;X;X
Product 919;;809;;3946,10;08/10/2020;Portugal;;X;X
Product 920;Food;;18;1872,42;;Portugal;S-35;X;X
Product 921;Snack;2419;;2112;2024-02-10;Germany;;X;X
Product 922;Drink;;NaN;;02-02-2019;France;S-44;X;X
Product 923;Food;2,260.52;74;4552,00;2018-09-14;Germany;;X;X
Product 924;Snack;2265;NaN;3365;13/06/2022;Germany;S-8;X;X
Product 925;Snack;2729,40;NaN;4576;2023-06-17;Portugal;S-16;X;X
Product 926;;3724;85;1362;16-05-2019;Germany;S-23;X;X
Product 927;Drink;1,686.27;;;09/11/2023;;;X;X
Product 928;Drink;;NaN;1250;05/02/2024;Portugal;;X;X
Product 929;Drink;;13;360,95;2024/07/20;France;;X;X
;Snack;3316;;4,001.91;02/12/2020;France;S-10;X;X
Product 931;Snack;3816;;;2021/02/08;France;;X;X
Product 932;Drink;315;NaN;2458,37;2023-08-07;Portugal;S-24;X;X
Product 933;Snack;2132,57;NaN;;2019/07/02;France;;X;X
Product 934;;4,823.77;34;718.91;15/08/2018;Germany;S-13;X;X
Product 935;Snack;;24;482;2023/09/09;Germany;;X;X
Product 936;Snack;4150,39;NaN;;2018/09/12;Germany;S-38;X;X
Product 937;Food;2752;;;13-03-2024;France;;X;X
Product 938;;631;;2,363.88;2018/01/27;France;;X;X
Product 939;Food;;91;;15/01/2019;Portugal;;X;X
Product 940;Drink;2766,49;;;;France;S-19;X;X
Product 941;Drink;4,831.46;NaN;1768,23;12-04-2019;France;;X;X
Product 942;;1,987.79;NaN;4,746.60;16/06/2020;Germany;;X;X
Product 943;Snack;708.54;;1,352.41;12/08/2020;France;;X;X
Product 944;Food;3,879.56;17;;2021-08-31;;;X;X
;;3667;NaN;4134;2024/05/11;Portugal;;X;X
Product 946;Food;2,627.87;13;1084,94;01-08-2018;Germany;;X;X
Product 947;Snack;2814,42;52;;30/07/2019;Germany;;X;X
Product 948;Food;4001;NaN;841.86;2020/10/06;France;;X;X
Product 949;;2,697.29;79;2806;2021-01-24;Portugal;S-24;X;X
Product 950;Snack;1872,36;;3089;30/01/2022;Germany;;X;X
Product 951;Snack;3,401.98;6;4,562.67;14/03/2024;Portugal;;X;X
Product 952;;4,216.19;47;;22/09/2020;Germany;;X;X
Product 953;Snack;;NaN;4,662.00;10-05-2020;Germany;;X;X
Product 954;Food;4291;NaN;;06-11-2023;France;;X;X
Product 955;Drink;;;;17/04/2020;;;X;X
Product 956;;;NaN;;2021-08-30;;S-30;X;X
Product 957;Food;;;;29/08/2021;France;;X;X
Product 958;Snack;1609;;4777,10;2024/07/27;Germany;;X;X
Product 959;Drink;1;NaN;590,42;2024-05-17;Portugal;;X;X
;Food;3541;77;4032,74;;Germany;;X;X
Product 961;;1043,77;43;3,264.58;2021-03-05;;S-17;X;X
Product 962;Snack;;61;3,435.20;2021/08/17;;;X;X
Product 963;;;91;4,724.90;2018/10/01;Germany;;X;X
Product 964;Food;4,112.21;NaN;1,820.55;02-11-2021;Portugal;;X;X
Product 965;Drink;1,956.19;;;2023/06/23;Germany;;X;X
Product 966;Food;;13;2468,98;2022/07/11;;S-18;X;X
Product 967;Food;2,957.08;38;1348,80;01/07/2019;France;S-10;X;X
Product 968;Snack;4171,65;NaN;1,987.66;10/03/2023;France;;X;X
Product 969;;1131;25;3145;2018-08-03;France;;X;X
Product 970;Food;;40;;28/08/2022;France;;X;X
Product 971;Food;617.36;;;2022/05/23;France;;X;X
Product 972;Drink;1,029.16;NaN;173,22;2023-03-13;;S-12;X;X
Product 973;Drink;3361;NaN;4,631.34;12-02-2021;;;X;X
Product 974;;53,85;47;;2018/09/03;Portugal;S-4;X;X
;;2603,10;29;3619;2019-07-30;;;X;X
Product 976;Snack;;55;1624;2021-01-15;;;X;X
Product 977;;;NaN;648.98;09/10/2024;France;;X;X
Product 978;Drink;1494,11;97;;2021/04/09;Portugal;S-33;X;X
Product 979;;;18;278,46;20-12-2022;Germany;;X;X
Product 980;Food;768;NaN;4439;;France;S-12;X;X
Product 981;;4376,18;;3351,69;28/05/2020;;;X;X
Product 982;;1907;;3706,32;09-02-2023;Portugal;;X;X
Product 983;Snack;;;;03/10/2024;;;X;X
Product 984;Food;2,129.55;;364.30;2023-09-22;;;X;X
Product 985;Snack;;58;;07-11-2020;;;X;X
Product 986;Drink;3,792.30;20;3309;2018-06-16;;;X;X
Product 987;;2614,20;37;1317,69;2020-09-25;Germany;;X;X
Product 988;;4988;NaN;2935,00;26-03-2020;;S-45;X;X
Product 989;Drink;;;3787;2022-10-27;;S-6;X;X
;Snack;;37;;2021-01-12;France;;X;X
Product 991;Food;2108,37;12;4,334.36;2024-07-29;Portugal;S-28;X;X
Product 992;Snack;4325;;;13-07-2023;France;S-10;X;X
Product 993;Snack;4211;;2292,01;2018/03/29;Germany;;X;X
Product 994;Food;4523;51;1,650.75;08-02-2023;;S-47;X;X
Product 995;;2098;23;1,606.93;2020-06-05;;;X;X
Product 996;Snack;4915,43;;;2018-03-25;Portugal;;X;X
Product 997;Drink;;;4087;11-12-2019;Germany;S-26;X;X
Product 998;Food;;;1984;13/10/2018;Germany;;X;X
Product 999;;;66;;26/09/2022;;;X;X
Product 1000;Food;3328,14;54;48;;;;X;X
Product 1001;Drink;;;4361,62;2020/01/16;Germany;;X;X
Product 1002;Food;;;2925,74;14-02-2022;Germany;;X;X
Product 1003;Food;;44;4557;2023/11/02;Portugal;;X;X
Product 1004;Snack;210,51;;3,763.66;2018-10-22;Portugal;;X;X
;Drink;2951,72;18;879.71;17/10/2020;Germany;;X;X
Product 1006;Drink;2878,13;87;;10/06/2019;;;X;X
Product 1007;Drink;4,833.65;NaN;3026,01;2018-10-31;;;X;X
Product 1008;Food;;NaN;;21-06-2020;France;S-16;X;X
Product 1009;Drink;4076,42;8;2543,40;06-10-2018;;;X;X
Product 1010;Drink;;NaN;898.53;2022-11-11;France;;X;X
Product 1011;Drink;4261,17;41;3,407.85;2023-04-19;Germany;;X;X
Product 1012;Snack;;1;3982,58;2021-06-17;;;X;X
Product 1013;Drink;3345,34;NaN;2027;2024/07/10;;;X;X
Product 1014;Food;1,080.20;;4,720.67;25/07/2023;;;X;X
Product 1015;Snack;120;;653.70;2020-11-01;Portugal;S-10;X;X
Product 1016;Drink;;;4,620.26;2022/08/11;;;X;X
Product 1017;Drink;;75;2731,41;2023/09/11;France;;X;X
Product 1018;Snack;4247;;2759;05/12/2021;;;X;X
Product 1019;Drink;1792;10;;2022-05-17;Portugal;;X;X
;Food;1,761.89;23;;;France;S-33;X;X
Product 1021;Food;1383,16;NaN;;2018/06/08;Portugal;;X;X
Product 1022;Drink;1622;;;2020/03/28;Portugal;S-23;X;X
Product 1023;Food;3,843.06;NaN;808;2018/02/08;;S-44;X;X
Product 1024;Snack;1046;77;4314;2020/06/28;Portugal;S-12;X;X
Product 1025;Drink;3703;24;4,203.26;2023/07/29;;S-26;X;X
Product 1026;Snack;3,904.84;47;2179,99;23/05/2024;;;X;X
Product 1027;Food;4223,60;74;2,498.26;2020-05-18;France;;X;X
Product 1028;Drink;1,668.82;NaN;1174;2024-01-20;Portugal;;X;X
Product 1029;Snack;1582;30;238.26;25-07-2018;Germany;;X;X
Product 1030;Food;506,49;;3,665.40;16/07/2024;;S-39;X;X
Product 1031;Drink;3197;NaN;2,359.52;2021/01/12;Germany;;X;X
Product 1032;;3,109.00;NaN;1961,83;2022/07/22;;;X;X
Product 1033;Food;3,782.82;NaN;1,758.41;20/10/2018;Portugal;;X;X
Product 1034;Food;;41;;2024-08-12;France;;X;X
;;;;;07/04/2023;France;;X;X
Product 1036;;4,478.90;61;3222,25;10-05-2022;;;X;X
Product 1037;Snack;4796;NaN;2710,47;2021/05/15;France;;X;X
Product 1038;Food;79.64;38;2406;17/10/2020;Germany;;X;X
Product 1039;;2909;19;2,085.40;18/03/2022;;;X;X
Product 1040;Drink;3,783.85;NaN;254,26;;Portugal;;X;X
Product 1041;Food;1989,86;30;932.08;2021-07-22;Germany;S-35;X;X
Product 1042;Snack;993,10;;2422;2022-12-11;Portugal;;X;X
Product 1043;;;;67.60;17-01-2020;Portugal;S-25;X;X
Product 1044;Food;4,261.04;;3459,62;2019/02/08;France;;X;X
Product 1045;Food;3579;NaN;1404,57;01/02/2020;;;X;X
Product 1046;;;;3093,96;28/01/2023;France;;X;X
Product 1047;;518;NaN;1,174.31;28/05/2023;Portugal;;X;X
Product 1048;;3067,10;NaN;2263,02;25-07-2019;;;X;X
Product 1049;Food;1,619.18;NaN;1324,32;28-03-2020;;S-40;X;X
;;2212,68;4;;03-04-2019;;S-22;X;X
Product 1051;;1,229.52;93;1,443.42;28-03-2019;France;S-27;X;X
Product 1052;Food;3337;39;2,494.11;2024-04-21;;S-4;X;X
Product 1053;Food;131.80;NaN;2,893.92;29/02/2020;Portugal;;X;X
Product 1054;Snack;4,166.24;;3426;2021-10-21;Portugal;;X;X
Product 1055;Drink;1,226.76;;4370;2023-07-10;France;S-29;X;X
Product 1056;Food;2,201.78;NaN;;2018/04/30;Germany;;X;X
Product 1057;Drink;726;;4,116.13;2019/09/21;;;X;X
Product 1058;Snack;1218,40;13;3,053.72;2021-08-06;Germany;;X;X
Product 1059;Snack;;78;4,699.44;2020/02/09;Portugal;S-40;X;X
Product 1060;;;;706;;;S-10;X;X
Product 1061;Snack;2,781.61;;;02/02/2023;Portugal;;X;X
Product 1062;;;93;869,31;2022/02/09;;S-14;X;X
Product 1063;;;;3909;2019-12-30;Portugal;;X;X
Product 1064;Food;3733;26;3058,59;23/04/2019;Portugal;S-19;X;X
;Food;4017;;;16-10-2021;Germany;S-45;X;X
Product 1066;Drink;2156;NaN;4600,84;2022-06-06;Germany;;X;X
Product 1067;;4,500.26;;2947,62;2021/06/23;Portugal;;X;X
Product 1068;;1600;;2998,99;2021-04-30;;;X;X
Product 1069;Drink;385.20;;1,313.87;2018/09/05;Germany;S-37;X;X
Product 1070;;1,608.31;90;1,155.62;18-02-2023;Portugal;;X;X
Product 1071;Snack;3,977.79;NaN;2187;2024/10/12;Germany;;X;X
Product 1072;;;;3888;2020-06-22;;;X;X
Product 1073;;2676,80;;4,145.31;28/10/2021;Germany;;X;X
Product 1074;;4,036.27;;2419;29-10-2019;;;X;X
Product 1075;Food;3,600.53;;;2018-12-12;Germany;;X;X
Product 1076;Snack;2326,43;58;1,162.85;23-02-2018;Germany;;X;X
Product 1077;;;NaN;;03-06-2021;Germany;;X;X
Product 1078;Snack;;19;897.25;2021/12/08;France;;X;X
Product 1079;Snack;323.29;60;509;15-06-2018;;;X;X
;Snack;;;4,983.35;;;;X;X
Product 1081;Drink;2794,98;57;730,03;22/02/2022;;;X;X
Product 1082;;;15;;09/02/2018;;;X;X
Product 1083;Food;4,337.89;NaN;3,092.50;2018-01-28;Germany;;X;X
Product 1084;Food;318;NaN;3,886.58;01-10-2022;Portugal;;X;X
Product 1085;Food;327;NaN;;22/11/2021;Germany;;X;X
Product 1086;Food;2848,77;88;1268,01;12/02/2020;Germany;;X;X
Product 1087;;;NaN;;2018/07/26;;;X;X
Product 1088;Food;2,154.15;NaN;1691,26;2019-07-11;Portugal;S-4;X;X
Product 1089;Snack;4,931.03;61;;29/03/2021;Portugal;S-19;X;X
Product 1090;Drink;3309;NaN;867;2019/08/30;Portugal;;X;X
Product 1091;Food;2691;;4166;2023-03-20;;;X;X
Product 1092;Snack;;NaN;4,393.73;07/12/2020;Germany;;X;X
Product 1093;Food;721;;;2023/11/08;Germany;;X;X
Product 1094;;4313,67;NaN;2130,48;2023/08/15;Portugal;;X;X
;Snack;3560;;4746;2018-07-18;;;X;X
Product 1096;;2937,24;;4139;03-04-2020;Germany;;X;X
Product 1097;Food;;78;;31/05/2023;France;;X;X
Product 1098;Snack;3,651.90;NaN;1975;2021/04/26;Portugal;S-46;X;X
Product 1099;Snack;1,244.00;NaN;;23/03/2018;Portugal;;X;X
Product 1100;Snack;4178,70;NaN;328,49;;Germany;;X;X
Product 1101;Food;;31;2,560.18;2019-07-31;Portugal;S-20;X;X
Product 1102;Drink;3643;NaN;4,562.83;2018/04/01;Portugal;S-4;X;X
Product 1103;Drink;;9;;03-03-2024;Germany;S-41;X;X
Product 1104;;;;775,22;16/08/2021;;;X;X
Product 1105;Drink;;;2914,76;23/09/2018;France;;X;X
Product 1106;Food;3,482.08;76;;18-10-2019;Germany;S-17;X;X
Product 1107;Snack;4,236.33;;1648;2024/10/18;Germany;;X;X
Product 1108;Snack;479;NaN;;07-02-2021;Germany;S-18;X;X
Product 1109;Food;;25;;09/06/2021;France;;X;X
;Snack;;NaN;2901;2019-02-10;France;;X;X
Product 1111;Drink;453;;4984,48;2019-05-31;France;S-12;X;X
Product 1112;;2,007.14;76;;2019-07-06;Portugal;;X;X
Product 1113;Food;1756,00;;;29-04-2024;;;X;X
Product 1114;Snack;1698,60;;3244;2022/11/20;Germany;;X;X
Product 1115;Food;2619,34;NaN;1775,97;30/10/2023;Portugal;;X;X
Product 1116;Drink;4396,51;NaN;;10-01-2022;Germany;;X;X
Product 1117;Snack;4910,05;NaN;;13-04-2019;Portugal;;X;X
Product 1118;Snack;3413,55;39;;05-11-2023;;;X;X
Product 1119;Snack;842,57;;307.21;2019-07-12;;;X;X
Product 1120;Snack;;NaN;;;Portugal;;X;X
Product 1121;Food;1531;;1373;04/11/2023;;;X;X
Product 1122;Drink;4,296.79;46;2860;16-02-2023;Germany;;X;X
Product 1123;Drink;;;3431;2020/02/26;;;X;X
Product 1124;;908.93;74;1172,48;28/03/2024;France;;X;X
;Food;4878,87;;3,689.76;2019/12/15;Portugal;S-29;X;X
Product 1126;Drink;4,360.49;NaN;4436;2023-10-30;France;;X;X
Product 1127;Food;2,998.59;;4869;2023/07/10;;S-50;X;X
Product 1128;Food;4,457.18;48;;31-07-2019;Germany;S-19;X;X
Product 1129;Drink;;;776.66;2023-08-22;France;;X;X
Product 1130;;151,71;51;;04-05-2019;;S-30;X;X
Product 1131;;4676,47;;2346;2021-12-13;France;S-18;X;X
Product 1132;;4036;NaN;3541;26-01-2019;Portugal;S-31;X;X
Product 1133;Snack;4675,16;;739.57;2023/05/12;;;X;X
Product 1134;Drink;1,745.27;NaN;493.83;11-02-2021;;;X;X
Product 1135;Snack;2,950.53;93;3,398.64;2021-11-25;Germany;;X;X
Product 1136;Snack;;58;4835,31;2020-06-21;Portugal;;X;X
Product 1137;Snack;965.80;NaN;;2022-09-09;France;S-26;X;X
Product 1138;Food;4986;;959,00;05-01-2022;France;S-44;X;X
Product 1139;Food;;4;3340,76;23-02-2020;France;;X;X
;Drink;3920,31;NaN;4583;;;;X;X
Product 1141;Drink;3343,53;NaN;2218,78;2022/10/21;France;S-1;X;X
Product 1142;Food;1691;9;2268,51;27-02-2018;;;X;X
Product 1143;Food;;;156.27;2024-04-13;Germany;S-19;X;X
Product 1144;Snack;;66;2954;20/04/2019;Portugal;;X;X
Product 1145;;207,95;95;2702;2018-04-17;Germany;S-20;X;X
Product 1146;;;NaN;73.71;2020-05-11;France;;X;X
Product 1147;;4054,54;;;2023-12-12;Portugal;;X;X
Product 1148;;4238,87;NaN;505;05-09-2024;Germany;;X;X
Product 1149;;3317;84;1570;2018/08/24;Germany;S-45;X;X
Product 1150;Snack;;;437.88;20-12-2022;Germany;S-14;X;X
Product 1151;Drink;3,784.62;74;;2021/10/19;;S-44;X;X
Product 1152;Food;1,412.81;72;3659;2021/04/30;Portugal;;X;X
Product 1153;Snack;2,239.52;;4981,13;2018/06/04;;;X;X
Product 1154;;;7;3483,87;14/02/2018;;;X;X
;Food;;26;3027,23;03/07/2023;Germany;S-45;X;X
Product 1156;Snack;411,94;NaN;;04/10/2018;Germany;S-32;X;X
Product 1157;;2456;NaN;1,151.17;2018/04/21;France;;X;X
Product 1158;Snack;;NaN;3798;2019-01-12;Portugal;;X;X
Product 1159;Food;1529;;2231,20;2023/10/31;;S-35;X;X
Product 1160;Drink;3854,21;NaN;3507;;France;;X;X
Product 1161;;2637,75;NaN;4,326.76;02/04/2024;Portugal;;X;X
Product 1162;Food;940,39;;1,215.54;28-07-2024;;;X;X
Product 1163;Food;1,535.60;;1618,23;2018/03/12;;;X;X
Product 1164;Drink;3204,66;7;;16/09/2022;;;X;X
Product 1165;Snack;2671,46;NaN;2,722.55;17-08-2018;Germany;S-41;X;X
Product 1166;Drink;;;3,446.69;2020/08/08;France;;X;X
Product 1167;Drink;941,20;NaN;163.03;22/06/2020;Portugal;S-34;X;X
Product 1168;Snack;;NaN;2848;2019-11-19;;;X;X
Product 1169;Snack;3,692.70;17;1704,96;09-02-2022;Portugal;S-7;X;X
;Snack;2543,73;NaN;868;2020/08/02;Portugal;S-19;X;X
Product 1171;Food;4553,31;;1732,86;26-03-2020;Portugal;;X;X
Product 1172;Food;2,286.17;NaN;;20/09/2022;Portugal;S-45;X;X
Product 1173;;4461;NaN;2864,52;06/12/2021;Germany;;X;X
Product 1174;;364.82;;3782,64;2020-09-26;;S-38;X;X
Product 1175;Drink;2476,38;;2,136.10;2021/11/05;Germany;;X;X
Product 1176;Drink;;;1845;2023/04/23;;;X;X
Product 1177;;1030,15;58;2,984.61;08/05/2020;;S-28;X;X
Product 1178;Drink;4621,56;;533;2024/10/21;France;;X;X
Product 1179;Snack;4521;;;25-08-2021;Portugal;S-47;X;X
Product 1180;Food;;NaN;1,693.56;;Portugal;;X;X
Product 1181;;4132;NaN;;2021/12/20;Portugal;;X;X
Product 1182;Food;;NaN;554.90;01/09/2020;;S-1;X;X
Product 1183;;223.78;22;2071;2022-01-24;France;S-39;X;X
Product 1184;Food;2993;;4243,51;2022/11/20;;;X;X
;;;16;;2020-10-31;Portugal;;X;X
Product 1186;Food;3401;;4130;2020-02-13;France;;X;X
Product 1187;Snack;1024;NaN;1,363.52;2023/04/16;Portugal;S-16;X;X
Product 1188;;2046,02;NaN;2263,38;26/10/2020;;;X;X
Product 1189;;;;2,420.50;07-06-2019;France;;X;X
Product 1190;;1,885.66;NaN;1912,77;18/05/2024;;;X;X
Product 1191;Snack;;NaN;635;11/01/2018;;S-29;X;X
Product 1192;Food;1267,13;79;;15/07/2019;Portugal;;X;X
Product 1193;;;46;3027;21/05/2019;Germany;;X;X
Product 1194;Food;;;4816,30;20-08-2020;Germany;;X;X
Product 1195;Snack;644.44;46;;03/02/2018;Portugal;;X;X
Product 1196;Drink;352,62;;3947;02/10/2019;;;X;X
Product 1197;;;;;22-11-2023;Germany;S-15;X;X
Product 1198;Snack;332;NaN;;31/08/2018;;S-16;X;X
Product 1199;Food;836;NaN;;2022-11-12;Portugal;S-29;X;X
;;;61;2,231.52;;;;X;X
Product 1201;Food;1424;NaN;4270;2018/08/26;Portugal;S-39;X;X
Product 1202;Drink;1423;NaN;;2019-07-24;Germany;S-34;X;X
Product 1203;;542,46;NaN;848.52;2022-10-01;Portugal;;X;X
Product 1204;;1,974.53;;325,92;2018/05/05;;;X;X
Product 1205;Food;;;;2019-03-24;;;X;X
Product 1206;;1003,94;NaN;;30-04-2022;France;S-43;X;X
Product 1207;Snack;2344,78;;;26-04-2023;Portugal;;X;X
Product 1208;Snack;557,03;;;13/10/2021;Germany;S-24;X;X
Product 1209;Drink;4,165.47;78;4822,86;26/07/2019;France;;X;X
Product 1210;Snack;418,04;NaN;4443,25;29-02-2024;;S-50;X;X
Product 1211;Drink;1208;NaN;3,037.66;25-02-2020;Portugal;;X;X
Product 1212;Food;2,190.54;;3190;12/04/2023;Germany;S-35;X;X
Product 1213;Food;2210,12;NaN;1233,82;2022/07/10;Portugal;;X;X
Product 1214;Drink;3,314.38;40;2265;2019-08-19;Germany;S-8;X;X
;Snack;3842;69;1631,02;2022/12/17;Portugal;;X;X
Product 1216;Snack;218,79;;1302,48;15/04/2023;Portugal;S-14;X;X
Product 1217;Drink;4742;NaN;2172;2019-11-25;France;;X;X
Product 1218;Drink;4297;;3530;29/12/2020;;;X;X
Product 1219;Food;4609;97;;2022-06-11;Germany;;X;X
Product 1220;Drink;2310,18;;;;France;;X;X
Product 1221;Snack;1,956.56;19;2383;2022/12/04;Germany;;X;X
Product 1222;Drink;4734,11;NaN;;06/02/2020;;;X;X
Product 1223;Drink;1,126.18;26;4092,62;2024-03-20;Germany;;X;X
Product 1224;Drink;;;2909,36;02-01-2024;;;X;X
Product 1225;Food;;;1289;2024-10-04;Portugal;;X;X
Product 1226;Drink;346.91;NaN;4668,75;2024-07-09;;S-13;X;X
Product 1227;;3008;16;;2023-11-11;France;;X;X
Product 1228;;2,784.27;;983,11;2024-06-06;France;;X;X
Product 1229;;2735;NaN;1090;2023/04/28;Germany;S-5;X;X
;Snack;283,57;NaN;3,231.63;2021/07/31;Germany;;X;X
Product 1231;Snack;2049,62;NaN;2,535.46;21-06-2019;Portugal;;X;X
Product 1232;Drink;3,092.93;74;949.15;03/08/2021;Germany;;X;X
Product 1233;;3620;;;2023-07-24;;;X;X
Product 1234;Food;1,851.86;NaN;2,430.96;2018/04/09;France;;X;X
Product 1235;;4,507.60;5;4470;2019-03-31;Germany;;X;X
Product 1236;;29,51;81;1013;11/12/2019;Portugal;;X;X
Product 1237;Snack;;NaN;2678;16-06-2020;Germany;;X;X
Product 1238;Snack;3843,48;NaN;3087,96;18-10-2019;;S-39;X;X
Product 1239;Food;4285,02;28;;2021-03-19;Portugal;;X;X
Product 1240;Snack;2818,19;NaN;;;;;X;X
Product 1241;Food;;NaN;2046;09-10-2018;Germany;;X;X
Product 1242;Snack;;NaN;;09/10/2024;;S-47;X;X
Product 1243;;;NaN;3,518.07;04-07-2023;Germany;S-49;X;X
Product 1244;;2,248.36;;708;22/07/2018;France;;X;X
;Food;3414;30;;10/03/2024;Germany;;X;X
Product 1246;Food;;;;18/10/2018;;;X;X
Product 1247;Snack;2,395.65;;;2022/10/17;France;;X;X
Product 1248;Snack;2271;89;;2024-07-11;Germany;;X;X
Product 1249;Food;1119;7;;25-09-2020;France;;X;X
Product 1250;Food;3,185.47;NaN;1,854.57;02-09-2021;Portugal;S-17;X;X
Product 1251;;;NaN;4826;05-11-2018;Germany;S-30;X;X
Product 1252;;4,995.70;;2984;02-12-2023;France;;X;X
Product 1253;Food;1840,39;NaN;1,735.48;28/08/2019;Portugal;S-7;X;X
Product 1254;;2158;16;3027;2018-10-23;France;;X;X
Product 1255;Drink;;NaN;;2018-11-05;Germany;;X;X
Product 1256;Snack;2,051.86;;3327;2018/12/08;Portugal;;X;X
Product 1257;;4,937.45;NaN;2,512.76;2021/12/15;France;;X;X
Product 1258;Drink;4200;76;;2018/02/16;France;S-26;X;X
Product 1259;Food;;NaN;1177,36;2023/06/10;Germany;;X;X
;;;48;;;Portugal;;X;X
Product 1261;Food;;58;3519;19-03-2021;;;X;X
Product 1262;Snack;;74;1626;04/04/2018;France;;X;X
Product 1263;Food;2317;17;607.00;2024-03-24;Portugal;;X;X
Product 1264;Drink;;75;3504;2023-07-29;;S-21;X;X
Product 1265;Food;665.57;;4561,86;2023/06/05;;S-20;X;X
Product 1266;Drink;1,230.04;;1561,16;2023/06/04;France;;X;X
Product 1267;;2841;;1316,54;2024-09-27;;S-1;X;X
Product 1268;;;43;1781;27/04/2023;;S-32;X;X
Product 1269;Drink;1874;NaN;3611,05;25/09/2020;;S-36;X;X
Product 1270;Snack;1,067.57;;;2023/11/25;Germany;;X;X
Product 1271;Snack;;NaN;4,213.17;10/04/2020;Portugal;;X;X
Product 1272;Snack;;;1,556.41;04/06/2023;Portugal;S-49;X;X
Product 1273;;254.43;NaN;2751;13/06/2022;Portugal;;X;X
Product 1274;;1,688.42;83;2473,12;2020-03-25;Portugal;S-45;X;X
;Snack;;;1546;16-09-2021;France;;X;X
Product 1276;Food;;NaN;;02/07/2022;France;S-13;X;X
Product 1277;Snack;119.18;;;25-07-2018;Germany;;X;X
Product 1278;Food;1,929.85;;4959,08;14-11-2019;Germany;;X;X
Product 1279;Snack;1,366.60;NaN;1005;23/07/2022;France;;X;X
Product 1280;Food;3,206.19;;;;Portugal;;X;X
Product 1281;;753;39;1,901.80;2019/05/16;;;X;X
Product 1282;Snack;2,342.90;10;;2023/08/13;France;;X;X
Product 1283;Snack;;;;2019-12-11;Portugal;;X;X
Product 1284;Drink;1581,07;;;05-11-2023;Portugal;;X;X
Product 1285;Snack;3380,95;;1602,36;2019/08/05;France;;X;X
Product 1286;Food;428,75;;;2020/06/27;;;X;X
Product 1287;Drink;4600,86;NaN;3519;17/05/2022;Portugal;S-10;X;X
Product 1288;Snack;1657,54;90;3832,77;2024/07/07;Portugal;;X;X
Product 1289;Snack;1566;NaN;3107;11-01-2024;Germany;;X;X
;;1,015.04;;115.57;28/02/2021;France;;X;X
Product 1291;Drink;4789;46;4,132.82;2019/07/02;;S-8;X;X
Product 1292;Food;4203;76;;2020/04/14;;S-4;X;X
Product 1293;Snack;3116;59;512,73;2024-07-26;Germany;;X;X
Product 1294;;;NaN;1359,73;13/08/2024;Portugal;;X;X
Product 1295;Snack;2,375.44;NaN;2,495.12;06/11/2020;;;X;X
Product 1296;Drink;1448,71;NaN;2,817.95;01/05/2022;Germany;;X;X
Product 1297;Food;4,011.68;;263.24;04/08/2022;France;S-20;X;X
Product 1298;;4,504.09;NaN;4114,63;2021/06/11;Germany;;X;X
Product 1299;Snack;816,28;;3,785.32;11/05/2021;Germany;;X;X
Product 1300;Food;;;3090,92;;Germany;;X;X
Product 1301;Snack;;54;896;2018/01/27;Germany;S-42;X;X
Product 1302;Snack;3499;;223,81;2019-04-02;Portugal;;X;X
Product 1303;Drink;3,449.82;26;1519;2022/02/26;;;X;X
Product 1304;Drink;4,880.62;74;;13-10-2021;Germany;S-16;X;X
;Snack;4545,92;NaN;882,42;2018-02-14;;;X;X
Product 1306;;3,778.37;;3541;05/09/2024;;;X;X
Product 1307;Drink;;NaN;1,610.01;01-02-2023;;S-18;X;X
Product 1308;Drink;1,896.85;;2,407.92;24-11-2019;;S-32;X;X
Product 1309;Drink;3835;42;3471,12;2023/08/07;Portugal;;X;X
Product 1310;Drink;4,654.71;NaN;;13-11-2022;France;S-29;X;X
Product 1311;Food;2236,67;;1724;2024-01-10;France;;X;X
Product 1312;Snack;4851;NaN;1566;06/07/2023;France;S-42;X;X
Product 1313;Food;4428,02;;;2021/06/22;Germany;;X;X
Product 1314;Food;4432,45;35;1,159.45;2023-02-25;Portugal;;X;X
Product 1315;Snack;886;NaN;4,116.71;06-04-2018;Germany;;X;X
Product 1316;Drink;3,386.87;9;3884;05-03-2019;Portugal;S-7;X;X
Product 1317;;554.86;39;;2023-10-02;Portugal;;X;X
Product 1318;Drink;4807;NaN;1713,25;2022/07/31;Portugal;;X;X
Product 1319;Drink;1461,75;;1035;2021-08-18;Portugal;;X;X
;Drink;;NaN;2807,27;;Germany;S-14;X;X
Product 1321;Drink;;;2795;06-12-2019;;;X;X
Product 1322;;4958;NaN;445,98;27-05-2021;France;;X;X
Product 1323;Food;4,256.26;20;587,55;04/07/2019;Germany;;X;X
Product 1324;;2567,11;1;2027;2020-04-06;Germany;S-9;X;X
Product 1325;Snack;2,448.05;68;3307;06-12-2020;Portugal;S-23;X;X
Product 1326;Drink;260.06;NaN;4022,72;16/04/2021;France;;X;X
Product 1327;;3502;NaN;1,006.73;08/07/2018;France;;X;X
Product 1328;Snack;;NaN;4372;22-02-2018;Portugal;S-35;X;X
Product 1329;;1687;NaN;4636,31;2022/06/05;France;;X;X
Product 1330;Drink;;15;;20-06-2023;;;X;X
Product 1331;Drink;3297;NaN;3,696.44;05-06-2022;Germany;;X;X
Product 1332;Snack;2,756.37;76;1,019.45;2021-11-30;Germany;;X;X
Product 1333;;4360,20;;4676,45;2020/04/26;Germany;;X;X
Product 1334;Drink;3673,21;42;;2020/07/23;France;S-47;X;X
;Snack;1,513.55;;555.15;15-01-2021;France;;X;X
Product 1336;;;NaN;4159,83;15-12-2022;;S-24;X;X
Product 1337;;1941;10;3,127.77;21/11/2019;;S-26;X;X
Product 1338;Snack;3484;;;14-06-2022;France;S-18;X;X
Product 1339;;;;;29/07/2022;;S-12;X;X
Product 1340;;2035;5;3,325.76;;Germany;;X;X
Product 1341;Drink;661;;4807,91;03-01-2023;France;S-33;X;X
Product 1342;Drink;3,595.59;;;06/05/2019;;S-32;X;X
Product 1343;Drink;2444;NaN;2306,53;2018/01/22;;;X;X
Product 1344;Snack;;;3375,81;18-12-2021;Portugal;S-10;X;X
Product 1345;Food;4593,88;NaN;2720,14;29-07-2023;Germany;S-46;X;X
Product 1346;;4027;;771.26;2023/05/28;;S-30;X;X
Product 1347;Snack;4307,40;;4,592.02;2018/08/22;France;S-23;X;X
Product 1348;Food;115.04;;;2021-11-28;;S-17;X;X
Product 1349;Food;4031,13;;4,549.17;10/06/2022;Portugal;;X;X
;Snack;1,214.81;21;3988;2021-11-30;France;;X;X
Product 1351;Food;1,866.94;23;2248;2024-10-09;;;X;X
Product 1352;Drink;2,859.54;;1198;2018/12/22;France;;X;X
Product 1353;Snack;3894,38;;2115;09-03-2022;;S-25;X;X
Product 1354;;48,23;NaN;3296,78;07/11/2021;France;S-32;X;X
Product 1355;Drink;3682;NaN;3,028.62;31-07-2019;Portugal;;X;X
Product 1356;;4350,80;22;;2024-03-23;;;X;X
Product 1357;Food;;85;;16-02-2020;France;;X;X
Product 1358;Drink;3155;;;2019/08/12;France;;X;X
Product 1359;;3930,66;;812,71;2024-02-27;Portugal;S-6;X;X
Product 1360;Snack;3062,83;;3,317.81;;Germany;S-6;X;X
Product 1361;Food;3,520.74;NaN;2511;26-12-2020;Germany;S-50;X;X
Product 1362;;4590,01;38;4,839.21;26-05-2023;;;X;X
Product 1363;Food;927,87;;287,90;28/10/2024;Germany;S-21;X;X
Product 1364;;19.21;50;2374;26/03/2020;;S-36;X;X
;Snack;1051,10;;3115;2024/07/16;;;X;X
Product 1366;Drink;1,934.50;;1603,88;09/08/2018;France;;X;X
Product 1367;;2,380.22;88;3007,53;15-03-2023;France;;X;X
Product 1368;Food;;NaN;3274;05-10-2019;Germany;;X;X
Product 1369;Snack;3,027.29;;3,835.52;2020-04-06;;S-13;X;X
Product 1370;Drink;2346,05;7;;2020-12-18;France;S-11;X;X
Product 1371;Food;2212,58;NaN;3078;2020/07/24;;;X;X
Product 1372;Snack;397.79;10;1177,78;20/05/2018;Portugal;;X;X
Product 1373;Food;1,316.31;NaN;;16-10-2024;Germany;;X;X
Product 1374;Snack;3499,84;;1,132.40;2023/11/16;Germany;;X;X
Product 1375;Drink;940;;4,598.39;2018/11/30;Portugal;S-18;X;X
Product 1376;Drink;3,781.43;;2223;18/10/2018;France;;X;X
Product 1377;Food;812;18;4100;2018-03-06;Germany;S-41;X;X
Product 1378;Snack;3007;NaN;2701,20;2018-10-31;France;S-12;X;X
Product 1379;;1091;NaN;4295;26-04-2022;France;;X;X
;Drink;4,122.34;NaN;;;Portugal;;X;X
Product 1381;;2652;23;2,605.67;16/06/2023;France;S-9;X;X
Product 1382;;1,407.25;22;1177;2022/09/08;Portugal;;X;X
Product 1383;Food;323,27;NaN;2739;18/12/2019;Portugal;;X;X
Product 1384;Food;2469,62;;3695,39;2023/02/06;France;S-4;X;X
Product 1385;Food;;;367,13;17-03-2023;Germany;;X;X
Product 1386;Snack;;;4909;2019-05-15;France;S-33;X;X
Product 1387;Drink;59,99;66;3392;2021/10/01;Germany;S-31;X;X
Product 1388;Drink;1591;;3868;2023/12/17;France;;X;X
Product 1389;;3490,38;;2,456.44;20-07-2024;France;S-38;X;X
Product 1390;Food;2846;86;19;2020/02/21;Germany;;X;X
Product 1391;Snack;;NaN;284,71;2018-02-09;Germany;;X;X
Product 1392;Drink;1852;;;2023-10-29;;;X;X
Product 1393;Snack;3817;16;69.61;2018-11-04;Portugal;S-25;X;X
Product 1394;Food;2,729.58;NaN;3,392.61;31/12/2021;France;;X;X
;Food;1,140.56;;;09/01/2019;Germany;S-44;X;X
Product 1396;Drink;213;;2281,32;2020-12-19;Germany;;X;X
Product 1397;;;94;669;15-05-2023;;;X;X
Product 1398;;;NaN;3,741.07;17-08-2022;;S-42;X;X
Product 1399;Food;;NaN;2870,85;12-11-2023;;;X;X
Product 1400;Food;2,260.88;;4,805.81;;France;S-46;X;X
Product 1401;;;NaN;879;20-02-2019;;;X;X
Product 1402;Food;2097,99;;529,14;2022/04/11;Germany;S-38;X;X
Product 1403;Drink;4366;71;;18/12/2021;;S-17;X;X
Product 1404;Drink;1,907.29;NaN;656,20;24/09/2020;Germany;S-14;X;X
Product 1405;Snack;1997,09;79;273.95;10/02/2023;Germany;;X;X
Product 1406;;2,171.91;;;2020-04-15;Portugal;S-31;X;X
Product 1407;Food;755.19;;861;07-07-2018;Germany;S-20;X;X
Product 1408;Snack;1084,97;71;;20-05-2021;France;;X;X
Product 1409;Drink;1,956.46;73;1633;2022-06-27;Germany;;X;X
;;1,354.45;;4423,11;2020-03-01;France;;X;X
Product 1411;Drink;;NaN;778.81;13-06-2018;Portugal;S-13;X;X
Product 1412;Food;791;NaN;2316,54;22-12-2022;Germany;S-13;X;X
Product 1413;Snack;;23;;2020/02/20;Germany;S-14;X;X
Product 1414;Food;;NaN;3,850.62;06/10/2020;France;S-8;X;X
Product 1415;Food;2,164.28;NaN;1039,24;25-06-2024;Germany;S-40;X;X
Product 1416;;2436,71;88;3,983.78;2020-12-16;France;;X;X
Product 1417;;1766,85;;;2021/01/11;Germany;;X;X
Product 1418;Food;334;NaN;;06/01/2019;;S-6;X;X
Product 1419;;3530;NaN;4,178.42;2023/05/24;Germany;;X;X
Product 1420;Snack;;NaN;590.40;;Germany;;X;X
Product 1421;Snack;;;;2023-05-20;France;;X;X
Product 1422;Food;2452;;801.90;20-12-2019;France;S-25;X;X
Product 1423;Snack;3157;1;1070;2019-07-27;Portugal;;X;X
Product 1424;Food;;NaN;2885;31/10/2024;France;S-32;X;X
;Snack;3,058.13;NaN;2808;18/09/2021;Germany;S-38;X;X
Product 1426;Drink;2648;;4809;2022-02-01;Portugal;S-44;X;X
Product 1427;Food;3,623.78;NaN;1988,81;2019-09-25;Germany;;X;X
Product 1428;Snack;;NaN;2,900.27;13-12-2023;France;;X;X
Product 1429;Drink;;;2989;2022/01/07;France;;X;X
Product 1430;Food;1,850.04;;4224,90;02-07-2021;Portugal;;X;X
Product 1431;Snack;1047;42;2917;2023-08-05;Germany;;X;X
Product 1432;Snack;3441;1;4374,05;2018/02/12;Germany;;X;X
Product 1433;Drink;;NaN;;2023/04/29;France;;X;X
Product 1434;;3934;4;1,822.40;22-02-2024;;;X;X
Product 1435;;2886;;;2018-06-27;France;;X;X
Product 1436;Drink;3,491.65;6;;2019-06-28;;S-48;X;X
Product 1437;Drink;4,827.37;NaN;3,804.22;20-04-2024;France;;X;X
Product 1438;Food;3,540.52;NaN;;14/05/2018;Germany;;X;X
Product 1439;;4,066.61;NaN;4675;2021-01-28;Germany;;X;X
;Food;;;2716;;Germany;;X;X
Product 1441;Snack;4452;NaN;;09-05-2019;France;;X;X
Product 1442;Drink;2554,80;NaN;2088;14-03-2020;Germany;;X;X
Product 1443;Food;1,920.72;;4493;2018-10-30;France;S-11;X;X
Product 1444;Drink;3118,03;NaN;;2019-01-08;Portugal;;X;X
Product 1445;Food;;NaN;3614;11/12/2023;Germany;S-50;X;X
Product 1446;Snack;3013;NaN;;2018-08-08;Germany;;X;X
Product 1447;Snack;;70;4307,85;02/03/2022;;;X;X
Product 1448;;3887;60;;06/11/2021;Germany;;X;X
Product 1449;;3559;77;4616;2023-01-13;;S-15;X;X
Product 1450;Snack;4238,86;NaN;333;2018/07/05;;;X;X
Product 1451;Food;2,368.73;;2929,49;2022-08-01;;S-46;X;X
Product 1452;Drink;3165;;1,565.08;16-09-2023;;;X;X
Product 1453;Snack;;78;4367;2020/02/29;Portugal;S-38;X;X
Product 1454;Snack;2809;;;17-12-2018;France;;X;X
;Food;;NaN;13.89;2019/07/29;Germany;;X;X
Product 1456;Snack;4,926.42;NaN;;2019/03/10;Germany;;X;X
Product 1457;Snack;4,120.68;;;12-12-2020;Portugal;S-14;X;X
Product 1458;Food;4788,63;25;3086,65;27-02-2021;Portugal;S-47;X;X
Product 1459;Snack;1478,10;93;4240,39;2018/04/29;Portugal;;X;X
Product 1460;;3,677.47;NaN;3925;;Germany;;X;X
Product 1461;;2617;4;;23/07/2023;France;S-36;X;X
Product 1462;;;13;;15/10/2020;France;S-21;X;X
Product 1463;;2114,96;NaN;1,101.86;16/09/2018;Portugal;S-10;X;X
Product 1464;Snack;1,490.89;41;2522,65;2024/05/29;Germany;;X;X
Product 1465;Drink;720,30;28;3580,13;24-05-2023;Germany;;X;X
Product 1466;;;;;2024/01/18;Portugal;;X;X
Product 1467;;;69;1,651.20;15/03/2020;France;S-27;X;X
Product 1468;Snack;3,878.98;;138.01;2020/02/16;;;X;X
Product 1469;Snack;;NaN;902.58;17/03/2022;France;S-13;X;X
;Food;;NaN;549.52;2020-12-31;Portugal;S-12;X;X
Product 1471;;3792,31;NaN;2,805.39;2024/10/27;;;X;X
Product 1472;Food;;17;2904;05-12-2018;;;X;X
Product 1473;;;NaN;;23-03-2024;Germany;;X;X
Product 1474;Drink;1,423.81;;4,895.32;2020-08-19;Germany;;X;X
Product 1475;Snack;1614,02;;;06/02/2024;Portugal;S-38;X;X
Product 1476;Snack;619;62;1217,40;12-03-2023;Germany;;X;X
Product 1477;Food;2762;81;4434;2024/04/09;Portugal;;X;X
Product 1478;Food;;100;2557;17-08-2022;Germany;S-42;X;X
Product 1479;Snack;;2;;18-05-2024;;;X;X
Product 1480;Snack;;41;3150;;France;;X;X
Product 1481;Snack;889,99;;3,351.86;04/02/2023;;S-43;X;X
Product 1482;;3218;21;3364;2023/03/21;Portugal;;X;X
Product 1483;;2828,08;;1,378.99;2022-04-18;;S-2;X;X
Product 1484;Drink;4416,30;57;3650;2023/10/22;Germany;;X;X
;;3,613.88;;1,118.02;15-09-2024;Germany;S-26;X;X
Product 1486;Snack;2483,38;50;1657;2022/11/23;France;;X;X
Product 1487;;699,56;40;2852,40;2019-08-09;;;X;X
Product 1488;Food;2,613.90;NaN;2166;10/04/2022;;S-12;X;X
Product 1489;Snack;459;NaN;1114;30-05-2021;Germany;;X;X
Product 1490;;4861;NaN;4611;12-03-2024;Germany;;X;X
Product 1491;Snack;405;NaN;;2021-01-06;Germany;;X;X
Product 1492;Food;;NaN;3261;2019-05-27;France;S-19;X;X
Product 1493;Food;2002,80;NaN;395,84;2021-09-12;France;S-23;X;X
Product 1494;;;;2856,71;2019/01/16;France;;X;X
Product 1495;Snack;3472,93;;328,71;23-07-2019;France;;X;X
Product 1496;Drink;;;2482;2021-05-31;Germany;;X;X
Product 1497;Food;795;NaN;;20/01/2018;;;X;X
Product 1498;Drink;1136,98;;1247,14;2019-08-23;France;;X;X
Product 1499;;3223,79;63;612;06/02/2022;Portugal;;X;X
;Food;262.42;10;;;Portugal;;X;X
Product 1501;Drink;2393,47;NaN;;2021/08/12;;S-14;X;X
Product 1502;Food;1,095.00;44;4253,05;2023-05-06;France;S-16;X;X
Product 1503;Drink;4,749.83;NaN;4646,60;23/12/2023;;;X;X
Product 1504;Snack;2502;7;1572,54;19/11/2021;Germany;S-44;X;X
Product 1505;Snack;;31;1409;22/03/2022;Germany;S-13;X;X
Product 1506;;96;90;;08/01/2023;France;S-35;X;X
Product 1507;Food;;48;3175,56;17/01/2024;Germany;;X;X
Product 1508;Drink;2750,16;NaN;;15-12-2022;France;;X;X
Product 1509;;1000,62;NaN;4499;08-03-2018;Germany;;X;X
Product 1510;Snack;;;307;2023-02-11;France;S-47;X;X
Product 1511;Snack;35,76;;3085;18/06/2022;Germany;S-32;X;X
Product 1512;;2907;60;3,882.71;2022-02-08;;S-50;X;X
Product 1513;Food;2,545.74;;1308;26-11-2018;France;S-36;X;X
Product 1514;Drink;1,985.91;;1788;19-11-2019;France;;X;X
;Snack;2681;;840,15;2019-02-08;;;X;X
Product 1516;;1328;;3,580.43;2024-01-16;Germany;;X;X
Product 1517;Snack;2,554.40;NaN;83;2024/10/30;Portugal;;X;X
Product 1518;Snack;4174;NaN;4,068.22;2022-11-26;Portugal;;X;X
Product 1519;Drink;1672;86;;22/03/2022;Portugal;S-42;X;X
Product 1520;Food;;76;1602,69;;France;S-2;X;X
Product 1521;Food;595;;;11/01/2020;Portugal;;X;X
Product 1522;Drink;;NaN;870;22/07/2019;France;S-27;X;X
Product 1523;;;NaN;174;02-11-2022;Germany;;X;X
Product 1524;;1022,95;92;1554;10-09-2020;Portugal;S-10;X;X
Product 1525;Food;208,30;NaN;4963,21;2021/10/25;Portugal;;X;X
Product 1526;Snack;3,714.07;NaN;3,031.08;2018-07-15;;;X;X
Product 1527;Snack;1000;24;;24-04-2024;;;X;X
Product 1528;;4,164.65;NaN;3795,65;2020-05-26;France;;X;X
Product 1529;Drink;4433;NaN;;2018-10-13;;;X;X
;Snack;1804,69;NaN;;2019-11-28;Germany;;X;X
Product 1531;;3,239.15;74;3286,84;04-08-2019;;S-38;X;X
Product 1532;Drink;2834;NaN;;24/11/2019;;;X;X
Product 1533;Food;1084,03;NaN;;11-04-2019;France;S-22;X;X
Product 1534;Drink;1,549.51;81;2934,80;2020-09-18;France;;X;X
Product 1535;Food;4147;;1056;2023/06/24;Portugal;S-11;X;X
Product 1536;;;NaN;4,081.37;27/01/2019;France;S-20;X;X
Product 1537;Drink;;NaN;4085;22/02/2024;Portugal;;X;X
Product 1538;;4,921.15;;3,940.90;19/01/2023;Germany;;X;X
Product 1539;Food;;95;1899;2020/07/06;Germany;S-6;X;X
Product 1540;Snack;2804;36;4891;;Germany;;X;X
Product 1541;Snack;3,975.02;84;2939;2018/03/06;France;;X;X
Product 1542;Food;388,37;;2,690.48;17-01-2024;France;;X;X
Product 1543;Snack;4422,06;NaN;2421,89;2020/09/28;France;;X;X
Product 1544;Snack;3096,38;30;3,465.87;05-04-2021;Germany;;X;X
;Drink;4733,94;NaN;;26/07/2024;;;X;X
Product 1546;Drink;;;2995,25;19/10/2020;Germany;S-30;X;X
Product 1547;Snack;3,643.74;75;;20-04-2022;Germany;S-4;X;X
Product 1548;Drink;486;10;2816;2019/07/24;France;S-36;X;X
Product 1549;Food;1,076.54;;;16-09-2019;;S-24;X;X
Product 1550;Drink;4854;NaN;4,432.09;22/03/2022;Germany;;X;X
Product 1551;Drink;;76;2486,66;2024-08-17;Portugal;;X;X
Product 1552;Drink;3268;87;97.19;2023/01/11;France;;X;X
Product 1553;;3852,22;84;3558;24-06-2019;;;X;X
Product 1554;Food;1510;41;4,071.28;30/09/2022;Portugal;S-18;X;X
Product 1555;Snack;2,284.64;NaN;135;2020-05-13;;;X;X
Product 1556;Snack;601,63;NaN;;16/12/2019;France;S-12;X;X
Product 1557;;;;2917;2023-12-02;Portugal;;X;X
Product 1558;Drink;872,91;;;08/02/2018;France;;X;X
Product 1559;Food;430.48;84;1027;30-06-2020;France;;X;X
;Food;2276;;3,004.50;;;;X;X
Product 1561;Snack;;48;;14-08-2018;Germany;S-9;X;X
Product 1562;;316.42;NaN;;29/03/2018;Portugal;S-20;X;X
Product 1563;;;;1792;2018/10/20;Germany;;X;X
Product 1564;;3390,10;;2961,28;29-09-2018;Germany;;X;X
Product 1565;;;NaN;;01/10/2020;Germany;;X;X
Product 1566;Food;;NaN;;2022-05-15;France;;X;X
Product 1567;Drink;875,11;52;4353,54;18/10/2019;France;S-26;X;X
Product 1568;Snack;2883,80;;2805,81;08/08/2024;Portugal;S-27;X;X
Product 1569;Food;3283;NaN;3149,41;2020-04-06;Germany;S-5;X;X
Product 1570;;;NaN;599.93;2024/02/23;Germany;;X;X
Product 1571;;1013;54;;2021/11/07;Portugal;;X;X
Product 1572;Snack;122;99;3,050.52;16-07-2024;Germany;;X;X
Product 1573;Drink;4,815.95;NaN;1042,32;2021-12-09;France;;X;X
Product 1574;Drink;;;1,329.75;10/10/2021;Germany;;X;X
;Drink;4051,77;;;2020/09/14;;;X;X
Product 1576;;;NaN;;16-04-2024;;;X;X
Product 1577;Food;;;4391,47;2019/09/11;France;;X;X
Product 1578;Food;3959,82;;;28-03-2018;;;X;X
Product 1579;Drink;1432,59;;;2023-02-15;Portugal;;X;X
Product 1580;Snack;;NaN;;;Portugal;S-26;X;X
Product 1581;Drink;4,103.57;22;3797,31;09/07/2020;;;X;X
Product 1582;Drink;1866;NaN;4208,40;29/06/2019;Germany;S-31;X;X
Product 1583;Snack;3,630.99;;959.91;2023-01-20;Portugal;;X;X
Product 1584;Drink;1603;13;863,39;2024-07-01;France;;X;X
Product 1585;Snack;;NaN;4,152.69;2020-09-02;Germany;;X;X
Product 1586;Snack;1860;NaN;905,25;2020/09/09;Germany;S-18;X;X
Product 1587;Food;3,836.57;NaN;1526;2022/05/23;;S-50;X;X
Product 1588;Snack;;;3,294.04;09/04/2021;Portugal;;X;X
Product 1589;Drink;;38;4307,63;2024-10-08;Portugal;;X;X
;Snack;;;3018,62;2018/12/09;Portugal;;X;X
Product 1591;Drink;432;NaN;2076;18/07/2020;Portugal;;X;X
Product 1592;Snack;4423;;;2024/06/25;France;;X;X
Product 1593;Food;;NaN;557,05;14/04/2024;Portugal;;X;X
Product 1594;Drink;2,253.84;91;4,006.07;14/02/2020;;;X;X
Product 1595;Drink;4448;NaN;3343;2022/10/02;Germany;;X;X
Product 1596;Drink;2,531.76;;4958,14;2018-06-10;France;;X;X
Product 1597;Snack;2,993.96;;74.30;29/04/2019;;S-13;X;X
Product 1598;Food;4,255.49;NaN;2,556.05;2023-12-02;Germany;S-17;X;X
Product 1599;Food;4,886.16;;665,56;2023/09/01;Portugal;;X;X
Product 1600;Food;;;2492,82;;Portugal;;X;X
Product 1601;Food;;;2,695.88;25/12/2023;Portugal;;X;X
Product 1602;Snack;4403,62;NaN;4259,25;2022/05/07;;;X;X
Product 1603;Drink;2597,84;;;2021-09-28;France;;X;X
Product 1604;;1,273.59;94;3,379.82;2020-10-08;France;S-35;X;X
;Food;3698;33;1,287.22;23-08-2018;Germany;S-23;X;X
Product 1606;;2445;63;4934,81;2023-03-23;;;X;X
Product 1607;Snack;3659;64;;2020/04/11;;;X;X
Product 1608;Snack;;19;2869;2022-07-31;Portugal;S-23;X;X
Product 1609;;;34;3536,05;2022-04-13;France;S-4;X;X
Product 1610;Drink;1095;NaN;2,490.08;2022/04/22;Portugal;;X;X
Product 1611;;3749,13;NaN;1229;2022-06-09;Portugal;S-40;X;X
Product 1612;Snack;;60;2,602.78;2019-08-16;Portugal;;X;X
Product 1613;;778.51;91;2,042.53;2023/07/13;France;;X;X
Product 1614;Food;3581,01;87;3800,29;18/04/2023;Portugal;S-35;X;X
Product 1615;Food;2476,01;NaN;408;18-08-2022;;S-35;X;X
Product 1616;Drink;3474;70;;07/01/2020;Portugal;;X;X
Product 1617;;;NaN;3081;2021-05-29;;S-48;X;X
Product 1618;;1,514.29;;;14-11-2022;Portugal;S-32;X;X
Product 1619;;2709,83;NaN;878,43;26/07/2023;Portugal;;X;X
;;4,757.75;NaN;;;France;;X;X
Product 1621;Drink;117,53;NaN;43,46;2023/05/26;;S-20;X;X
Product 1622;Snack;1,478.92;97;2085,31;23-03-2020;France;S-34;X;X
Product 1623;Drink;928,57;;2570,78;15-05-2022;Portugal;;X;X
Product 1624;Snack;;;4117;15-08-2018;France;;X;X
Product 1625;Snack;;NaN;;2020/05/02;Germany;;X;X
Product 1626;Snack;;;2163;2019-05-28;;;X;X
Product 1627;;52;18;3,339.09;2024-01-11;France;S-3;X;X
Product 1628;Drink;1715;10;1,944.37;22/09/2023;Portugal;;X;X
Product 1629;Snack;;NaN;581.36;22-03-2019;Portugal;;X;X
Product 1630;Food;;NaN;4443;14/10/2024;France;;X;X
Product 1631;Snack;3176,10;55;219,14;27-03-2020;France;;X;X
Product 1632;Drink;3395,59;;524;2024/06/19;;;X;X
Product 1633;;2499;28;;2020/09/28;Portugal;;X;X
Product 1634;Food;;;2708;2019-07-02;;S-39;X;X
;Snack;;78;135.29;11-09-2021;Portugal;S-3;X;X
Product 1636;;3764,59;31;4099,25;2022-07-22;Germany;;X;X
Product 1637;Drink;2113;NaN;4209;13/02/2023;;;X;X
Product 1638;Drink;;;2543;08/01/2022;Portugal;S-28;X;X
Product 1639;Food;;21;1779;11-06-2022;;;X;X
Product 1640;Food;;;;;;S-38;X;X
Product 1641;Snack;3795,25;;704;23-07-2021;Portugal;;X;X
Product 1642;;2374,36;;2,330.97;15/12/2021;Germany;;X;X
Product 1643;;414,82;87;3293,57;2024-01-18;Portugal;;X;X
Product 1644;Drink;2273;4;1444;13/03/2022;Germany;S-44;X;X
Product 1645;Drink;;69;3934;07/06/2018;France;S-17;X;X
Product 1646;Snack;171;66;4958,15;2022-06-16;France;S-30;X;X
Product 1647;Snack;;NaN;2238;2018-02-06;Portugal;;X;X
Product 1648;Drink;;;2059;05-01-2021;Portugal;;X;X
Product 1649;Drink;474.77;;2934;2018/03/24;Portugal;;X;X
;;2967,15;92;4066;2019-03-23;;;X;X
Product 1651;;;87;504;2018-04-05;France;;X;X
Product 1652;;345.50;6;1505;2024/04/28;Germany;S-9;X;X
Product 1653;Snack;;NaN;2103;2018-01-14;Germany;;X;X
Product 1654;;4006,54;;2424,95;03-04-2024;France;;X;X
Product 1655;Food;1266,02;NaN;3991;26-11-2019;Portugal;;X;X
Product 1656;Food;;33;800.26;16-01-2021;Portugal;S-48;X;X
Product 1657;;;70;;11-08-2019;;;X;X
Product 1658;;1,466.95;58;1489;21-02-2019;France;;X;X
Product 1659;Drink;199;NaN;4,322.95;2023/02/10;Portugal;;X;X
Product 1660;Drink;2,133.66;;4475;;France;S-17;X;X
Product 1661;Snack;4842,82;;1191,15;2019-06-17;Portugal;;X;X
Product 1662;Food;;NaN;2378;19/01/2022;;S-48;X;X
Product 1663;Food;;NaN;776.28;2021/09/27;Germany;;X;X
Product 1664;Snack;3,878.70;NaN;4695,67;2018/11/17;Portugal;;X;X
;;3862,31;81;;31/07/2023;Germany;;X;X
Product 1666;;1,511.38;24;;20-08-2020;;S-3;X;X
Product 1667;Snack;;NaN;1,701.16;30/11/2020;France;S-40;X;X
Product 1668;Food;;NaN;;28-10-2020;;;X;X
Product 1669;Food;4042,09;62;2,424.47;05/03/2021;Germany;;X;X
Product 1670;;507.69;NaN;;2021-08-25;Portugal;;X;X
Product 1671;Drink;660,00;17;3689;2024/07/08;France;;X;X
Product 1672;Snack;2190;36;1,256.80;2023/07/08;Portugal;S-7;X;X
Product 1673;Snack;;;816,15;2022/10/22;France;S-10;X;X
Product 1674;;102;;820;2019/01/03;Portugal;S-30;X;X
Product 1675;Snack;3174,16;33;4853,45;2022/10/01;Portugal;S-37;X;X
Product 1676;Food;2093,12;93;3,582.89;01/04/2022;;S-11;X;X
Product 1677;;;;1375,27;28-03-2019;Portugal;;X;X
Product 1678;Food;334,69;17;;02/05/2018;Portugal;;X;X
Product 1679;Drink;1313;;687.22;2020/01/27;Portugal;S-24;X;X
;Snack;2,373.13;47;;;;;X;X
Product 1681;Snack;4,533.08;6;4568,77;31-12-2023;;;X;X
Product 1682;Food;605.05;;2222,74;2024/04/04;;S-31;X;X
Product 1683;;431.89;1;2996;07-03-2019;;;X;X
Product 1684;;;NaN;;02-06-2019;Germany;S-28;X;X
Product 1685;Snack;3299;38;246,48;2020/07/16;Portugal;;X;X
Product 1686;Food;;26;4,279.49;02/07/2019;Germany;S-3;X;X
Product 1687;Drink;334.09;;;2023-08-19;;;X;X
Product 1688;Food;2910,60;;4,690.03;09/12/2023;France;;X;X
Product 1689;;2,798.33;;1130;2020-05-29;Germany;S-36;X;X
Product 1690;Snack;1012;;796,50;02/07/2021;Germany;;X;X
Product 1691;Snack;;18;2,654.89;06/06/2018;Germany;S-43;X;X
Product 1692;Snack;55,97;;;01/12/2021;Germany;S-26;X;X
Product 1693;Drink;2550,98;98;1,828.53;2018-06-12;France;;X;X
Product 1694;Drink;563;NaN;4,846.71;2019-06-04;Portugal;S-38;X;X
;;2927,86;NaN;795,59;02/04/2021;Portugal;;X;X
Product 1696;Food;1,516.72;NaN;2637;2022-08-25;Portugal;;X;X
Product 1697;Food;1,597.65;;4000;31-01-2024;Germany;;X;X
Product 1698;Food;4,302.93;NaN;4395,10;04/02/2024;France;S-22;X;X
Product 1699;Drink;;60;2783;18/07/2021;Germany;S-3;X;X
Product 1700;Snack;2,391.38;85;3826,10;;;;X;X
Product 1701;;;;2638,85;06-12-2020;Germany;;X;X
Product 1702;;2765,16;100;3995;2023-07-22;Germany;;X;X
Product 1703;Drink;730.56;NaN;906,72;30-07-2024;Portugal;;X;X
Product 1704;Drink;4,289.23;NaN;2,484.58;2023/08/28;France;;X;X
Product 1705;Snack;4305,93;NaN;1426,54;01-06-2018;;S-29;X;X
Product 1706;Snack;2388,44;NaN;2,058.69;17-10-2018;;S-43;X;X
Product 1707;Drink;2,830.79;NaN;1002;03/10/2018;France;;X;X
Product 1708;;;;1697;28/04/2019;;S-42;X;X
Product 1709;Snack;4198;;977;12-05-2019;Germany;;X;X
;Snack;4688;NaN;;2023-12-02;Germany;;X;X
Product 1711;;;;;15/11/2022;Germany;S-39;X;X
Product 1712;Snack;214;9;638,09;26-05-2022;Portugal;;X;X
Product 1713;;3903,16;;1,351.94;07-07-2022;Germany;;X;X
Product 1714;Food;963;NaN;926.22;04/01/2021;France;S-36;X;X
Product 1715;Snack;1,953.88;10;1,385.15;19/10/2019;Portugal;S-28;X;X
Product 1716;Snack;3,743.04;NaN;4139,78;2020/07/21;France;S-1;X;X
Product 1717;Food;;69;4329,53;2021/06/01;France;;X;X
Product 1718;;3,230.20;NaN;;2022-06-26;Germany;;X;X
Product 1719;Snack;1206;NaN;;09-01-2019;Germany;;X;X
Product 1720;Food;2485,67;NaN;963.58;;France;;X;X
Product 1721;;2163,71;82;1,466.95;2024/05/15;;S-31;X;X
Product 1722;Snack;2086,58;;;2021/05/21;Germany;S-18;X;X
Product 1723;Drink;3,522.37;;3,824.51;2023-02-21;;;X;X
Product 1724;Food;3864,59;29;;08-12-2018;;;X;X
;;;;2513,63;2018/02/12;France;S-32;X;X
Product 1726;Drink;1404;NaN;4613,96;2020/11/14;Portugal;S-8;X;X
Product 1727;;1517;;4477,99;2018/10/19;;;X;X
Product 1728;Drink;;NaN;4,553.57;28-02-2020;;;X;X
Product 1729;Drink;;;;2019/05/14;Germany;;X;X
Product 1730;Food;3,787.09;66;4672,70;2021-10-03;Germany;;X;X
Product 1731;Food;2346,64;NaN;249;28/01/2024;Germany;S-32;X;X
Product 1732;Drink;3457;NaN;4,257.09;31/10/2018;;;X;X
Product 1733;Food;2663,70;;2,353.80;2019-09-12;;;X;X
Product 1734;;1257;NaN;4981;2023-11-28;Portugal;;X;X
Product 1735;Snack;4670;NaN;3257;25-03-2022;Germany;;X;X
Product 1736;;2,972.17;;882,41;2018/06/12;;S-13;X;X
Product 1737;Drink;1565;NaN;2203,27;2024-07-16;Portugal;S-47;X;X
Product 1738;;4,536.09;;1,778.31;12-01-2022;;S-5;X;X
Product 1739;Drink;1742;NaN;;2019-03-21;;;X;X
;;959;6;2465;;France;;X;X
Product 1741;;;NaN;;28-08-2018;Portugal;S-28;X;X
Product 1742;Food;;;1791,39;08-06-2019;France;;X;X
Product 1743;Drink;3,348.42;;4656,11;11-09-2018;;S-38;X;X
Product 1744;Drink;3,841.57;;263;2022/04/09;Germany;;X;X
Product 1745;Snack;4011;80;1483,79;17-10-2018;Portugal;;X;X
Product 1746;;949;73;;2021-04-07;France;;X;X
Product 1747;;3563;NaN;2187,89;2022/10/07;Portugal;;X;X
Product 1748;Snack;;;585.67;2018-05-17;Germany;;X;X
Product 1749;Drink;2,908.75;NaN;;2021/10/10;Germany;;X;X
Product 1750;;586;NaN;;2021/04/20;Portugal;;X;X
Product 1751;Snack;3,192.98;18;1839,46;27/02/2019;;S-9;X;X
Product 1752;Snack;2990;;4914,58;21/08/2023;Germany;;X;X
Product 1753;Snack;;NaN;;30/05/2023;Germany;;X;X
Product 1754;;;25;3752;07/12/2020;;;X;X
;Drink;2421;75;2357;2024-01-02;France;S-30;X;X
Product 1756;Drink;;58;;28-03-2019;Portugal;;X;X
Product 1757;Snack;2,687.04;NaN;4,968.64;2022/11/07;;S-2;X;X
Product 1758;Snack;1273,63;;;12-09-2024;Portugal;;X;X
Product 1759;Drink;;;4857,66;2019/10/27;;S-36;X;X
Product 1760;Snack;;NaN;3725;;France;;X;X
Product 1761;Snack;16.34;;4009;20/11/2023;France;S-18;X;X
Product 1762;Drink;4059;59;;2019/09/27;Germany;;X;X
Product 1763;;;18;1134,36;2024/09/27;Portugal;;X;X
Product 1764;Snack;4673;;4629,42;2023/07/22;;;X;X
Product 1765;;;82;870,18;2024/03/08;Portugal;S-36;X;X
Product 1766;Snack;995,95;;2,679.77;21/03/2019;Germany;;X;X
Product 1767;Snack;;;;24-04-2020;;;X;X
Product 1768;Snack;;NaN;4860;11/12/2021;Portugal;;X;X
Product 1769;Food;2185;36;4126,89;2020/07/04;Germany;;X;X
;;597.22;NaN;696,73;12/02/2022;Portugal;;X;X
Product 1771;;614,58;;3,719.68;2020-04-28;Germany;;X;X
Product 1772;Snack;205,17;NaN;4775,15;19-08-2023;Germany;S-16;X;X
Product 1773;Drink;1386;NaN;;03-04-2019;Portugal;S-21;X;X
Product 1774;Snack;637,11;44;;2024/08/17;Germany;;X;X
Product 1775;Food;;;123,15;19-04-2022;;S-28;X;X
Product 1776;Snack;1024,46;;;12-11-2021;Portugal;;X;X
Product 1777;Food;49;98;3,366.98;20/04/2024;France;;X;X
Product 1778;Snack;4884;NaN;3,382.44;09/10/2024;France;;X;X
Product 1779;;1,420.94;NaN;4,318.85;23-06-2021;Germany;;X;X
Product 1780;Snack;1152;;2878;;Portugal;;X;X
Product 1781;;4639;;;2022-07-24;Germany;S-37;X;X
Product 1782;Drink;4,203.84;NaN;1683;20/04/2023;;;X;X
Product 1783;Drink;114;NaN;2,471.56;12-09-2021;Germany;;X;X
Product 1784;Snack;3,811.76;76;;25-05-2024;France;;X;X
;Snack;;NaN;3009;2021-12-31;Portugal;S-23;X;X
Product 1786;Drink;1015,71;94;1852,92;2020-02-17;Portugal;;X;X
Product 1787;Food;4772,37;14;1031;2021/08/19;Germany;;X;X
Product 1788;Drink;2856;95;1126;10/09/2022;Germany;;X;X
Product 1789;Drink;4047,75;59;792.78;30-09-2022;Portugal;;X;X
Product 1790;Food;;NaN;2204;26/09/2022;France;;X;X
Product 1791;Drink;;;;02/03/2019;Portugal;;X;X
Product 1792;Drink;3,048.04;NaN;4,334.62;2022-11-13;Portugal;;X;X
Product 1793;Food;4588;;;10/11/2022;Germany;S-43;X;X
Product 1794;Food;536.93;98;;2021/03/13;Portugal;;X;X
Product 1795;;;16;;27-12-2020;Portugal;;X;X
Product 1796;Snack;;;2940;21-01-2020;Portugal;S-17;X;X
Product 1797;;2,230.83;NaN;4023;2019/07/08;;S-46;X;X
Product 1798;Food;501,83;;4,698.45;2021/12/23;France;;X;X
Product 1799;Drink;;;1,471.23;16-06-2023;France;S-21;X;X
;Food;;NaN;3460;;;;X;X
Product 1801;Drink;;;;21-09-2024;France;;X;X
Product 1802;;115;13;1,303.62;2021-07-04;Germany;;X;X
Product 1803;;;;;2019/03/05;Germany;S-4;X;X
Product 1804;;2183;;;05/12/2023;Portugal;;X;X
Product 1805;Drink;;;;08/04/2020;Germany;S-14;X;X
Product 1806;Snack;;NaN;;17/06/2022;Portugal;;X;X
Product 1807;Snack;4,191.09;;200.01;07-05-2024;France;;X;X
Product 1808;Snack;1864,81;35;;2018-05-04;France;;X;X
Product 1809;Food;;56;4,562.66;2021/07/01;;;X;X
Product 1810;Food;;;;2023-07-11;France;S-16;X;X
Product 1811;Drink;1035;;231;01-02-2022;France;S-21;X;X
Product 1812;Food;1766;NaN;1900;2023-07-24;;;X;X
Product 1813;Drink;1243;NaN;1172;2024/06/14;Portugal;;X;X
Product 1814;;;;925,64;2021/01/24;Portugal;S-31;X;X
;Drink;;61;479;30-01-2022;France;;X;X
Product 1816;Food;4,803.28;15;1,399.80;2018/11/18;;;X;X
Product 1817;;3227,39;NaN;1275,34;08-06-2018;France;;X;X
Product 1818;;2261,23;;1736;2023/02/02;France;;X;X
Product 1819;Drink;1944;100;;2018/12/12;Germany;;X;X
Product 1820;Snack;1797,60;30;3055,33;;;;X;X
Product 1821;Food;;;;27/02/2019;Germany;;X;X
Product 1822;Food;4545,94;60;4188,71;2022/04/08;;S-29;X;X
Product 1823;Snack;2186;;2,656.12;2018/04/29;;;X;X
Product 1824;Food;1142;;1692;2020/10/08;Germany;S-30;X;X
Product 1825;Snack;4557;29;4,462.07;08/07/2019;Germany;S-47;X;X
Product 1826;Snack;2,392.65;60;2135;15/12/2019;;S-12;X;X
Product 1827;;1,095.68;;;10-03-2023;France;;X;X
Product 1828;;;NaN;;01-08-2024;Portugal;S-10;X;X
Product 1829;Drink;1,822.86;NaN;;2020-02-20;France;S-50;X;X
;;449.86;NaN;1299;26-08-2021;;;X;X
Product 1831;Snack;461,88;NaN;3,668.25;2020-01-10;France;;X;X
Product 1832;Drink;1251;NaN;3160,23;21-09-2023;;S-12;X;X
Product 1833;Food;2265;87;3656;2021/02/16;Germany;;X;X
Product 1834;Snack;;97;1,064.98;25/06/2020;Portugal;;X;X
Product 1835;Drink;1,392.57;82;3986;2022-11-19;Portugal;S-10;X;X
Product 1836;;1145;34;2017;2022-07-05;Portugal;S-11;X;X
Product 1837;Snack;833,14;66;;2023/04/04;Germany;;X;X
Product 1838;Drink;1159,08;;4431;03/06/2024;Portugal;S-41;X;X
Product 1839;Food;3,104.72;NaN;;2024/11/03;;;X;X
Product 1840;Snack;;NaN;;;Germany;;X;X
Product 1841;Snack;4,710.08;NaN;;14/11/2021;Germany;;X;X
Product 1842;Drink;1,181.23;;4632;12-11-2019;Portugal;;X;X
Product 1843;Drink;3013,17;NaN;1162,85;2024-08-28;;S-36;X;X
Product 1844;;336,91;;1667,75;2023-10-20;Germany;;X;X
;;1,345.22;60;;2021/12/22;Portugal;;X;X
Product 1846;Snack;;NaN;4817;17-12-2020;Portugal;;X;X
Product 1847;Food;2767;16;1865,66;2018-07-28;;;X;X
Product 1848;;3,616.04;88;4,230.58;31-08-2022;France;;X;X
Product 1849;Food;2,668.29;8;3,396.63;2020-08-27;France;;X;X
Product 1850;Drink;1228,23;;;30-07-2019;Portugal;;X;X
Product 1851;Drink;1,627.39;;2,411.68;2019-06-14;;S-40;X;X
Product 1852;;3831,75;32;2,320.80;15-11-2021;France;;X;X
Product 1853;Snack;2504,57;32;1081,81;05/10/2020;France;S-39;X;X
Product 1854;Drink;1,969.03;;101,36;2022/05/21;Portugal;S-5;X;X
Product 1855;Food;241.72;;3619;16-07-2018;;;X;X
Product 1856;Snack;4,232.69;48;;30/07/2022;France;S-35;X;X
Product 1857;;4308;66;952,67;05/02/2024;;S-47;X;X
Product 1858;Drink;2869;;;2022-12-21;;S-39;X;X
Product 1859;;;NaN;1754,32;15/10/2019;;;X;X
;Snack;875,73;;1,831.18;;Portugal;S-3;X;X
Product 1861;Snack;3,567.15;8;207.80;08/08/2022;Germany;;X;X
Product 1862;Snack;3200,68;;1,881.35;2019-05-18;France;;X;X
Product 1863;Food;;;3420,02;16-05-2024;Germany;;X;X
Product 1864;Snack;679;35;325;15-02-2024;Portugal;S-48;X;X
Product 1865;Snack;;94;4034;2019/12/08;Germany;;X;X
Product 1866;Drink;;;3951,95;2021-05-12;France;;X;X
Product 1867;Food;;;;08-12-2022;Portugal;S-45;X;X
Product 1868;Food;;38;788;2020-10-30;France;S-26;X;X
Product 1869;;4810;;354,91;29/08/2022;Portugal;S-11;X;X
Product 1870;Snack;;;;2018/02/13;;;X;X
Product 1871;Drink;;;1640,54;03/06/2020;Germany;S-4;X;X
Product 1872;;;NaN;1,938.03;2023-10-27;;S-48;X;X
Product 1873;Snack;631,20;86;768;07-07-2019;Germany;S-26;X;X
Product 1874;Food;1034;27;199,01;11/06/2023;Germany;;X;X
;Snack;4209,73;;2,280.31;09-04-2019;;;X;X
Product 1876;Snack;;34;4,423.25;2023/03/15;Germany;;X;X
Product 1877;Drink;1912;82;;21-11-2019;Portugal;S-15;X;X
Product 1878;Drink;1868;NaN;;2024/01/05;Germany;;X;X
Product 1879;Drink;2436,11;NaN;506;15-02-2020;Germany;;X;X
Product 1880;;1,077.85;18;;;Portugal;;X;X
Product 1881;Drink;2,249.70;49;;09-02-2024;;;X;X
Product 1882;;3245;63;2,380.46;2019/10/18;France;S-2;X;X
Product 1883;Snack;1,981.80;NaN;2379,00;22-07-2019;;;X;X
Product 1884;;81.89;NaN;4,873.51;2021-12-01;Germany;S-23;X;X
Product 1885;;4518;75;2,237.16;2021-01-22;Portugal;;X;X
Product 1886;Drink;;7;;2022/04/15;Germany;;X;X
Product 1887;Drink;3564;47;4632,38;2018/08/23;Germany;;X;X
Product 1888;Food;;23;;2024-02-15;Germany;;X;X
Product 1889;;652,07;;;2024/05/30;France;;X;X
;Snack;1,226.83;34;2353,24;2020-05-28;Germany;;X;X
Product 1891;Food;4485,19;;;2022/10/18;Germany;S-33;X;X
Product 1892;Food;1477,09;NaN;275.23;2022-12-13;France;;X;X
Product 1893;Food;;NaN;;2022/03/12;Portugal;S-33;X;X
Product 1894;Drink;;;1906,39;02-03-2024;France;;X;X
Product 1895;Drink;390;NaN;;17/10/2021;Portugal;;X;X
Product 1896;Drink;;NaN;468;2021-01-12;France;S-48;X;X
Product 1897;Snack;;;;02/06/2023;Germany;;X;X
Product 1898;;338;;;2020/01/08;France;;X;X
Product 1899;Food;967.40;16;311,80;13-11-2021;Portugal;;X;X
Product 1900;Drink;55,28;53;501.18;;France;;X;X
Product 1901;;729;;3,751.47;03/02/2024;Germany;S-31;X;X
Product 1902;Food;299.43;NaN;3,624.51;12/08/2019;;;X;X
Product 1903;;3153;NaN;3,511.18;2023-11-19;France;;X;X
Product 1904;Food;;;4369,86;2023-05-20;France;;X;X
;;;NaN;1593,16;25/05/2018;France;;X;X
Product 1906;Drink;1734;;609,47;2019-08-09;France;S-23;X;X
Product 1907;;1424,64;90;3806,85;2024/05/05;Portugal;;X;X
Product 1908;;4006,12;;3,669.69;18/08/2018;France;;X;X
Product 1909;Food;;;3948,53;2020/04/11;;;X;X
Product 1910;;2167,04;;;18-05-2024;France;S-38;X;X
Product 1911;Snack;3331,60;;;2023/02/17;Germany;;X;X
Product 1912;Food;4,993.22;69;;12/10/2020;France;;X;X
Product 1913;;;NaN;4215,44;22-04-2022;Germany;;X;X
Product 1914;Snack;;NaN;4194,00;01/02/2024;Portugal;S-21;X;X
Product 1915;Food;3657;NaN;1408;2022/01/02;Portugal;S-37;X;X
Product 1916;Drink;719.76;48;;2021/10/29;;S-19;X;X
Product 1917;Food;;69;1,146.86;2024-07-08;France;;X;X
Product 1918;Food;1,378.80;NaN;2,793.21;07-02-2024;;;X;X
Product 1919;;209;NaN;;2023-06-23;Portugal;S-17;X;X
;Snack;60.57;40;1,286.46;;;S-36;X;X
Product 1921;Food;972.47;24;4560;08/05/2020;Germany;;X;X
Product 1922;Food;2,087.95;18;;2020-08-09;Germany;S-37;X;X
Product 1923;Food;2134;NaN;;10-02-2019;;S-22;X;X
Product 1924;;4,952.13;NaN;729,27;09-08-2023;Germany;S-36;X;X
Product 1925;Food;2,83;;;25-02-2021;;;X;X
Product 1926;Snack;816,96;66;98.80;15/07/2021;France;S-41;X;X
Product 1927;;;89;4063;2020/09/24;Germany;;X;X
Product 1928;Drink;3,935.06;NaN;;28-03-2022;;;X;X
Product 1929;Drink;2,341.53;;1580,73;05/10/2020;Germany;;X;X
Product 1930;;;83;4860;21/09/2023;France;;X;X
Product 1931;Snack;;NaN;4,617.75;12-01-2020;France;;X;X
Product 1932;;4058;;4505,25;06-02-2018;Portugal;S-12;X;X
Product 1933;;3083;;4,222.44;05-07-2024;Portugal;S-47;X;X
Product 1934;;4252;41;4579;07-08-2023;;;X;X
;;2885;NaN;3182,57;13/06/2023;Germany;S-10;X;X
Product 1936;Food;3157;NaN;;2018/05/16;;S-26;X;X
Product 1937;Drink;2633;NaN;4737;2020/01/09;;S-35;X;X
Product 1938;Snack;4,030.94;NaN;9.87;05-09-2018;Portugal;;X;X
Product 1939;Food;1130,99;58;1472;2022-11-29;Portugal;;X;X
Product 1940;Drink;2169;;3,254.24;;Germany;;X;X
Product 1941;;1640;38;2,094.65;28/07/2019;France;;X;X
Product 1942;Drink;;46;4,824.27;2022-11-07;;S-3;X;X
Product 1943;Drink;256;NaN;;2018/08/07;Portugal;;X;X
Product 1944;Food;4008;;3146;28/09/2022;;;X;X
Product 1945;Food;532.48;;;05/05/2022;Germany;;X;X
Product 1946;Snack;2,775.07;;4,715.12;2019-08-03;France;;X;X
Product 1947;;4,403.73;;768.17;2018/12/26;France;;X;X
Product 1948;;2,321.74;;83,16;10-05-2021;Portugal;S-10;X;X
Product 1949;;4630;NaN;3,451.03;19/10/2018;Portugal;;X;X
;Drink;;32;71,73;2018/10/25;;;X;X
Product 1951;Drink;2096;;;2024-07-29;Germany;;X;X
Product 1952;;1,495.42;37;;21/12/2019;Portugal;S-46;X;X
Product 1953;Snack;;;1,400.37;07-01-2024;Germany;;X;X
Product 1954;Drink;4742,46;;;03/01/2023;France;;X;X
Product 1955;Snack;3874,83;NaN;;2019/03/02;France;;X;X
Product 1956;Drink;;66;4560,10;2019/05/10;Portugal;;X;X
Product 1957;Food;;;219;09/06/2024;Germany;;X;X
Product 1958;Food;4891;;3,060.70;2022/08/29;;;X;X
Product 1959;;4687,97;NaN;;2019-03-01;Portugal;;X;X
Product 1960;Food;;;;;Germany;;X;X
Product 1961;Drink;;;;2023/12/18;;S-41;X;X
Product 1962;Drink;;;;2023-08-27;France;;X;X
Product 1963;Food;;NaN;158.23;2019-12-27;Portugal;;X;X
Product 1964;Food;2,150.53;NaN;;12/01/2020;Germany;;X;X
;Food;1,432.34;NaN;4727;2019/01/13;France;S-37;X;X
Product 1966;;1680;NaN;4221,71;2019-11-13;France;S-19;X;X
Product 1967;Food;2967,23;49;4534,63;2024-02-15;;;X;X
Product 1968;Drink;503,30;75;;21-05-2024;France;S-20;X;X
Product 1969;Food;3980,97;18;;14/10/2018;Portugal;;X;X
Product 1970;;;;1489;25/06/2021;Portugal;;X;X
Product 1971;;2463,24;;4324;2018-09-10;Portugal;;X;X
Product 1972;Drink;4,671.87;;3189;2024/02/29;;S-38;X;X
Product 1973;Drink;4959,19;;;2020/08/05;Portugal;;X;X
Product 1974;Food;2356,04;94;;01-09-2024;;;X;X
Product 1975;Drink;667;;3584,83;2020-07-08;Germany;S-16;X;X
Product 1976;Snack;3393;6;;2023-11-03;Portugal;;X;X
Product 1977;Drink;3330,29;;556.30;2022/08/06;;;X;X
Product 1978;Snack;202;NaN;;13/04/2023;;;X;X
Product 1979;Snack;1650,71;79;2,509.93;01/06/2023;Portugal;;X;X
;Drink;4981,58;NaN;3,178.06;;France;S-36;X;X
Product 1981;Snack;4940,92;;;2023-10-30;Germany;S-17;X;X
Product 1982;Drink;4,107.15;60;3,848.77;28-02-2019;;S-36;X;X
Product 1983;Drink;;NaN;4,686.42;2021/10/17;;S-17;X;X
Product 1984;;;;;20-01-2022;France;;X;X
Product 1985;Snack;537;;2131;06/03/2020;Portugal;;X;X
Product 1986;Snack;3077,18;86;1285;2020/10/23;Portugal;S-36;X;X
Product 1987;Food;4159;;640;2021-03-26;;S-38;X;X
Product 1988;Drink;;38;3842;12/01/2022;France;;X;X
Product 1989;;3030;NaN;4903;2022-11-05;Portugal;;X;X
Product 1990;;786,97;51;1713;2022/06/26;France;;X;X
Product 1991;Food;2,482.08;28;3,238.20;2022-09-25;Portugal;S-41;X;X
Product 1992;Snack;3445,16;48;4461,16;2021/08/07;;;X;X
Product 1993;;1966;84;3,600.40;2018/02/04;Portugal;S-33;X;X
Product 1994;Snack;;NaN;3216;2019-10-08;;S-37;X;X
;;4051;NaN;;19-01-2023;Germany;;X;X
Product 1996;;4758;39;1631;16-01-2020;Germany;S-23;X;X
Product 1997;Drink;;NaN;1,795.52;17/06/2019;France;;X;X
Product 1998;Snack;2,089.85;NaN;2,770.64;26/06/2024;Germany;;X;X
Product 1999;;3971;;4,916.20;2020/07/18;Portugal;;X;X
Product 2000;Drink;3,331.28;35;682.25;;;;X;X
Product 2001;;1,203.41;NaN;1528;16-08-2022;;;X;X
Product 2002;Drink;3516,17;;3,616.22;2019/03/15;France;S-18;X;X
Product 2003;Drink;397,27;NaN;;19-01-2021;Germany;S-37;X;X
Product 2004;Snack;;;2,573.48;01-11-2018;Germany;;X;X
Product 2005;Drink;630,55;;;16/02/2020;;;X;X
Product 2006;;1412;;;2023/01/28;;;X;X
Product 2007;Food;3,438.63;;3354;2020-09-23;France;;X;X
Product 2008;;;;3,023.96;24-12-2022;;;X;X
Product 2009;;2049;;3,322.69;22-04-2022;;;X;X
;Drink;4,687.18;NaN;4206,38;2020-10-29;Germany;S-22;X;X
Product 2011;;4477,95;;565.21;2018-02-22;Portugal;;X;X
Product 2012;Drink;;NaN;;2023/10/28;France;;X;X
Product 2013;Snack;957,44;;3194,15;17-03-2023;Germany;;X;X
Product 2014;Drink;244;NaN;3961,69;2022/04/29;Germany;;X;X
Product 2015;Snack;;15;;2020/02/22;Portugal;;X;X
Product 2016;Food;;NaN;2409,11;31-05-2024;Germany;S-41;X;X
Product 2017;;3918;NaN;496;07-04-2018;France;S-12;X;X
Product 2018;Snack;2248;;4383,24;25/12/2018;France;;X;X
Product 2019;Food;;;4626;2021-01-25;France;;X;X
Product 2020;Drink;3,292.02;NaN;3743,47;;Germany;;X;X
Product 2021;Food;37.19;85;3,183.54;2024/03/02;Germany;;X;X
Product 2022;Snack;;NaN;1059;29-04-2023;;S-46;X;X
Product 2023;;466;NaN;1216;09/01/2022;Germany;;X;X
Product 2024;Food;740.84;30;802,29;2018/04/29;;;X;X
;Food;;NaN;;12/04/2022;Germany;;X;X
Product 2026;Drink;4,785.31;36;;2020/01/26;;;X;X
Product 2027;Drink;;21;1689,39;2023-02-03;;;X;X
Product 2028;;192,25;77;;2023-12-22;;S-49;X;X
Product 2029;Drink;3157;NaN;4402;2020-02-08;Portugal;;X;X
Product 2030;Snack;4001;;;06/04/2021;Germany;;X;X
Product 2031;Snack;1685,90;50;4,101.36;2023-02-12;France;;X;X
Product 2032;Food;2,413.99;;603;2018/09/04;France;;X;X
Product 2033;Drink;1055;NaN;321,77;22/07/2021;Portugal;S-8;X;X
Product 2034;Drink;3401;NaN;310;2022-04-05;France;S-40;X;X
Product 2035;Food;2,654.35;36;1474,50;20-08-2024;Germany;S-47;X;X
Product 2036;;2174,69;NaN;;2018-05-27;Germany;;X;X
Product 2037;Drink;2274;;2,440.61;2023/02/07;Germany;S-37;X;X
Product 2038;Drink;;;;14-08-2018;Portugal;;X;X
Product 2039;;222;13;1679;25-06-2024;France;;X;X
;Drink;89,57;NaN;;;France;;X;X
Product 2041;Snack;;49;3142,54;08/10/2021;;;X;X
Product 2042;Snack;4,645.24;65;4,171.07;2019-10-22;Portugal;;X;X
Product 2043;;4,615.45;16;1,913.24;2023-02-10;France;S-23;X;X
Product 2044;;2246;45;;18-08-2022;Germany;S-44;X;X
Product 2045;Snack;4457,57;NaN;;16-07-2023;Portugal;;X;X
Product 2046;Snack;4083;NaN;3682,94;2021-05-31;France;S-45;X;X
Product 2047;Snack;1974,06;NaN;438.59;27/09/2023;Germany;;X;X
Product 2048;Snack;2653,71;21;395,80;2018-02-16;Portugal;;X;X
Product 2049;;;NaN;2,293.97;22/06/2022;;;X;X
Product 2050;;1194,90;NaN;;2022/10/31;;S-48;X;X
Product 2051;Food;2150,05;;4962;29-05-2019;Germany;S-40;X;X
Product 2052;;4011;;543.89;15/09/2020;France;;X;X
Product 2053;Snack;;NaN;2159;2022-11-26;;;X;X
Product 2054;Drink;81;92;670.14;2024-02-19;;S-12;X;X
;Snack;3844,50;;;2020/09/02;;;X;X
Product 2056;Snack;2,483.18;;3351;27-10-2021;Portugal;S-5;X;X
Product 2057;;2670;35;3652,68;30-01-2022;Germany;;X;X
Product 2058;Food;3,898.37;NaN;1,406.44;27-10-2019;Portugal;;X;X
Product 2059;Drink;;;2,531.06;16-08-2019;;S-9;X;X
Product 2060;Drink;2803;;4168,64;;;S-17;X;X
Product 2061;Food;886.18;28;2065;2024-03-11;Portugal;;X;X
Product 2062;Snack;;;3,543.39;2023/08/28;Portugal;S-49;X;X
Product 2063;;398.38;NaN;3452;2019/04/14;Germany;;X;X
Product 2064;Snack;4732,89;NaN;4541,40;16-03-2023;Germany;;X;X
Product 2065;Drink;497;NaN;1778;28/01/2020;Portugal;;X;X
Product 2066;Drink;845;NaN;3283;2023-09-18;Portugal;;X;X
Product 2067;Snack;;NaN;1230;09-10-2019;Portugal;;X;X
Product 2068;Drink;;75;2442;2023-06-24;Portugal;S-40;X;X
Product 2069;;1,020.47;;;2024/08/31;Germany;S-3;X;X
;Drink;1807;16;4,005.64;2022-07-26;France;;X;X
Product 2071;;1547,46;2;3258;01-04-2024;Germany;;X;X
Product 2072;Snack;381.13;49;;09-03-2023;France;S-13;X;X
Product 2073;Snack;4366,11;;4,562.47;26-12-2018;;S-47;X;X
Product 2074;;4767,93;97;935;2021-02-14;Germany;;X;X
Product 2075;;3893;;1699;2023-10-27;Portugal;;X;X
Product 2076;;4825,72;NaN;131;12-12-2020;Germany;S-40;X;X
Product 2077;Drink;3824;;756,89;2018/08/01;Portugal;S-50;X;X
Product 2078;Snack;;NaN;47;2024-06-17;;;X;X
Product 2079;Drink;;NaN;;12/09/2019;Germany;;X;X
Product 2080;Drink;3339;;;;France;;X;X
Product 2081;;3927;44;2227;25/10/2022;Portugal;S-28;X;X
Product 2082;Drink;3945;64;4001;18/08/2019;Portugal;S-21;X;X
Product 2083;Food;881.99;;1043,71;2023-10-26;;S-34;X;X
Product 2084;Food;2726;61;;17-11-2019;Germany;;X;X
;Food;3626,58;15;;2024-09-27;Germany;;X;X
Product 2086;Food;4,960.61;46;1,921.69;27/10/2018;France;;X;X
Product 2087;Food;729.06;NaN;;02-05-2021;Portugal;;X;X
Product 2088;;2,610.43;NaN;2,972.78;2019-09-11;Germany;;X;X
Product 2089;Drink;2393;25;1184;02-05-2024;;;X;X
Product 2090;Drink;;;4006,03;01/07/2023;France;S-1;X;X
Product 2091;Food;;29;162.65;14-01-2024;Portugal;S-40;X;X
Product 2092;Drink;;NaN;3271;06-05-2022;;;X;X
Product 2093;Food;1,061.80;47;4711;2021-11-13;Germany;;X;X
Product 2094;Drink;;NaN;4,303.27;2022/11/01;Portugal;;X;X
Product 2095;;3867,32;27;4331;09-05-2020;;;X;X
Product 2096;Snack;4,880.69;;2,001.56;08-05-2022;;;X;X
Product 2097;Food;;30;;14/04/2018;;;X;X
Product 2098;;;NaN;3,340.97;10-12-2019;;;X;X
Product 2099;;1936;61;527;2021-05-20;Germany;;X;X
;Food;995,57;36;790;;Portugal;;X;X
Product 2101;Food;181.90;;;01/05/2021;Portugal;S-25;X;X
Product 2102;;18;;4033,51;09/02/2024;;;X;X
Product 2103;Food;85;7;1104,42;2022/12/18;France;S-21;X;X
Product 2104;Food;;NaN;3690,45;2018/01/04;Portugal;S-23;X;X
Product 2105;Snack;3748,66;NaN;312;2020-06-18;France;S-50;X;X
Product 2106;Snack;;NaN;609.61;04/03/2024;France;S-12;X;X
Product 2107;Food;426,13;NaN;3335;20-05-2020;France;;X;X
Product 2108;;2973,24;NaN;;2018-06-01;Germany;;X;X
Product 2109;Drink;;;710;15-04-2021;Germany;;X;X
Product 2110;Food;2471;NaN;4,161.53;2023-06-30;;;X;X
Product 2111;Food;598,77;3;621,66;2021-12-06;France;;X;X
Product 2112;Drink;3930;78;1698;06/12/2018;France;;X;X
Product 2113;Drink;;61;;2023-06-23;Germany;S-42;X;X
Product 2114;Drink;1467,26;23;;13/09/2020;;S-39;X;X
;Snack;274;NaN;349,58;2019/11/27;Portugal;;X;X
Product 2116;Snack;3,324.12;;1,154.90;2023-09-03;France;;X;X
Product 2117;Snack;;11;1742,70;27-08-2020;Portugal;;X;X
Product 2118;;4996;97;4564;2018/06/09;Germany;;X;X
Product 2119;Food;;NaN;3917;10-03-2020;;S-4;X;X
Product 2120;Snack;4906;;2,692.58;;Germany;;X;X
Product 2121;;375;45;1,653.98;2021/01/01;Germany;S-4;X;X
Product 2122;;;NaN;;21-02-2022;Portugal;S-4;X;X
Product 2123;Drink;113;NaN;;07-06-2022;Germany;;X;X
Product 2124;Drink;1638,77;NaN;3,930.26;2020/10/09;;S-40;X;X
Product 2125;Snack;4347,52;53;3,366.58;2018-03-14;Portugal;S-12;X;X
Product 2126;Food;1812,66;17;;27/05/2024;Germany;;X;X
Product 2127;Food;4873;27;412.23;2023/07/28;;S-39;X;X
Product 2128;Food;1591,56;NaN;0.99;2023/09/08;Germany;;X;X
Product 2129;;913.09;NaN;;04/11/2023;Portugal;;X;X
;;2911,14;NaN;;25-06-2023;Germany;;X;X
Product 2131;;1157;;2,791.78;2022/02/19;France;S-31;X;X
Product 2132;;1557,44;;;25/01/2023;Portugal;S-9;X;X
Product 2133;Food;4057;;2407,06;01-12-2019;;;X;X
Product 2134;Food;4531;80;;2018-08-02;France;;X;X
Product 2135;Drink;;26;3,286.55;17/08/2024;Portugal;;X;X
Product 2136;Food;3761,51;26;;10-11-2020;;S-4;X;X
Product 2137;;;NaN;4306;2023/03/13;;;X;X
Product 2138;;464;69;;12-07-2021;;;X;X
Product 2139;Snack;1345,24;56;1877,50;18/04/2022;;S-36;X;X
Product 2140;Food;684,46;;3,420.34;;;;X;X
Product 2141;Food;4744,92;;4984;04-10-2020;;;X;X
Product 2142;Drink;;44;;2019-05-07;Portugal;;X;X
Product 2143;Drink;212;NaN;2589;26/09/2024;;S-27;X;X
Product 2144;;2029,94;36;;2021-07-31;Germany;;X;X
;Snack;1,321.41;29;1,428.17;2023-03-15;France;;X;X
Product 2146;Food;410.04;;1027,30;12-03-2024;Portugal;S-7;X;X
Product 2147;Food;925,65;NaN;;30-03-2019;Portugal;;X;X
Product 2148;Snack;3154,19;;3783;2021-07-07;;S-35;X;X
Product 2149;Food;2,351.58;NaN;1560,88;2023-12-04;Portugal;;X;X
Product 2150;Drink;846.85;NaN;850.74;2023-03-31;;;X;X
Product 2151;Snack;4948,23;;496,92;14-04-2020;;S-47;X;X
Product 2152;Food;3407;;1965,90;2022-06-08;Germany;S-47;X;X
Product 2153;Drink;2,883.45;NaN;;2020/06/07;Germany;;X;X
Product 2154;Drink;2,463.26;44;1,249.12;2019/10/30;Germany;S-44;X;X
Product 2155;;296.86;;3423,71;2019-09-18;Germany;;X;X
Product 2156;Food;;74;2,749.32;2022/10/20;Portugal;;X;X
Product 2157;Snack;962;;723,07;11/09/2021;;;X;X
Product 2158;Drink;;;2137;2024/02/06;Portugal;;X;X
Product 2159;Drink;;;1,994.88;2021/07/12;France;;X;X
;;4553;23;3476,26;;Portugal;;X;X
Product 2161;Snack;1346,80;;4,182.60;03/05/2021;France;;X;X
Product 2162;;3534;;;18/03/2023;;S-35;X;X
Product 2163;Drink;;;392;2021/02/14;;;X;X
Product 2164;Food;7,26;;2555;2022/11/29;France;S-5;X;X
Product 2165;Snack;2,027.72;NaN;4766;10-04-2020;France;S-46;X;X
Product 2166;Food;3,733.93;;4,618.71;14/07/2024;Portugal;;X;X
Product 2167;Food;2883,08;NaN;;2018-05-19;Portugal;;X;X
Product 2168;;4,835.87;;3228;02/03/2021;Germany;;X;X
Product 2169;Drink;662,24;NaN;;19/11/2019;Germany;;X;X
Product 2170;Food;1,154.28;18;;03/06/2023;France;;X;X
Product 2171;Snack;3724,40;40;4601,40;12-02-2022;Portugal;S-27;X;X
Product 2172;;3,420.34;NaN;3241;27-12-2023;Portugal;S-8;X;X
Product 2173;Snack;4826;NaN;4493;2021-08-10;France;S-1;X;X
Product 2174;Food;4797,00;42;4,339.08;04-04-2022;Portugal;;X;X
;Snack;3259,26;NaN;485.46;2018-04-15;France;;X;X
Product 2176;;4149,85;;1,003.20;17-12-2018;Germany;S-8;X;X
Product 2177;;2066;19;4,428.26;2021/11/15;;;X;X
Product 2178;Drink;1,031.67;;4,296.82;25-11-2023;Germany;;X;X
Product 2179;Snack;734,94;NaN;3,528.95;2021-12-20;France;;X;X
Product 2180;;4344;;;;France;;X;X
Product 2181;;;78;;2018/12/01;;;X;X
Product 2182;Drink;3297;;;30/04/2018;Germany;;X;X
Product 2183;;2,217.06;;2019,32;2021/08/19;France;;X;X
Product 2184;Food;4,288.78;;2266,07;2022-02-24;Germany;;X;X
Product 2185;Snack;1033;;934;2024-02-06;France;;X;X
Product 2186;Drink;940.00;;;29-07-2018;Germany;S-38;X;X
Product 2187;Food;2449;NaN;2138,42;2022-06-26;Portugal;;X;X
Product 2188;Food;2187;NaN;4681;27-12-2021;Germany;S-38;X;X
Product 2189;Snack;;;96;04-06-2023;France;;X;X
;Drink;793,03;NaN;;2020-01-31;Germany;S-15;X;X
Product 2191;;3741;NaN;409,39;09-02-2020;Portugal;S-5;X;X
Product 2192;Drink;1019,20;NaN;;2018-03-14;Portugal;;X;X
Product 2193;;4,406.53;;1,862.26;2024/01/11;Portugal;S-7;X;X
Product 2194;Snack;1,417.23;NaN;679;2020-05-25;Germany;;X;X
Product 2195;Snack;2130,76;10;2482,26;10-04-2018;Portugal;S-30;X;X
Product 2196;Food;2366,17;;3242;03/10/2020;;;X;X
Product 2197;Food;2932;;320;17/07/2023;Germany;;X;X
Product 2198;Food;1,515.98;NaN;70;25-09-2020;Germany;S-20;X;X
Product 2199;Snack;2246;;;2024-07-24;Portugal;S-37;X;X
Product 2200;;;38;2,601.93;;Portugal;;X;X
Product 2201;Snack;;;;24-02-2018;France;;X;X
Product 2202;Snack;1,102.83;80;250,42;30-11-2023;;;X;X
Product 2203;Food;85.73;NaN;4,409.33;2019-11-23;;;X;X
Product 2204;Drink;;NaN;;2024-06-19;France;;X;X
;Food;1,094.36;;528.37;20/04/2022;;;X;X
Product 2206;Drink;549;;2655,81;2018-01-28;;;X;X
Product 2207;;2610,14;61;2,962.08;2022/11/05;France;;X;X
Product 2208;;1359;10;2383,78;10-01-2019;France;;X;X
Product 2209;;3732,01;NaN;2,529.77;2024-02-05;Germany;;X;X
Product 2210;Food;314,84;28;2795,16;2018/05/08;Portugal;S-10;X;X
Product 2211;Food;1206;NaN;;27/05/2023;Germany;;X;X
Product 2212;Food;1,260.49;;4,376.24;2019/02/21;France;;X;X
Product 2213;Snack;3,788.68;NaN;481;2020/03/26;Germany;S-44;X;X
Product 2214;Food;3137,60;NaN;13,64;2023-04-17;Portugal;;X;X
Product 2215;Snack;745,48;;2326;25/03/2018;Germany;;X;X
Product 2216;;;;2283,00;15-09-2021;Germany;S-32;X;X
Product 2217;Food;2839,76;70;512,73;26-11-2018;France;S-46;X;X
Product 2218;Snack;2,405.10;;;29/08/2018;Portugal;;X;X
Product 2219;;542;;3563;2018-02-10;Germany;;X;X
;;;;3,747.00;;France;S-23;X;X
Product 2221;Food;1255;NaN;2057;2021/12/10;Portugal;;X;X
Product 2222;Drink;;;2985,51;2022-02-03;Portugal;S-50;X;X
Product 2223;Drink;3349;45;1,668.96;21-03-2019;Germany;S-16;X;X
Product 2224;;;;840,28;2023-12-07;Portugal;;X;X
Product 2225;Drink;3,123.10;;;2018/08/22;;;X;X
Product 2226;Drink;1623;75;4361;2020/02/06;France;S-28;X;X
Product 2227;Snack;1,784.40;NaN;3968,14;15/08/2019;;;X;X
Product 2228;Snack;;76;;2019/06/21;Germany;S-48;X;X
Product 2229;Snack;1137,89;97;1,004.58;2021/11/18;;;X;X
Product 2230;;3448,65;100;;07/04/2020;Germany;;X;X
Product 2231;Drink;2,825.79;NaN;4,504.35;21/11/2020;Germany;S-8;X;X
Product 2232;Food;1156,52;;578;12/05/2020;Portugal;;X;X
Product 2233;Drink;;;;10/12/2018;;S-7;X;X
Product 2234;;2674,90;;;23/05/2021;Germany;;X;X
;Snack;;16;4000;30/01/2018;;S-45;X;X
Product 2236;;3,592.15;;1,713.43;17/09/2021;Portugal;S-23;X;X
Product 2237;Snack;3,690.12;62;;2020-10-05;Germany;S-44;X;X
Product 2238;;1854,38;10;3296,20;12-06-2020;Portugal;;X;X
Product 2239;Food;;32;464.14;27/10/2018;France;;X;X
Product 2240;Snack;601;NaN;;;Germany;;X;X
Product 2241;Snack;;;3130;08/07/2019;Germany;;X;X
Product 2242;Drink;4465,51;NaN;551.25;06-07-2023;Germany;;X;X
Product 2243;;1,704.07;NaN;;2024-07-02;Portugal;;X;X
Product 2244;Drink;3058,87;NaN;847,53;11-11-2020;;S-31;X;X
Product 2245;;4,027.08;;3836;2020/12/15;Portugal;;X;X
Product 2246;Food;220;30;2,674.01;27/07/2023;Portugal;;X;X
Product 2247;Drink;2705,38;;2067,04;2018-02-18;Germany;S-47;X;X
Product 2248;Snack;;;4,342.24;2019-05-11;France;S-1;X;X
Product 2249;Food;4,085.33;;1,436.63;2022-12-28;France;S-13;X;X
;;3978;49;3921,06;06-04-2024;Germany;;X;X
Product 2251;Snack;500.47;NaN;939;14-09-2022;;S-26;X;X
Product 2252;;4624;NaN;;2023/05/23;Germany;;X;X
Product 2253;Snack;0;;;22/10/2021;;;X;X
Product 2254;;;NaN;;2020/03/22;;;X;X
Product 2255;Snack;2,781.43;;1628;23/02/2020;Portugal;;X;X
Product 2256;;134,50;NaN;3228;07-12-2021;France;S-9;X;X
Product 2257;Drink;4903,52;NaN;2139;2023/09/30;Portugal;S-36;X;X
Product 2258;Snack;3,336.49;27;1522;16-06-2020;Portugal;;X;X
Product 2259;Snack;860.34;;2694,23;2018-06-11;;S-19;X;X
Product 2260;Drink;1171,10;10;;;France;S-18;X;X
Product 2261;;3,662.20;;1,088.35;2018-10-29;Germany;;X;X
Product 2262;Snack;4,136.39;NaN;528.66;26/03/2020;;;X;X
Product 2263;Drink;;25;4471;2022-06-22;;;X;X
Product 2264;;;NaN;;18-04-2020;France;;X;X
;Snack;1,128.13;;4792;20-05-2020;;;X;X
Product 2266;Snack;157.45;NaN;4107;2021-08-29;France;;X;X
Product 2267;;1833;NaN;290,42;2022-09-23;Germany;;X;X
Product 2268;Drink;;NaN;1,702.21;2021-07-05;Portugal;;X;X
Product 2269;Snack;769,65;NaN;;22/06/2020;France;;X;X
Product 2270;;4,168.10;57;;2022-03-13;;S-34;X;X
Product 2271;Snack;2368,65;;;07-04-2019;Portugal;;X;X
Product 2272;;856,88;;;25-08-2020;France;;X;X
Product 2273;Snack;;6;3,448.67;2024/03/28;Germany;;X;X
Product 2274;Food;542.62;;2727;20-12-2021;Germany;;X;X
Product 2275;Drink;1,058.93;49;;20-08-2020;;S-39;X;X
Product 2276;Drink;;36;391;2019/11/20;France;;X;X
Product 2277;Food;1,146.29;;433;2020-09-14;Portugal;;X;X
Product 2278;;1330;5;3,721.33;2020/09/30;;S-15;X;X
Product 2279;Drink;4,431.94;NaN;1318,11;30-05-2019;Portugal;S-14;X;X
;;4,143.88;76;127;;Portugal;S-26;X;X
Product 2281;Snack;;NaN;3,882.68;16/01/2018;Portugal;;X;X
Product 2282;Food;;;;10/12/2022;France;S-37;X;X
Product 2283;;1395;37;;04/02/2020;Germany;S-1;X;X
Product 2284;;3031,41;NaN;1,833.42;03/07/2022;France;;X;X
Product 2285;Drink;981;57;4746,22;19/01/2023;;;X;X
Product 2286;Snack;;NaN;;21-10-2023;Germany;;X;X
Product 2287;Drink;4636,24;;3,158.87;17/04/2018;;;X;X
Product 2288;Snack;3,983.01;NaN;4,459.83;2020/01/26;France;;X;X
Product 2289;Drink;4,504.15;;;2018-02-27;;;X;X
Product 2290;;3685,02;56;;03-08-2024;France;;X;X
Product 2291;;;;2270;2021-09-14;France;;X;X
Product 2292;Food;4,546.66;NaN;4234,48;2018-10-13;Germany;S-30;X;X
Product 2293;;264.16;;4311;03/02/2020;Portugal;S-14;X;X
Product 2294;;2,695.13;NaN;;2024/10/15;;S-45;X;X
;;3,994.71;;4510,05;16-02-2018;France;;X;X
Product 2296;;4540,01;NaN;2598,86;12-12-2021;Portugal;;X;X
Product 2297;Food;1207,47;;4,510.54;2023/04/01;Germany;S-43;X;X
Product 2298;Snack;1695,56;NaN;3356;2022/04/05;Portugal;S-41;X;X
Product 2299;Food;1298;;175.87;2021-12-24;Germany;;X;X
Product 2300;Food;2,744.54;NaN;1,676.66;;;;X;X
Product 2301;Drink;;;2386,77;2022-12-15;Germany;;X;X
Product 2302;Snack;4,251.23;40;;2020-05-13;;S-7;X;X
Product 2303;Drink;698.56;36;990.49;29/06/2020;Germany;;X;X
Product 2304;Food;3493,88;NaN;4077,68;26/08/2024;;;X;X
Product 2305;;;47;1055,83;2024/04/16;;;X;X
Product 2306;Snack;357,18;81;;06/05/2021;;;X;X
Product 2307;;3688;33;;2019-11-14;France;;X;X
Product 2308;Food;2304;NaN;3511,62;2020/05/18;;S-4;X;X
Product 2309;Food;4963;NaN;4212;15/04/2020;Portugal;;X;X
;Food;149,80;;;2019-06-08;France;S-14;X;X
Product 2311;Snack;3900,24;;;21/09/2020;Portugal;;X;X
Product 2312;Drink;4314,43;NaN;2629;2018-06-02;France;;X;X
Product 2313;Drink;418.17;NaN;;2018/07/26;Germany;S-41;X;X
Product 2314;;3787,79;74;3096;2019/11/10;Portugal;S-49;X;X
Product 2315;Snack;413.16;NaN;;2022-03-18;Portugal;S-2;X;X
Product 2316;;2403,90;21;426;2020-02-17;France;;X;X
Product 2317;;2194;NaN;4368,99;13/06/2019;France;S-1;X;X
Product 2318;Drink;286,24;NaN;2290;2018/01/08;;;X;X
Product 2319;Snack;3596;NaN;2083,68;26-08-2023;Germany;S-29;X;X
Product 2320;Food;1564,22;21;4,655.11;;France;;X;X
Product 2321;;3973;NaN;3999;2020-01-19;;;X;X
Product 2322;Food;3762;4;482.17;2019-11-27;France;;X;X
Product 2323;Snack;796.37;NaN;;2023/01/30;France;S-24;X;X
Product 2324;;;16;;2019-09-20;;;X;X
;Food;1435,92;NaN;;23/03/2018;Germany;;X;X
Product 2326;Food;752;90;2709;2021/08/26;Portugal;S-26;X;X
Product 2327;Drink;2507,08;NaN;730,50;29/05/2022;France;S-12;X;X
Product 2328;Snack;;NaN;;10-12-2018;;;X;X
Product 2329;Snack;;;4696;29-01-2018;Germany;;X;X
Product 2330;Snack;2336,56;;302.35;26/10/2019;France;;X;X
Product 2331;;2996,06;62;4980;2019/04/25;France;;X;X
Product 2332;Drink;3,310.19;NaN;4579;17-09-2020;France;;X;X
Product 2333;;1889;35;468;2021/02/26;Germany;S-23;X;X
Product 2334;Snack;443;;3774,53;04-08-2020;Germany;S-34;X;X
Product 2335;;;NaN;;2020-10-02;Germany;S-42;X;X
Product 2336;Food;1888,61;;1869,59;06/12/2021;France;;X;X
Product 2337;;1,179.01;;4,992.27;13-12-2021;Portugal;S-38;X;X
Product 2338;;3,988.50;;1,080.01;26-06-2019;;;X;X
Product 2339;Snack;4953;NaN;4195;22/08/2022;;;X;X
;Food;3306;NaN;;;Germany;S-2;X;X
Product 2341;Snack;1,550.63;11;2,186.21;2018-02-28;Portugal;S-34;X;X
Product 2342;Food;;NaN;;31-07-2024;Portugal;S-11;X;X
Product 2343;Food;3648,00;;4314,41;14/04/2022;France;S-15;X;X
Product 2344;Food;3125,08;;4969;2020/02/03;France;;X;X
Product 2345;Snack;2,033.66;;3,932.79;16-07-2019;Germany;;X;X
Product 2346;Food;;NaN;;27-09-2020;Germany;S-1;X;X
Product 2347;Drink;3090,46;;268;30-04-2022;France;S-47;X;X
Product 2348;Drink;3,861.83;;;2020-11-25;;;X;X
Product 2349;Drink;628,83;;;2020-08-06;Germany;;X;X
Product 2350;Drink;1339,05;;;28/01/2021;Portugal;S-40;X;X
Product 2351;Snack;;;;02/02/2018;Germany;;X;X
Product 2352;;1264,08;51;761.69;2023/08/06;France;;X;X
Product 2353;;4451,02;;1676;2022/05/29;France;;X;X
Product 2354;Drink;1308;17;2020,13;2018/09/14;;;X;X
;;4,810.76;NaN;4,965.02;2020-10-13;;;X;X
Product 2356;Drink;;;4935,72;2021-05-02;France;;X;X
Product 2357;Drink;2,492.24;83;1,722.24;21/02/2019;Germany;S-23;X;X
Product 2358;;;;4,672.52;10-08-2024;;;X;X
Product 2359;;3,590.91;;3419;2024/04/16;Germany;;X;X
Product 2360;Food;2641,61;42;2792;;Portugal;;X;X
Product 2361;Drink;1,998.54;;1225,13;2019/10/25;Germany;;X;X
Product 2362;;774,30;47;891,26;13/09/2020;France;;X;X
Product 2363;;;NaN;159;2023-03-08;France;;X;X
Product 2364;;3095;NaN;2884,89;2023/10/09;;;X;X
Product 2365;Food;3629;;1559,06;2020/02/07;Portugal;;X;X
Product 2366;Drink;2,038.21;68;4338;2018/02/18;Germany;;X;X
Product 2367;Drink;;NaN;;13/08/2022;Germany;S-4;X;X
Product 2368;Snack;3,782.40;;;2023-08-18;Germany;;X;X
Product 2369;Food;;;3,581.96;2020/01/20;Portugal;;X;X
;Food;1069;;;2019-09-01;France;S-37;X;X
Product 2371;Drink;4803;;3,614.18;2019-09-15;Portugal;;X;X
Product 2372;Snack;410,84;19;388;2018/07/20;France;;X;X
Product 2373;Snack;4110;;4,086.25;07-01-2019;Germany;S-48;X;X
Product 2374;Drink;;NaN;1556;2020/12/29;France;S-30;X;X
Product 2375;;783;NaN;;2019/01/16;;;X;X
Product 2376;Food;3788,29;NaN;;12-12-2021;;S-35;X;X
Product 2377;Snack;932.95;;;07-12-2020;Portugal;;X;X
Product 2378;;3605;78;812,25;10/05/2018;Portugal;;X;X
Product 2379;Snack;1,699.65;NaN;;2019-07-09;France;;X;X
Product 2380;;1469,17;NaN;3027;;Germany;;X;X
Product 2381;;;NaN;3,637.88;22-10-2023;Germany;;X;X
Product 2382;Food;;;492,73;03/03/2018;Germany;;X;X
Product 2383;Snack;3960;;;2022-02-12;;S-13;X;X
Product 2384;Snack;2564,90;5;4,461.71;2024/02/23;;;X;X
;;3860,18;;404;06/11/2019;Germany;;X;X
Product 2386;Drink;1,841.86;;;2022/01/25;Portugal;;X;X
Product 2387;Snack;4152;;3833,14;05/02/2018;France;;X;X
Product 2388;Food;1,657.76;NaN;;11-10-2018;;;X;X
Product 2389;Drink;2328,41;5;;2024-06-14;Germany;;X;X
Product 2390;Snack;3368;21;1,179.72;2022-10-10;Portugal;S-8;X;X
Product 2391;Food;187,70;33;718,86;2020/07/20;Portugal;;X;X
Product 2392;Drink;4965;8;3312;15/05/2022;Portugal;;X;X
Product 2393;Snack;1,194.09;NaN;2933,91;23/04/2022;Portugal;S-48;X;X
Product 2394;Food;1044;90;;2019/08/09;Portugal;;X;X
Product 2395;Drink;971;73;3495;22-03-2021;Portugal;;X;X
Product 2396;Snack;2935,61;31;;23-01-2020;Germany;;X;X
Product 2397;Drink;1,973.60;11;;2021/09/28;Portugal;S-24;X;X
Product 2398;;4033,52;NaN;459;2022-08-13;Germany;;X;X
Product 2399;;;NaN;;03-02-2022;France;S-10;X;X
;Drink;2631,06;;;;Germany;;X;X
Product 2401;;2,721.89;;;20/01/2023;France;S-32;X;X
Product 2402;;1205,48;NaN;814.54;2020/07/27;Portugal;;X;X
Product 2403;Drink;3,154.37;;2208;2021-11-11;France;S-48;X;X
Product 2404;;2,462.91;;;20/05/2023;Portugal;S-20;X;X
Product 2405;Drink;2024;;;2023/03/05;Portugal;;X;X
Product 2406;Drink;4997,22;NaN;614,89;2024/02/29;;;X;X
Product 2407;;4411,91;;2,876.11;09/02/2023;Portugal;;X;X
Product 2408;Snack;3616,80;NaN;4271,35;2023-03-29;Portugal;S-30;X;X
Product 2409;Drink;;51;;2021/12/18;;S-28;X;X
Product 2410;Drink;3791;44;;13-02-2021;;;X;X
Product 2411;Snack;4957,11;36;3184,67;08-02-2019;Portugal;;X;X
Product 2412;;;NaN;;2020/07/05;;;X;X
Product 2413;Food;3894,57;;;16-07-2020;Germany;S-15;X;X
Product 2414;Snack;53.36;;3874;18-08-2018;Germany;;X;X
;Food;1043,52;NaN;1,530.42;2023/08/12;;;X;X
Product 2416;;4986,32;;2212;05-04-2021;France;;X;X
Product 2417;Drink;2930;;4744,99;12-01-2018;Germany;;X;X
Product 2418;Drink;3893,17;NaN;3496,98;2023/06/28;;;X;X
Product 2419;;2748,70;NaN;;2018-01-20;France;S-49;X;X
Product 2420;;;;2503,56;;;;X;X
Product 2421;;;92;2100;05-10-2019;France;;X;X
Product 2422;;1319;85;2118;03/05/2018;France;;X;X
Product 2423;;4115,20;;4167;09-09-2023;Portugal;;X;X
Product 2424;;;;3688,93;2018-08-12;Portugal;;X;X
Product 2425;;4,583.36;;;2023-01-07;France;;X;X
Product 2426;Drink;1958;NaN;2713;2019-03-17;Portugal;;X;X
Product 2427;Food;669,63;NaN;;2022/10/23;;;X;X
Product 2428;Food;381,26;NaN;3,484.77;2023-09-15;France;;X;X
Product 2429;Drink;4042;NaN;3493,89;17/08/2019;France;;X;X
;Snack;544;NaN;1,047.60;2019/08/17;;S-46;X;X
Product 2431;Food;;NaN;;14-09-2023;Portugal;S-40;X;X
Product 2432;Snack;2649;33;2506,04;2024-04-25;;;X;X
Product 2433;Drink;4,190.33;NaN;3,240.86;2018-09-11;Portugal;S-46;X;X
Product 2434;Snack;;69;2352;2021/03/11;France;;X;X
Product 2435;Drink;973.53;NaN;;2024/01/26;France;S-13;X;X
Product 2436;;4,708.00;50;2656;2022/05/06;France;;X;X
Product 2437;;;89;;2020-12-09;;S-45;X;X
Product 2438;Food;1375;NaN;4,434.12;06/10/2018;Germany;S-3;X;X
Product 2439;Food;2091,34;NaN;21.28;09/02/2021;France;S-10;X;X
Product 2440;Snack;1275,74;NaN;;;Portugal;;X;X
Product 2441;Snack;3477;56;1439,35;15-08-2019;;S-3;X;X
Product 2442;Food;;;4555,09;31-08-2018;France;;X;X
Product 2443;;4703,34;;1,112.50;04/12/2018;;;X;X
Product 2444;Drink;4147,92;;;28/03/2024;;S-11;X;X
;;3890;NaN;1853;06-05-2019;Portugal;;X;X
Product 2446;Food;;NaN;380.13;2019/10/12;Portugal;;X;X
Product 2447;Drink;2143,35;;2107;2019-08-14;Germany;;X;X
Product 2448;Snack;2596,70;NaN;3762;06-04-2024;Portugal;;X;X
Product 2449;Food;582.56;37;3654,60;30-10-2022;Portugal;;X;X
Product 2450;;2132,58;NaN;2859;20/10/2023;France;;X;X
Product 2451;Snack;4,694.23;47;;17-05-2020;France;;X;X
Product 2452;Snack;4374,15;NaN;1162;2023/06/02;Germany;;X;X
Product 2453;Food;2,601.28;59;3,850.48;28-10-2022;Germany;;X;X
Product 2454;;;;;2022/08/15;Portugal;;X;X
Product 2455;Food;4422,70;NaN;2,109.44;2024/07/23;France;;X;X
Product 2456;Drink;4090,86;78;4039;29-03-2024;Portugal;S-50;X;X
Product 2457;Drink;;12;;07-07-2020;France;;X;X
Product 2458;Snack;363.40;NaN;12.20;31-03-2024;France;;X;X
Product 2459;;499.73;64;4027,32;2023/12/09;Portugal;S-35;X;X
;Drink;3837;78;2406,43;;France;;X;X
Product 2461;Drink;4487;NaN;304.31;30-09-2021;France;;X;X
Product 2462;Drink;;NaN;;2019-03-27;France;;X;X
Product 2463;Drink;2,545.38;NaN;;07-11-2023;France;;X;X
Product 2464;Food;2181,20;17;3,276.21;2019/06/21;Germany;;X;X
Product 2465;Snack;;NaN;;2023-10-26;;;X;X
Product 2466;Snack;2,122.37;;3,063.04;12-12-2023;France;;X;X
Product 2467;Drink;3105;21;3,290.19;16-03-2018;France;;X;X
Product 2468;Snack;1452,00;17;3,779.27;26/03/2020;;;X;X
Product 2469;Snack;579;;1,228.86;14-05-2023;Germany;S-50;X;X
Product 2470;Snack;4481,80;82;;07-12-2020;France;S-44;X;X
Product 2471;Snack;;74;4,094.68;18-09-2019;Germany;;X;X
Product 2472;Food;3901;;;19/12/2022;Portugal;S-31;X;X
Product 2473;Drink;;NaN;2,610.02;04-11-2019;Portugal;;X;X
Product 2474;;4,314.17;49;1727,49;2023-10-27;Portugal;S-28;X;X
;Food;2,037.29;NaN;4,797.96;17-08-2020;;;X;X
Product 2476;Snack;1168;;;2018/09/26;Germany;S-31;X;X
Product 2477;Drink;3072,54;89;4833,82;29-06-2020;France;;X;X
Product 2478;Drink;267;20;;2021-06-17;Germany;S-44;X;X
Product 2479;Drink;2257,67;;1,742.96;02-06-2023;Portugal;;X;X
Product 2480;Drink;3028,41;;1247,37;;Germany;;X;X
Product 2481;Snack;2537,00;53;2,455.78;2019-07-01;Germany;S-35;X;X
Product 2482;Drink;4016;81;;23/12/2019;;;X;X
Product 2483;;2870,44;78;1164;29-04-2018;France;;X;X
Product 2484;;;;665,35;2021/06/13;France;S-6;X;X
Product 2485;Drink;4,959.47;NaN;1884;01/08/2022;France;;X;X
Product 2486;Snack;;;;2021-02-15;France;S-26;X;X
Product 2487;;;NaN;152.40;04/10/2020;;;X;X
Product 2488;;4347;;4647;2021/02/19;;;X;X
Product 2489;;;;882;2024-09-23;Portugal;S-18;X;X
;Food;448;NaN;;13/06/2019;;S-15;X;X
Product 2491;Food;725;69;2,318.49;2018/10/26;;S-45;X;X
Product 2492;;2,896.40;36;;2018/12/10;France;;X;X
Product 2493;Snack;734,66;31;925,50;2019-11-25;Portugal;;X;X
Product 2494;Snack;1472;;;10/12/2021;Germany;;X;X
Product 2495;;2,847.41;;;2021/11/04;;;X;X
Product 2496;;4,766.44;NaN;;2021-11-01;Portugal;;X;X
Product 2497;Snack;541.77;37;;25/10/2020;Germany;;X;X
Product 2498;Food;1,472.16;;4,809.14;07/06/2021;France;;X;X
Product 2499;Food;;21;;29/01/2024;Germany;S-10;X;X
Product 2500;;2021,06;;376,18;;Germany;;X;X
Product 2501;Snack;2039,10;;4916,48;2021-11-15;Portugal;;X;X
Product 2502;Food;;;;20-08-2018;Germany;;X;X
Product 2503;;775,00;;;10/10/2024;;S-1;X;X
Product 2504;Drink;;;2,506.89;2018/05/27;;;X;X
;;4861,71;NaN;1086;2018-10-11;Portugal;;X;X
Product 2506;Drink;3,209.68;77;;2020/03/02;Portugal;;X;X
Product 2507;;3746;95;;2018/11/03;Portugal;S-39;X;X
Product 2508;Snack;2,808.30;NaN;789;2024/08/22;France;;X;X
Product 2509;Snack;2,599.97;NaN;701,43;15/07/2019;;S-11;X;X
Product 2510;Snack;1628;NaN;276.66;2021/03/03;Germany;S-22;X;X
Product 2511;Snack;3,250.95;;1208;16/09/2019;;;X;X
Product 2512;Drink;3286,30;4;;15/12/2021;;;X;X
Product 2513;;4179;;;2022-12-18;;;X;X
Product 2514;Snack;4140;;1750;2022-09-14;;S-12;X;X
Product 2515;Food;4800,10;26;3899,64;02-01-2023;Portugal;;X;X
Product 2516;Food;;NaN;;2018/11/01;Portugal;;X;X
Product 2517;Food;1,706.70;;3771,47;25-09-2024;;;X;X
Product 2518;;2031;62;1057;2022/06/11;Germany;;X;X
Product 2519;Food;2,722.50;NaN;107.19;08/08/2019;Portugal;;X;X
;Food;2170;23;;;France;;X;X
Product 2521;Drink;;;;2022-06-09;Germany;;X;X
Product 2522;;2864;NaN;2,014.78;2023-07-12;France;;X;X
Product 2523;;2034,62;31;2997;18/08/2020;;;X;X
Product 2524;Food;4,617.31;;2,379.00;03/07/2021;;;X;X
Product 2525;;;NaN;4040;17/01/2020;Germany;;X;X
Product 2526;Drink;4043,71;83;;2021-03-03;France;;X;X
Product 2527;Drink;3,360.06;;699;26-02-2023;;S-12;X;X
Product 2528;Snack;3832;;4217;02/08/2024;;;X;X
Product 2529;Drink;2857,54;;2623,35;2018-11-23;;S-8;X;X
Product 2530;Snack;1,259.65;51;;2023-02-19;France;S-1;X;X
Product 2531;Food;;57;2,168.45;2018/05/28;Portugal;S-31;X;X
Product 2532;Snack;2,707.34;;3920;2019/10/29;;S-13;X;X
Product 2533;Snack;2938;61;3224;11-07-2021;France;;X;X
Product 2534;Food;4248;;3450;2018-02-24;;;X;X
;Snack;3130,21;NaN;323;23/01/2019;France;S-48;X;X
Product 2536;Drink;4,273.18;;3081;2023-04-17;;;X;X
Product 2537;Food;2,392.09;60;;26/05/2023;Germany;S-8;X;X
Product 2538;;;;3738;2018/06/05;;S-48;X;X
Product 2539;Snack;;;;08/03/2018;France;S-44;X;X
Product 2540;Drink;313,02;;1,873.54;;Portugal;;X;X
Product 2541;;;88;4181;2022-12-27;France;S-49;X;X
Product 2542;Food;2519,50;75;;2024/06/13;Portugal;S-50;X;X
Product 2543;Food;406.07;NaN;;2020-03-15;France;S-24;X;X
Product 2544;Food;4071;96;501,65;10/12/2021;Portugal;;X;X
Product 2545;Drink;4117,80;;;2019-04-25;France;;X;X
Product 2546;;239,58;;2,282.62;25-10-2024;France;;X;X
Product 2547;Food;1875,96;91;;18-05-2019;;;X;X
Product 2548;Drink;3060;18;;12-11-2023;Portugal;;X;X
Product 2549;Drink;400,52;45;3652,31;2020/01/20;;S-43;X;X
;;4289;83;3781;2022-07-06;France;;X;X
Product 2551;Food;;;4,671.61;16-02-2022;;;X;X
Product 2552;Food;3,868.27;NaN;4749,02;13-09-2020;Germany;S-39;X;X
Product 2553;Snack;;NaN;738,80;24-03-2024;;;X;X
Product 2554;Food;3,210.37;;679;21-01-2021;France;S-34;X;X
Product 2555;;251;;;2021-10-16;France;S-9;X;X
Product 2556;Drink;1102;NaN;;2021/03/10;France;;X;X
Product 2557;;;NaN;;19-03-2022;France;S-34;X;X
Product 2558;Food;2203;;3,468.97;22-01-2018;Germany;;X;X
Product 2559;Drink;1953,69;65;4281,93;2019/10/18;Germany;;X;X
Product 2560;;;;4485,60;;Germany;S-5;X;X
Product 2561;Food;;61;1,260.72;22-07-2020;;S-11;X;X
Product 2562;Food;;NaN;;2023/06/22;France;S-30;X;X
Product 2563;Food;3,356.97;73;3245,42;12/10/2024;;S-29;X;X
Product 2564;Snack;1722,75;NaN;;2024-04-07;France;;X;X
;Snack;;78;2578,61;06-12-2023;France;S-32;X;X
Product 2566;Snack;;;774,72;2018-11-09;;;X;X
Product 2567;Drink;4614,14;NaN;2489,80;06-04-2020;;;X;X
Product 2568;;4909,91;77;;2020/08/14;Portugal;S-26;X;X
Product 2569;Drink;3845;;3059,32;29/03/2021;;S-33;X;X
Product 2570;Drink;113;NaN;4754;26/04/2019;;;X;X
Product 2571;Food;335.79;NaN;2648;2020-09-24;;;X;X
Product 2572;Food;;;4,639.71;13/01/2019;France;;X;X
Product 2573;Drink;1,160.57;;4,333.12;2023-06-27;France;S-26;X;X
Product 2574;;4770;86;4324;2022/11/25;Portugal;;X;X
Product 2575;Snack;1,789.39;37;1280;2021/08/03;France;S-26;X;X
Product 2576;Drink;;NaN;4719;21/05/2023;Germany;;X;X
Product 2577;Drink;543,57;;913.69;2024-05-28;Portugal;S-13;X;X
Product 2578;;2,321.28;87;635;17-02-2021;Germany;;X;X
Product 2579;;4,247.73;23;3715;2024-10-22;Germany;S-30;X;X
;Drink;3390,16;;1398,20;;Germany;;X;X
Product 2581;Food;3014,64;NaN;947;16/03/2018;;S-18;X;X
Product 2582;Food;1,899.15;;;13/06/2018;;;X;X
Product 2583;Drink;3,751.69;77;2,010.13;13-07-2020;Germany;S-39;X;X
Product 2584;Food;4125;6;1043,05;2024-08-04;Germany;;X;X
Product 2585;;;;1192,34;2022-07-16;;;X;X
Product 2586;Snack;2730;33;1584;2023/10/04;Portugal;S-7;X;X
Product 2587;;1,879.91;;2936,29;07/01/2018;;;X;X
Product 2588;Snack;1091,27;;2408;11-03-2023;;;X;X
Product 2589;Drink;4457;;;2022-12-04;Germany;;X;X
Product 2590;Drink;1535,49;33;2988,69;2022/10/22;;;X;X
Product 2591;Snack;3,629.93;NaN;;2021-03-03;Germany;;X;X
Product 2592;Food;4322;NaN;4,111.11;13/09/2024;Germany;S-25;X;X
Product 2593;Drink;;NaN;2056,01;2018/05/02;;;X;X
Product 2594;Snack;1470,08;;3253,95;25-05-2023;Germany;S-24;X;X
;Food;4865,39;19;;2022-10-10;France;S-21;X;X
Product 2596;Snack;2155;NaN;1456,35;2021-04-06;Portugal;S-48;X;X
Product 2597;Drink;4,974.64;NaN;319.23;19/04/2022;Portugal;;X;X
Product 2598;Drink;2258;;;2022-05-24;Portugal;;X;X
Product 2599;;;81;2,889.53;2018/06/28;Germany;S-11;X;X
Product 2600;Snack;2351,99;;4,164.10;;Germany;;X;X
Product 2601;Food;;NaN;346;10/03/2021;Portugal;;X;X
Product 2602;Drink;;65;;04-04-2024;;;X;X
Product 2603;;3,336.38;41;;2020/05/30;Germany;;X;X
Product 2604;;4575,85;NaN;674.78;2023/06/24;Portugal;;X;X
Product 2605;Food;70.07;NaN;37.23;2018/06/06;France;;X;X
Product 2606;Drink;;;2762,48;14-03-2019;France;S-17;X;X
Product 2607;;4,471.33;;1803,09;2021/06/12;Germany;;X;X
Product 2608;Food;511.69;;2512,29;2021/05/01;;;X;X
Product 2609;Food;;14;1602,09;03/11/2018;France;;X;X
;Snack;858;78;2,798.17;29/11/2023;;;X;X
Product 2611;Snack;;NaN;3720,24;18/07/2021;Germany;;X;X
Product 2612;Drink;;;;2020/10/02;Portugal;S-41;X;X
Product 2613;;;28;266;07/11/2021;Germany;;X;X
Product 2614;;4,332.92;2;;27/05/2022;Germany;;X;X
Product 2615;Snack;4,373.67;76;1629,74;27/02/2023;Germany;S-26;X;X
Product 2616;Drink;4,383.22;NaN;2739;2020-10-01;Portugal;;X;X
Product 2617;;2717;55;1361,70;2022-04-20;Germany;;X;X
Product 2618;Food;2042;82;2,971.18;22-07-2023;Germany;S-25;X;X
Product 2619;Food;;NaN;;2024-09-26;;;X;X
Product 2620;Food;4798,84;;1766;;France;;X;X
Product 2621;Food;;;2,295.28;02/03/2021;France;;X;X
Product 2622;Snack;2013,91;;4522,36;2023-12-29;Portugal;S-31;X;X
Product 2623;Drink;2267,87;;3436;2018-08-05;;S-34;X;X
Product 2624;Food;;NaN;;13/06/2022;Portugal;;X;X
;Food;;53;;2019-03-17;Germany;S-5;X;X
Product 2626;;2,591.39;62;;2021/07/14;;S-20;X;X
Product 2627;Snack;4300,51;NaN;1,902.81;25-04-2018;Portugal;S-20;X;X
Product 2628;;1825,43;;137,24;2022-07-09;Germany;;X;X
Product 2629;;1,880.58;84;;2020-11-11;France;;X;X
Product 2630;;421.76;;4982;12-12-2020;;S-14;X;X
Product 2631;Food;902;;;04-09-2023;;S-10;X;X
Product 2632;Drink;1,639.45;82;4358;08-04-2019;Portugal;;X;X
Product 2633;Snack;;29;52,57;2024-09-07;;;X;X
Product 2634;Food;3393;;692.64;26/05/2023;;;X;X
Product 2635;Snack;74;;4584,86;12/07/2020;;S-10;X;X
Product 2636;Food;;NaN;2085;2019-03-14;Portugal;;X;X
Product 2637;Drink;4685;NaN;;24/09/2024;;;X;X
Product 2638;Drink;2,024.67;37;4181;2018-08-07;;S-50;X;X
Product 2639;Snack;3,662.45;;145;2019-03-17;;S-4;X;X
;;363.77;;3087;;France;;X;X
Product 2641;Food;;95;;16/02/2021;Portugal;;X;X
Product 2642;Snack;4844,58;43;;25-04-2019;Germany;;X;X
Product 2643;;2787;;2,689.13;2024/03/22;Portugal;;X;X
Product 2644;Drink;1176;64;;2018/04/03;France;;X;X
Product 2645;Food;3916,75;41;2,864.67;11/03/2023;Germany;;X;X
Product 2646;Drink;4,765.43;;2918;04/11/2023;;;X;X
Product 2647;Food;4460,88;NaN;2,437.57;2022/04/26;Germany;;X;X
Product 2648;;4254,36;;2308,35;2022-05-21;;;X;X
Product 2649;Food;4,757.00;NaN;3524;2022-09-23;Portugal;;X;X
Product 2650;;;;4347,93;27-02-2018;Germany;S-44;X;X
Product 2651;Food;4875;NaN;;26/05/2018;Portugal;;X;X
Product 2652;Snack;2536;NaN;4040,14;16/08/2020;France;S-2;X;X
Product 2653;Drink;3241;;2962,45;28/08/2019;Portugal;S-1;X;X
Product 2654;Food;4412;53;;13/03/2024;;S-24;X;X
;Food;4230,68;NaN;4532;19/01/2020;Germany;;X;X
Product 2656;Drink;3236;99;2485;12/03/2022;Portugal;;X;X
Product 2657;Food;;91;936.46;2023/02/21;Germany;;X;X
Product 2658;Drink;4812,15;NaN;841,68;27-08-2021;;;X;X
Product 2659;;;41;371,35;11-07-2019;France;S-46;X;X
Product 2660;Snack;458.33;NaN;;;Portugal;;X;X
Product 2661;Snack;;NaN;3,809.57;2018/06/02;France;;X;X
Product 2662;Drink;;NaN;;2019/06/25;Germany;;X;X
Product 2663;Snack;979.94;NaN;960,73;2018-04-26;Portugal;;X;X
Product 2664;Drink;;18;3,913.94;05-02-2024;Portugal;S-40;X;X
Product 2665;Snack;1374,50;NaN;37.18;2019-09-14;Germany;;X;X
Product 2666;Food;4817,62;21;488;04-08-2022;France;S-19;X;X
Product 2667;Food;;;1,849.97;14-01-2022;;;X;X
Product 2668;Snack;;NaN;1249,45;26-07-2023;France;S-10;X;X
Product 2669;;1,922.37;;;18-06-2023;;S-24;X;X
;Snack;;;1,084.34;18-02-2024;France;;X;X
Product 2671;Food;2,529.03;NaN;3,689.03;19/05/2019;;S-8;X;X
Product 2672;Snack;4,185.23;NaN;2574;2018/02/10;France;;X;X
Product 2673;Food;1,600.58;;3165;21/08/2023;Germany;;X;X
Product 2674;;2469,54;83;;05-10-2024;;S-44;X;X
Product 2675;;3952;;;2019-06-21;Portugal;S-12;X;X
Product 2676;Snack;3407,81;;2069,66;11-06-2018;Germany;S-38;X;X
Product 2677;Food;1,992.97;;3739;08/10/2022;France;;X;X
Product 2678;;3,411.69;;4600,82;2019/06/17;;;X;X
Product 2679;Drink;1843;;156;17-10-2022;France;;X;X
Product 2680;Snack;4415;40;4537;;Germany;S-30;X;X
Product 2681;Drink;;8;4,603.73;20-12-2021;;S-14;X;X
Product 2682;Snack;1904;;2722;24/06/2021;;;X;X
Product 2683;Food;3428,06;NaN;2345;30-06-2022;Germany;S-2;X;X
Product 2684;Food;153,17;10;4325,79;16-03-2018;Germany;;X;X
;Drink;839.60;63;4564;26-09-2018;Portugal;S-10;X;X
Product 2686;Food;3891;NaN;1347;2022-01-06;Portugal;;X;X
Product 2687;Food;4262;72;2270,28;10/01/2018;Portugal;;X;X
Product 2688;Food;;16;2799,09;2023-11-17;Portugal;;X;X
Product 2689;Drink;;80;;2021-05-08;;;X;X
Product 2690;Food;980;NaN;3104;20/11/2020;Portugal;;X;X
Product 2691;;4132;97;3096,12;2024-04-05;;;X;X
Product 2692;Snack;928.44;NaN;3995,53;2018/12/28;France;S-38;X;X
Product 2693;;3,169.75;NaN;1737,77;2020-04-17;Portugal;;X;X
Product 2694;Drink;3417;20;4775;2021-12-17;Portugal;;X;X
Product 2695;Drink;3,947.68;NaN;2138,43;2018/02/12;;;X;X
Product 2696;Food;4,331.46;48;4443;23/12/2023;;S-49;X;X
Product 2697;;2730,91;NaN;;28/02/2022;Germany;;X;X
Product 2698;Drink;1,700.93;NaN;466,02;2021/05/23;France;;X;X
Product 2699;Snack;1303;NaN;;2024/03/22;;S-22;X;X
;Drink;933;51;;;Portugal;S-26;X;X
Product 2701;;;;;2020/01/24;;;X;X
Product 2702;Snack;889;;1954;06-09-2021;;;X;X
Product 2703;Snack;1,945.38;NaN;1452;2018/10/09;Germany;S-37;X;X
Product 2704;Food;2,018.26;NaN;3,335.23;17-09-2018;France;;X;X
Product 2705;Snack;4,341.67;;;2023/11/03;Germany;;X;X
Product 2706;Food;1716;NaN;;14-06-2020;;;X;X
Product 2707;Food;511,10;NaN;2127;2022-05-17;Germany;S-35;X;X
Product 2708;Drink;;NaN;3022;06/02/2019;Portugal;S-35;X;X
Product 2709;Drink;1846,16;NaN;3091,42;2020/02/05;;S-8;X;X
Product 2710;Food;;;843.42;2023-05-12;Portugal;;X;X
Product 2711;;;;1,377.66;2022/04/24;France;S-40;X;X
Product 2712;Food;4747;;1164,96;2020/08/05;;;X;X
Product 2713;;78;NaN;4,173.74;2019/09/05;France;S-7;X;X
Product 2714;Snack;3779;4;;26/07/2022;Germany;;X;X
;Snack;4,124.31;NaN;4862;2022-10-18;;S-32;X;X
Product 2716;Snack;38;;3069,52;02/12/2020;Portugal;;X;X
Product 2717;Food;3140,64;;;2021-09-05;France;;X;X
Product 2718;;4388,75;;;2020-11-23;France;S-36;X;X
Product 2719;Food;4631,59;NaN;4,432.48;10/10/2018;France;;X;X
Product 2720;Snack;;NaN;2019;;;;X;X
Product 2721;Drink;824.07;72;2687,48;2024/06/06;Germany;;X;X
Product 2722;Snack;2607;NaN;3,296.03;2024-04-13;Germany;;X;X
Product 2723;Snack;2909;NaN;1003;2023/09/16;France;;X;X
Product 2724;Drink;3967,26;NaN;410.32;24/08/2020;Portugal;S-1;X;X
Product 2725;;4,192.81;40;386.16;2021/02/18;Portugal;;X;X
Product 2726;Snack;1972,65;;1727,54;22-01-2022;Germany;;X;X
Product 2727;;;65;;26/06/2021;;S-44;X;X
Product 2728;Drink;537;NaN;4,483.48;01/07/2021;;;X;X
Product 2729;Drink;1,011.49;NaN;2425;2021/07/14;Germany;S-28;X;X
;Drink;3644;NaN;2374;06/11/2018;Portugal;;X;X
Product 2731;Food;3,096.90;;1,533.59;01-10-2019;France;;X;X
Product 2732;;;75;2,228.07;2024/07/14;Germany;;X;X
Product 2733;Food;3639,21;NaN;1133,31;07/08/2019;France;;X;X
Product 2734;Drink;;55;;16/08/2023;Portugal;;X;X
Product 2735;Snack;2236;;;2019-02-27;Germany;;X;X
Product 2736;Food;228;;2,787.83;18/11/2022;Portugal;;X;X
Product 2737;Snack;4,763.65;NaN;1731;16-01-2024;Germany;;X;X
Product 2738;Food;3485,63;97;3331;2024/03/13;Germany;;X;X
Product 2739;;1417,39;27;3307,64;2019-07-10;France;;X;X
Product 2740;Snack;175;;1077;;Portugal;;X;X
Product 2741;Food;;95;;2018-06-25;;;X;X
Product 2742;Drink;3078,59;63;;16/02/2023;France;;X;X
Product 2743;Drink;;;1537;2021-10-09;Portugal;S-35;X;X
Product 2744;;2,807.43;;;09/11/2018;Portugal;;X;X
;;3788,82;NaN;;2020/01/22;;;X;X
Product 2746;Food;1,358.41;NaN;;2023-03-06;Germany;;X;X
Product 2747;Drink;1175;;;2021/05/31;;S-2;X;X
Product 2748;Snack;2,010.97;NaN;1736;2018/12/13;;;X;X
Product 2749;Food;;;2196,44;19/09/2023;;;X;X
Product 2750;Food;2080;60;1,924.33;2019/09/01;Portugal;;X;X
Product 2751;Drink;;NaN;3703;2020-05-07;Germany;S-41;X;X
Product 2752;;;88;746,66;2020/01/21;Portugal;;X;X
Product 2753;Snack;2694;NaN;431,65;2021/08/21;Germany;S-7;X;X
Product 2754;;1,493.25;;2986;27-08-2021;;;X;X
Product 2755;Food;691;;1668,71;05/05/2020;Germany;;X;X
Product 2756;Food;2551;14;2,925.14;16-10-2024;France;S-12;X;X
Product 2757;Drink;2706;46;1446;31/12/2020;Germany;;X;X
Product 2758;;;NaN;;2022-06-21;France;S-4;X;X
Product 2759;Food;4822;NaN;1184;2024/02/05;France;;X;X
;Food;3938;50;;;Portugal;;X;X
Product 2761;;888.88;70;4224,49;2021-12-24;Germany;;X;X
Product 2762;Drink;1522,71;NaN;3354,21;10-07-2019;;;X;X
Product 2763;Drink;;51;;2019/10/07;;S-32;X;X
Product 2764;Snack;4926,93;NaN;1259,60;2024-07-31;France;;X;X
Product 2765;Snack;680,63;NaN;1521;24/12/2020;France;;X;X
Product 2766;Snack;4412,45;NaN;1,061.72;21/07/2021;;;X;X
Product 2767;;779;NaN;2461;2024/05/30;France;;X;X
Product 2768;Snack;1,862.52;NaN;4215,74;2024/09/04;Portugal;;X;X
Product 2769;Snack;2,931.66;;481;2022-07-27;;;X;X
Product 2770;;363.74;NaN;1905,85;20/03/2023;France;S-45;X;X
Product 2771;Snack;655,64;33;1380,44;01-03-2018;France;;X;X
Product 2772;Drink;3996;97;1898;10/09/2018;;;X;X
Product 2773;Food;346,21;NaN;4968;19-11-2022;Portugal;S-20;X;X
Product 2774;Drink;;NaN;4,405.45;01/04/2024;;;X;X
;Drink;168.95;47;;27/04/2023;France;;X;X
Product 2776;Food;;;4477;12/05/2022;Germany;;X;X
Product 2777;Drink;2,777.73;NaN;36,03;2018-07-16;Germany;S-46;X;X
Product 2778;Food;3409;;1008,04;14/11/2021;;;X;X
Product 2779;Drink;;12;3146,45;17-04-2023;;;X;X
Product 2780;;;;78,01;;Germany;;X;X
Product 2781;;720.36;35;2434;02-04-2020;Germany;;X;X
Product 2782;Snack;;NaN;2409,61;2021-03-04;Portugal;S-25;X;X
Product 2783;;3596;NaN;3284;2019/05/19;Portugal;;X;X
Product 2784;Food;3,215.73;84;4518,07;31-01-2021;;S-17;X;X
Product 2785;Snack;3,734.50;NaN;1558;2023-12-27;Germany;;X;X
Product 2786;Drink;1,831.47;NaN;493;03/01/2022;France;;X;X
Product 2787;;4596;4;1,634.46;2024-06-10;;;X;X
Product 2788;Snack;1045,75;NaN;2,713.17;2024/02/01;Germany;S-40;X;X
Product 2789;;2,629.14;95;1918,30;2021-03-31;;;X;X
;Snack;3537,83;;;2024-05-20;France;;X;X
Product 2791;Food;3,685.23;NaN;;08/09/2018;;;X;X
Product 2792;Food;4,181.69;9;2131,70;2021/11/02;Portugal;;X;X
Product 2793;Drink;1,000.91;83;4224,52;15-10-2023;Germany;;X;X
Product 2794;Snack;4393,32;;2,675.49;23/09/2023;Germany;;X;X
Product 2795;Food;3134,56;78;4473,98;20-08-2021;France;;X;X
Product 2796;Drink;294,92;NaN;1913;2020-03-26;Portugal;S-36;X;X
Product 2797;Snack;4,427.41;71;;2020-05-17;;;X;X
Product 2798;Drink;;NaN;3,567.59;05/01/2020;;S-27;X;X
Product 2799;Food;;21;3260,70;08/05/2018;Germany;;X;X
Product 2800;Drink;1,725.04;4;4115,90;;Portugal;S-32;X;X
Product 2801;Snack;;50;2278,37;29/01/2023;Germany;S-45;X;X
Product 2802;;2593,41;NaN;;2021/11/18;France;S-7;X;X
Product 2803;Food;3,325.79;;1377;2018/06/22;Germany;S-11;X;X
Product 2804;Snack;3934;24;16,03;11/08/2020;Germany;;X;X
;Snack;2400;NaN;;2020-11-01;Germany;S-20;X;X
Product 2806;Drink;1301;20;3357;28-01-2019;;S-46;X;X
Product 2807;Food;2810;75;1788,09;12-02-2021;;S-6;X;X
Product 2808;;;47;3370,37;2024/02/03;Portugal;;X;X
Product 2809;;773,77;28;;07-09-2018;Portugal;;X;X
Product 2810;Drink;1627,17;25;1153,86;09/05/2018;;S-3;X;X
Product 2811;Food;;NaN;;21-03-2020;;;X;X
Product 2812;;1,912.06;NaN;;10-10-2018;Portugal;;X;X
Product 2813;Food;;NaN;1,195.80;2021/12/17;;;X;X
Product 2814;Drink;265.48;;;2018-10-18;France;;X;X
Product 2815;Food;3591,45;99;916.72;2019-06-20;France;S-8;X;X
Product 2816;Food;3,227.10;NaN;3,910.84;29-03-2021;Portugal;S-46;X;X
Product 2817;Food;316.61;23;4163;2021/08/14;France;;X;X
Product 2818;Drink;991.61;;296.25;2024-01-12;Germany;;X;X
Product 2819;Drink;4,628.97;6;;28/04/2024;France;;X;X
;Drink;4783,46;32;4453;;Portugal;;X;X
Product 2821;;1,629.11;NaN;2925;12/12/2019;France;;X;X
Product 2822;Snack;775.96;;2321;01-04-2018;France;;X;X
Product 2823;Food;3,704.97;24;1,054.22;2018/10/02;Portugal;;X;X
Product 2824;Snack;;15;821;2019/11/30;France;;X;X
Product 2825;Food;3997,01;;1,300.88;2018-05-02;;S-12;X;X
Product 2826;Food;3,201.79;78;262;2024-09-22;France;;X;X
Product 2827;Food;2,765.68;32;;28-11-2022;Germany;;X;X
Product 2828;Drink;1,182.27;;4443;01-10-2024;;S-7;X;X
Product 2829;;1625;NaN;4217,34;2024/04/29;Germany;;X;X
Product 2830;Drink;3,512.35;;973;2018/03/27;France;S-22;X;X
Product 2831;Food;3,946.76;NaN;;2023-03-25;France;;X;X
Product 2832;Snack;1601;89;;16-02-2018;;;X;X
Product 2833;Food;1333,89;NaN;;22/01/2020;France;;X;X
Product 2834;Food;;NaN;4119,84;2021-08-13;Germany;S-46;X;X
;;;NaN;;08-11-2018;Germany;S-37;X;X
Product 2836;Food;;NaN;781;2023/07/15;Germany;S-42;X;X
Product 2837;Drink;1449,21;NaN;4412;15-11-2018;France;;X;X
Product 2838;;2855;;448.57;2021-02-28;Portugal;S-4;X;X
Product 2839;;;;;24/09/2024;Germany;;X;X
Product 2840;;3056,06;28;1454,80;;France;;X;X
Product 2841;Food;;;3040,05;26/03/2020;France;;X;X
Product 2842;;;68;;2022-08-02;France;;X;X
Product 2843;;13.44;33;1835;2021/06/16;Portugal;;X;X
Product 2844;Drink;2,200.71;;3,585.93;2023-06-09;Portugal;S-7;X;X
Product 2845;Snack;277.19;;3490;2023-03-16;Portugal;;X;X
Product 2846;Drink;;;4,426.10;15-09-2022;;;X;X
Product 2847;Drink;;NaN;2140,09;2018/07/29;;;X;X
Product 2848;Snack;3,593.82;;2,063.70;13-07-2023;Germany;;X;X
Product 2849;Snack;2451;NaN;836;08/08/2021;Portugal;S-42;X;X
;;691.38;15;;20/04/2023;Germany;S-31;X;X
Product 2851;Drink;653,34;NaN;3,046.08;23/06/2024;Germany;S-12;X;X
Product 2852;Food;4061,60;NaN;2688;2018-10-17;Portugal;;X;X
Product 2853;Drink;673;NaN;4618;2019/10/16;Germany;;X;X
Product 2854;Snack;1985,66;58;1,836.41;24/08/2024;Germany;;X;X
Product 2855;;2,739.90;;778,05;2019-07-25;Portugal;;X;X
Product 2856;;188,29;NaN;3204;13-10-2023;France;;X;X
Product 2857;;;24;4335;2018-02-04;Germany;S-37;X;X
Product 2858;Food;;33;879;04/11/2022;;;X;X
Product 2859;Food;;NaN;;2021/04/07;;S-49;X;X
Product 2860;Snack;1,746.56;NaN;1776;;Portugal;S-47;X;X
Product 2861;;3466;NaN;1,573.42;2021/01/05;Portugal;;X;X
Product 2862;Drink;3336;67;2574;16-10-2018;Portugal;;X;X
Product 2863;;;NaN;4,976.20;27-10-2024;Germany;S-10;X;X
Product 2864;Drink;4621,51;;;04/12/2018;;;X;X
;Drink;1009;NaN;;2023-06-24;France;;X;X
Product 2866;Food;4,889.95;NaN;;2020/09/25;Portugal;;X;X
Product 2867;;4612,72;15;291,14;2018/05/02;Germany;S-22;X;X
Product 2868;Snack;4073;27;3675,97;16-10-2024;France;;X;X
Product 2869;;547,40;;838,26;2023/11/04;;;X;X
Product 2870;;1,734.44;NaN;;2020-07-09;;S-42;X;X
Product 2871;Snack;4770,47;2;1,782.19;2021-07-25;Portugal;;X;X
Product 2872;Snack;114.20;NaN;3205;23-07-2019;Portugal;;X;X
Product 2873;;3,214.56;91;892;08/04/2021;Germany;;X;X
Product 2874;Snack;3896;;1,436.22;25/04/2024;France;S-30;X;X
Product 2875;Drink;3320,04;90;4122;2024-10-16;France;S-13;X;X
Product 2876;Food;;70;1442;2024-04-23;Portugal;;X;X
Product 2877;Snack;1,385.92;NaN;;2022/04/06;Germany;;X;X
Product 2878;Drink;283.44;;1,442.69;2021/02/10;Germany;S-22;X;X
Product 2879;Food;;NaN;3,092.16;2024/08/20;;S-11;X;X
;Snack;4960,89;;2,809.64;;France;;X;X
Product 2881;Food;;;1810;2024-01-21;Germany;S-16;X;X
Product 2882;;464,65;NaN;4,337.97;08/08/2022;Germany;;X;X
Product 2883;Snack;725,92;6;179.59;2018/08/13;France;;X;X
Product 2884;Drink;3,166.45;12;4,691.17;22-06-2019;Portugal;;X;X
Product 2885;Drink;577.80;15;4659;01-10-2021;Portugal;;X;X
Product 2886;Food;;;864,40;01-09-2018;Portugal;;X;X
Product 2887;Drink;2,050.56;;;2019/10/06;Portugal;;X;X
Product 2888;Drink;267,52;;978;06/09/2018;;;X;X
Product 2889;Snack;;NaN;;18/02/2020;France;;X;X
Product 2890;Food;2,013.48;96;4727,79;30/03/2018;Portugal;S-7;X;X
Product 2891;Drink;4566,43;;;25-07-2018;;;X;X
Product 2892;;604,78;NaN;4,764.27;19/02/2024;;;X;X
Product 2893;Snack;2232;4;4860;2019-08-07;Portugal;;X;X
Product 2894;Drink;;96;2351;08/08/2021;Germany;;X;X
;Drink;4,662.01;;2379;2023/09/21;;;X;X
Product 2896;Drink;4,627.41;65;2076,09;11/10/2021;;S-18;X;X
Product 2897;Snack;185.12;;85,93;2024-03-26;France;S-34;X;X
Product 2898;Snack;2157;NaN;3322,31;2020/04/26;;;X;X
Product 2899;Food;1042,01;;194.48;04-06-2024;Germany;S-5;X;X
Product 2900;Snack;;95;4,096.26;;France;S-37;X;X
Product 2901;Drink;3253;77;897,55;2023/10/09;France;;X;X
Product 2902;Drink;3883,24;;3,578.71;2023/01/05;France;;X;X
Product 2903;;748;;2910;06/09/2019;Germany;;X;X
Product 2904;Snack;880,69;NaN;533,05;17-08-2019;;;X;X
Product 2905;Drink;;;;2022-03-23;Germany;S-22;X;X
Product 2906;;3,126.74;97;2,981.56;13/05/2018;;S-28;X;X
Product 2907;Food;4609,64;;681.99;02/03/2024;France;;X;X
Product 2908;Food;2882;30;2777;2019-04-08;France;;X;X
Product 2909;Food;4,909.92;22;493.61;19-11-2023;Germany;S-18;X;X
;Drink;;NaN;;2019-12-11;;;X;X
Product 2911;Drink;644.04;;4,094.19;2021-08-01;Portugal;;X;X
Product 2912;Food;3503;;2,062.30;2019/06/10;Portugal;;X;X
Product 2913;;4972;;568;2021-07-30;France;S-27;X;X
Product 2914;Food;3607,87;NaN;;2020-09-19;Germany;S-22;X;X
Product 2915;Snack;4052,32;;532,01;28-04-2024;Germany;;X;X
Product 2916;Drink;4,026.81;87;1333,36;2019/12/08;France;;X;X
Product 2917;Drink;3578;47;;08-01-2020;;;X;X
Product 2918;Snack;;NaN;;05-04-2021;France;;X;X
Product 2919;Drink;4117,47;;2468,71;2023-07-06;France;;X;X
Product 2920;Snack;;100;3828,91;;Germany;;X;X
Product 2921;Food;593;NaN;3394;2023-04-30;;;X;X
Product 2922;Food;953;44;3807,78;2020/06/14;France;;X;X
Product 2923;Drink;2748;;;15-10-2021;;;X;X
Product 2924;Drink;1,936.84;41;2,683.66;2019-12-16;;S-21;X;X
;Food;1060,06;;978.46;2021/12/29;Portugal;;X;X
Product 2926;Snack;1296,79;;;15/09/2021;;S-36;X;X
Product 2927;Food;4,440.51;NaN;950;2023/06/10;France;;X;X
Product 2928;Snack;;;;2019-09-20;;S-17;X;X
Product 2929;;;;3054,15;2022-06-24;Portugal;;X;X
Product 2930;Food;615.56;8;;2024/07/20;;;X;X
Product 2931;Snack;;NaN;4,112.24;2023/06/10;France;S-28;X;X
Product 2932;Snack;1,389.65;;432;2024/05/12;France;;X;X
Product 2933;Snack;2995,33;NaN;;2019-04-15;France;;X;X
Product 2934;Drink;2215,57;63;1,236.71;2020/10/24;Portugal;;X;X
Product 2935;Drink;2156,11;94;3516,02;2020-12-18;;S-15;X;X
Product 2936;;2,061.71;NaN;1770;2022/11/16;;S-24;X;X
Product 2937;;632;93;;18-05-2021;Germany;;X;X
Product 2938;Snack;2655,24;NaN;;25/11/2023;Portugal;;X;X
Product 2939;Drink;1711;;2,185.20;30/10/2024;;;X;X
;Snack;4,764.57;NaN;3150,01;;France;;X;X
Product 2941;Drink;4138,84;38;4,397.39;2021-05-16;;;X;X
Product 2942;Drink;1109;NaN;1648;18-08-2023;Germany;;X;X
Product 2943;;161,91;;109.51;18-10-2022;Germany;;X;X
Product 2944;Snack;623;NaN;;2018-10-30;Portugal;;X;X
Product 2945;Snack;;1;2544,15;04-12-2023;France;;X;X
Product 2946;Drink;;64;2998;2018-08-24;Germany;;X;X
Product 2947;Drink;1842;57;;2022/12/01;Germany;;X;X
Product 2948;Food;3114;NaN;;2024-03-20;;S-21;X;X
Product 2949;;2214;;2,847.52;24-02-2018;;;X;X
Product 2950;Food;;NaN;3339,41;2019-01-10;Germany;;X;X
Product 2951;Drink;4,217.53;NaN;4992,90;2019-09-19;France;;X;X
Product 2952;Snack;1256,41;NaN;4434;2020-02-16;France;;X;X
Product 2953;Drink;684;4;;2022/03/11;;;X;X
Product 2954;Food;2308,73;NaN;1364,36;05-11-2022;Germany;S-14;X;X
;;552,80;31;866,63;2023/03/07;France;;X;X
Product 2956;Drink;3845,78;;2993,12;2020-01-31;France;S-41;X;X
Product 2957;Snack;193,65;14;180;10/08/2022;;S-38;X;X
Product 2958;Food;;97;455;14/02/2022;;;X;X
Product 2959;Drink;2769,22;9;565;2020/11/17;Portugal;;X;X
Product 2960;Snack;2246;33;;;Portugal;;X;X
Product 2961;Snack;3817,22;55;;2021/05/18;Portugal;;X;X
Product 2962;Drink;;NaN;1,053.71;29-04-2018;France;;X;X
Product 2963;Food;2581,40;4;;2022/11/15;Germany;;X;X
Product 2964;Snack;2584;NaN;;09-06-2021;;;X;X
Product 2965;;2,238.81;;;2023-12-03;France;;X;X
Product 2966;Food;2963,74;4;2508;2021/07/20;;;X;X
Product 2967;Snack;4871,01;39;4067;14-09-2020;;;X;X
Product 2968;Drink;2,317.28;;1062,65;2023/07/05;;;X;X
Product 2969;Drink;;9;1926,05;2019/04/27;Portugal;;X;X
;Food;2,264.82;;;2019/07/01;Germany;S-39;X;X
Product 2971;Snack;269.42;NaN;1772,66;2023-08-11;;;X;X
Product 2972;Snack;1660,70;;1523;2023/07/30;;;X;X
Product 2973;Food;4064;NaN;4,211.87;18/08/2019;France;;X;X
Product 2974;Food;1805;;;13/04/2019;France;;X;X
Product 2975;Food;2,460.17;NaN;3670;06/01/2018;;;X;X
Product 2976;;4,005.13;;3745,26;06/04/2023;;S-17;X;X
Product 2977;;571.03;;91;2022-08-21;Germany;;X;X
Product 2978;;;NaN;2194,74;2018-02-15;Germany;;X;X
Product 2979;Drink;908;NaN;3,315.07;2021/05/21;Portugal;S-47;X;X
Product 2980;;;;3,401.63;;Germany;;X;X
Product 2981;;;NaN;;04/02/2020;Germany;S-41;X;X
Product 2982;;148,42;85;207;26/12/2019;Germany;;X;X
Product 2983;Snack;2806;;;2019-06-21;Portugal;S-42;X;X
Product 2984;;994.82;;3039;26/03/2021;France;;X;X
;Food;3,034.81;NaN;4338;2018/05/19;Germany;;X;X
Product 2986;;;78;1,019.05;16-02-2019;Germany;;X;X
Product 2987;Drink;;NaN;941;06/08/2024;Portugal;S-49;X;X
Product 2988;Drink;;NaN;2836;2024/06/03;France;S-23;X;X
Product 2989;;4115,97;88;835,34;2020/06/18;;S-27;X;X
Product 2990;Food;1766,17;NaN;;2020-02-27;France;;X;X
Product 2991;Food;2,623.08;NaN;226.87;2023-06-04;Germany;;X;X
Product 2992;Snack;;NaN;3213,48;2023/09/23;Germany;S-2;X;X
Product 2993;Food;94,90;8;3782,97;09-08-2022;Germany;;X;X
Product 2994;Snack;;;2757;2018-02-17;Germany;;X;X
Product 2995;Snack;2074,02;NaN;238,76;2020/09/25;Germany;;X;X
Product 2996;Food;1553;;1584;2019/03/27;;;X;X
Product 2997;Food;3134,19;;3725;2024-09-12;France;;X;X
Product 2998;Snack;3775,48;;10,66;03/05/2020;;S-36;X;X
Product 2999;Drink;;54;2791,78;2020-08-10;Portugal;S-17;X;X
;;3332,68;;3,326.17;;France;S-31;X;X
Product 3001;Drink;4569,65;;;09/10/2020;;;X;X
Product 3002;Food;98;;3,146.24;2022-04-11;Portugal;S-5;X;X
Product 3003;Food;2927,82;95;;28-12-2021;France;S-23;X;X
Product 3004;Snack;4102;;;2019-08-31;Portugal;S-33;X;X
Product 3005;;2870;NaN;1,273.29;20/01/2023;Portugal;;X;X
Product 3006;Food;1246,45;20;;2018-12-30;Germany;;X;X
Product 3007;;1,583.33;;1,516.04;19-01-2022;Germany;S-16;X;X
Product 3008;Drink;211,48;;1601;29-06-2023;France;S-4;X;X
Product 3009;;4039;;3,446.58;19/12/2019;France;;X;X
Product 3010;Drink;;60;1,426.90;22-08-2023;France;S-17;X;X
Product 3011;Food;;17;;10/01/2022;Germany;S-32;X;X
Product 3012;Food;;86;65;18/07/2022;;S-31;X;X
Product 3013;Snack;3194,41;72;632,47;2018-04-18;;;X;X
Product 3014;Drink;;NaN;2684,34;2022-03-23;Germany;;X;X
;Drink;;45;2267;2023-08-26;Portugal;;X;X
Product 3016;;1911;;691.16;2020-02-13;Germany;S-26;X;X
Product 3017;Snack;;65;;31-05-2020;France;;X;X
Product 3018;Snack;4,777.26;;2639;2024/07/06;Germany;S-50;X;X
Product 3019;Snack;1081;85;3,757.34;08-10-2019;;;X;X
Product 3020;Drink;;42;;;France;S-36;X;X
Product 3021;Food;2399;94;2,515.57;2020/05/14;Portugal;S-50;X;X
Product 3022;Food;1,241.21;NaN;95,80;2018/02/01;Portugal;;X;X
Product 3023;;;NaN;2740,42;22-04-2021;Portugal;S-31;X;X
Product 3024;;915;NaN;827;2022/01/05;Portugal;;X;X
Product 3025;Drink;2914,32;89;;2018/10/25;Portugal;;X;X
Product 3026;Food;;;1949;05/07/2022;France;S-44;X;X
Product 3027;Snack;4035,07;NaN;4418,61;04/10/2019;Portugal;S-9;X;X
Product 3028;Food;3557;;;2024-10-30;Portugal;S-45;X;X
Product 3029;;;;8,01;2024-02-21;;;X;X
;Food;4,240.61;NaN;;2019-10-30;Germany;S-18;X;X
Product 3031;Snack;;64;2934,59;2024-10-28;Portugal;;X;X
Product 3032;;;59;3,036.98;2024-04-27;France;;X;X
Product 3033;Drink;4,099.07;NaN;1789,74;03-04-2023;;;X;X
Product 3034;Food;;25;4155;2018-04-28;Portugal;S-16;X;X
Product 3035;Food;274.61;NaN;3113,74;14/06/2024;Portugal;S-26;X;X
Product 3036;Drink;3303,78;NaN;2,345.90;20-06-2023;Portugal;;X;X
Product 3037;Drink;3154;NaN;;19-04-2019;Portugal;;X;X
Product 3038;Snack;475,39;81;274;2024/08/16;France;S-48;X;X
Product 3039;Food;;NaN;4,476.56;15-07-2022;Portugal;;X;X
Product 3040;;4504,16;33;;;France;S-43;X;X
Product 3041;Food;;79;;2023/10/26;Portugal;S-32;X;X
Product 3042;Snack;4812;NaN;257.16;16-04-2024;;;X;X
Product 3043;;4639,02;NaN;;14-06-2022;France;S-43;X;X
Product 3044;;4076,59;55;;19/05/2019;Germany;;X;X
;;;NaN;900;25-11-2018;Germany;;X;X
Product 3046;Snack;4470;;991,56;2023/06/28;;;X;X
Product 3047;Food;2,675.52;;2461,71;2020/11/23;Germany;;X;X
Product 3048;;;NaN;3423;2019/03/20;;S-18;X;X
Product 3049;Drink;4734;;1,152.09;2022/03/27;France;;X;X
Product 3050;Snack;2,609.73;NaN;124.06;2023/01/17;France;S-15;X;X
Product 3051;;;59;4,624.80;27-05-2020;;;X;X
Product 3052;Snack;4862;NaN;;07/10/2021;;S-48;X;X
Product 3053;Drink;2188,34;;;2021-04-15;Germany;S-36;X;X
Product 3054;;2695,50;;1358;02/06/2020;Portugal;;X;X
Product 3055;Food;4059;;4581,01;2024-01-16;;;X;X
Product 3056;Snack;;NaN;954.22;2023-09-03;;S-50;X;X
Product 3057;;;NaN;349,74;24/01/2019;France;;X;X
Product 3058;;3,332.92;NaN;;2022/02/08;;;X;X
Product 3059;Snack;;NaN;2515;2023/08/19;France;S-28;X;X
;Drink;2817;NaN;4934;;Portugal;;X;X
Product 3061;Snack;2978,40;;;2021/01/30;;;X;X
Product 3062;Food;3823,05;22;3,280.04;07/01/2023;France;;X;X
Product 3063;Drink;;61;434;23/08/2021;Germany;S-4;X;X
Product 3064;Food;3371;43;4416,60;2022/05/19;Germany;S-41;X;X
Product 3065;Food;;;2965,03;23-05-2018;Germany;S-8;X;X
Product 3066;Snack;2,798.44;;4984;2019/03/19;Germany;;X;X
Product 3067;;;81;3457,10;2024-05-27;Germany;;X;X
Product 3068;Drink;;8;1233;2020-03-20;;S-36;X;X
Product 3069;Food;3322,92;;4104;2018/06/20;Portugal;;X;X
Product 3070;;1335;25;;2022/11/02;;;X;X
Product 3071;;1146,69;35;2160,51;10-08-2019;Portugal;;X;X
Product 3072;;1293,26;;1035;2021-06-28;;S-48;X;X
Product 3073;Drink;;89;2,093.57;2020/12/10;Portugal;;X;X
Product 3074;;;;1643;2022/11/04;Germany;;X;X
;Snack;220.11;NaN;1,624.11;2021/08/07;Germany;;X;X
Product 3076;Food;885;;2,575.19;2020-05-14;Portugal;;X;X
Product 3077;;3,370.96;;1062;2019-12-30;;;X;X
Product 3078;Food;;;3434;01/09/2020;Portugal;S-23;X;X
Product 3079;Drink;;;2557;2022/09/26;France;;X;X
Product 3080;Food;;NaN;;;;;X;X
Product 3081;;908,63;;3,811.24;11/02/2019;Portugal;S-24;X;X
Product 3082;Drink;;24;;2024/07/31;Portugal;;X;X
Product 3083;Drink;3510;;;21/01/2023;Portugal;;X;X
Product 3084;Drink;;59;2,280.38;04/06/2024;;;X;X
Product 3085;Drink;1,918.65;;4,992.61;19/07/2022;;;X;X
Product 3086;Drink;;;1732,63;10-03-2020;France;S-31;X;X
Product 3087;Food;;NaN;;2018-05-14;Portugal;S-34;X;X
Product 3088;;2,558.50;NaN;;2024/09/19;Germany;S-24;X;X
Product 3089;Food;323,80;;;2019-05-12;;S-42;X;X
;;764;;1,442.12;2020-06-13;France;;X;X
Product 3091;Drink;511.05;38;981,39;26/01/2020;Portugal;S-41;X;X
Product 3092;Drink;799;11;1617,32;02-10-2019;Germany;;X;X
Product 3093;Snack;2,899.99;;777;2022-11-10;Germany;;X;X
Product 3094;Snack;;;4,899.80;2021/12/09;Portugal;;X;X
Product 3095;Food;1,376.09;;;2019/09/12;France;S-30;X;X
Product 3096;Food;1.72;NaN;4449,87;2018-12-12;France;;X;X
Product 3097;;;;535.26;27-01-2024;Portugal;S-15;X;X
Product 3098;;2,663.52;;708,70;27/04/2021;Germany;;X;X
Product 3099;Snack;;22;4793;07/10/2019;France;S-45;X;X
Product 3100;Snack;687;NaN;2855;;France;S-3;X;X
Product 3101;;1,975.94;NaN;511,02;2019/05/07;Germany;S-6;X;X
Product 3102;Food;;39;3,378.81;09/09/2023;France;;X;X
Product 3103;;3009,71;;;25/12/2018;Germany;S-32;X;X
Product 3104;Food;2124,57;49;;03-12-2019;France;;X;X
;;445,91;65;4,671.70;07-12-2021;France;S-19;X;X
Product 3106;Drink;1072,26;47;2,322.30;18/04/2018;France;;X;X
Product 3107;Drink;2,932.49;NaN;3,651.78;2021-04-08;Portugal;;X;X
Product 3108;Food;1,788.74;15;;2022-12-18;Portugal;;X;X
Product 3109;Food;4,992.89;;4736;2024-01-03;France;;X;X
Product 3110;Food;3573,67;;3421;2021/01/01;;;X;X
Product 3111;Snack;;NaN;;17/06/2021;Germany;S-48;X;X
Product 3112;Snack;3598,57;;;05/07/2022;France;;X;X
Product 3113;;1,708.65;;;2022/12/06;Portugal;;X;X
Product 3114;Snack;218;37;2393;2023-11-03;Portugal;;X;X
Product 3115;;1606,09;NaN;1,949.35;17-04-2024;Portugal;;X;X
Product 3116;;2003,04;;;2020-02-16;Portugal;;X;X
Product 3117;;4550;;3546,28;2023/05/16;Portugal;S-26;X;X
Product 3118;Food;4532;NaN;4461,59;07-07-2019;France;;X;X
Product 3119;Drink;;;3,454.60;2022/11/05;Germany;;X;X
;Snack;723,22;NaN;;;Portugal;S-19;X;X
Product 3121;;;NaN;3,075.25;2019/10/27;Portugal;;X;X
Product 3122;Drink;1589,42;;;2022/05/18;;S-27;X;X
Product 3123;;4365;NaN;;24/05/2019;France;S-23;X;X
Product 3124;Food;;73;;2022-07-08;France;;X;X
Product 3125;;2010,32;47;;2023/06/20;Germany;;X;X
Product 3126;Snack;;1;352;21-01-2024;Germany;;X;X
Product 3127;Drink;4482,88;;3115;24/09/2024;;S-42;X;X
Product 3128;Food;3,862.00;;;2023/01/20;;;X;X
Product 3129;;3500,97;NaN;1773,43;2019-10-21;;;X;X
Product 3130;Snack;2733,52;NaN;4873,36;06/08/2018;Germany;;X;X
Product 3131;Snack;;;3981;05-05-2019;France;;X;X
Product 3132;Food;4,166.64;NaN;2915;2019-05-13;;;X;X
Product 3133;Snack;484,49;NaN;4,873.42;2019-07-20;Portugal;S-44;X;X
Product 3134;Snack;;31;;2019-03-20;France;S-6;X;X
;Snack;2584,86;;2,577.18;20-02-2019;;S-18;X;X
Product 3136;Snack;3936;72;;2018/05/18;Portugal;S-1;X;X
Product 3137;;;;;2018/03/25;Germany;;X;X
Product 3138;Food;3132;95;358,16;27-07-2023;Germany;;X;X
Product 3139;Drink;2,729.58;10;;31-07-2020;France;S-34;X;X
Product 3140;Drink;;NaN;1912;;France;;X;X
Product 3141;Snack;;12;3,075.07;2021-05-10;France;;X;X
Product 3142;;;;790;11/03/2022;Portugal;S-44;X;X
Product 3143;Snack;2836,11;39;;29-04-2019;;;X;X
Product 3144;Snack;1636;;2639,14;16/01/2018;Portugal;;X;X
Product 3145;;4894,48;NaN;4555;10-07-2018;Germany;;X;X
Product 3146;Food;553.23;;3984,28;18-09-2020;Portugal;;X;X
Product 3147;Drink;3,611.91;;2117,80;2018-08-19;Portugal;S-16;X;X
Product 3148;;;NaN;956.15;01/09/2022;;;X;X
Product 3149;Drink;4,973.42;NaN;;26-05-2019;Portugal;S-34;X;X
;;;;3683,55;2019/06/16;Portugal;;X;X
Product 3151;;4445,77;;391,76;2023-10-09;Portugal;S-9;X;X
Product 3152;Snack;1756,31;;686.60;01-08-2018;Germany;;X;X
Product 3153;Food;;NaN;122.58;2023-05-15;Portugal;S-3;X;X
Product 3154;Drink;3413,83;NaN;4519;11-07-2024;;;X;X
Product 3155;Food;;50;3192;24-07-2023;;;X;X
Product 3156;Snack;1035;93;3511,15;2023/07/01;Portugal;;X;X
Product 3157;;1,242.76;NaN;3,471.15;29-09-2018;;S-2;X;X
Product 3158;Drink;500;;2,962.70;2022-04-25;Germany;;X;X
Product 3159;Food;1638,27;NaN;4907,76;2022/07/18;Germany;S-36;X;X
Product 3160;Drink;1894,91;;2,323.49;;France;;X;X
Product 3161;Drink;245;78;985.01;2024/02/24;Germany;;X;X
Product 3162;Drink;4034;19;1,212.62;2024/02/29;;;X;X
Product 3163;Food;2651;;1112;2021/07/02;France;;X;X
Product 3164;Drink;894;NaN;338,10;2019/07/12;Portugal;S-37;X;X
;Food;;81;;2021-10-29;;S-47;X;X
Product 3166;;3412;;;21-01-2021;France;;X;X
Product 3167;Food;;;4,596.74;2021/04/08;Portugal;;X;X
Product 3168;Snack;;;;28-06-2020;Germany;;X;X
Product 3169;Drink;;57;;2024/04/08;Germany;;X;X
Product 3170;Snack;1310,65;NaN;;2021-07-19;Germany;S-9;X;X
Product 3171;Snack;4100;2;;07-12-2019;Portugal;;X;X
Product 3172;;1573;14;4,710.93;13/09/2021;Germany;S-42;X;X
Product 3173;;;41;1229,32;15-07-2023;;;X;X
Product 3174;Food;1699,58;NaN;3174;23-09-2022;Germany;;X;X
Product 3175;Food;2856;25;;2020-08-30;France;S-24;X;X
Product 3176;Drink;3,840.03;54;;2021/11/06;Portugal;;X;X
Product 3177;Snack;961,44;;1645;2019/12/06;France;;X;X
Product 3178;;2,125.76;98;1278;2021-01-10;Germany;;X;X
Product 3179;;4285;;;25/03/2023;Germany;;X;X
;Drink;;NaN;1694;;;;X;X
Product 3181;;4,379.43;NaN;;2020-01-18;Germany;;X;X
Product 3182;Snack;4,271.44;NaN;776,12;19/11/2018;France;;X;X
Product 3183;Snack;3852;NaN;1910,62;2022-04-05;Germany;;X;X
Product 3184;Drink;3502,99;18;1547;14-03-2024;Germany;;X;X
Product 3185;Snack;541;23;4047,44;2023/10/21;France;;X;X
Product 3186;Food;3018;;;08-04-2018;Germany;S-31;X;X
Product 3187;Snack;1144,51;;706.12;2020/05/28;France;;X;X
Product 3188;Food;;NaN;4214,82;2021/08/27;France;S-16;X;X
Product 3189;;801.32;NaN;314,76;03-09-2022;Germany;S-43;X;X
Product 3190;Food;592.07;38;3796;2023-06-09;France;;X;X
Product 3191;Drink;;48;1,188.08;2018/01/06;Portugal;;X;X
Product 3192;Drink;;NaN;2925;13-02-2022;Portugal;S-2;X;X
Product 3193;Drink;;;4492,14;30/08/2023;Germany;;X;X
Product 3194;Drink;1,553.08;NaN;3773,99;14/11/2022;France;;X;X
;Drink;3819,04;;;24/05/2021;Germany;;X;X
Product 3196;Snack;1950,72;;2,954.41;29/05/2021;Germany;;X;X
Product 3197;;395;21;4464,12;2020/04/23;France;;X;X
Product 3198;Food;3545,70;NaN;3128,25;27-01-2020;France;;X;X
Product 3199;Food;461;;4993;2018-02-17;Portugal;;X;X
Product 3200;;;;2857;;France;S-26;X;X
Product 3201;Drink;4966,87;35;263;21/09/2021;;;X;X
Product 3202;Drink;3802,46;;1,414.36;2021-12-01;Portugal;S-41;X;X
Product 3203;Food;;NaN;2,205.09;08-05-2020;;;X;X
Product 3204;Drink;;61;2851,90;16-01-2020;;S-11;X;X
Product 3205;Snack;4,958.18;63;710;2019/12/22;France;;X;X
Product 3206;Snack;979,42;NaN;4882;28-12-2023;France;S-8;X;X
Product 3207;Snack;864;;3810,94;26/04/2019;Germany;;X;X
Product 3208;;2220,44;NaN;;2019-02-08;Germany;;X;X
Product 3209;;4654;NaN;;2020-11-18;Portugal;S-7;X;X
;Snack;;48;;2024/02/26;Germany;;X;X
Product 3211;;3,962.64;NaN;4044;17-08-2023;;S-50;X;X
Product 3212;Snack;;NaN;4154;25/11/2020;France;;X;X
Product 3213;Drink;380,70;NaN;4908,74;2022-08-19;France;;X;X
Product 3214;;4597,61;;;2021/11/22;France;;X;X
Product 3215;Snack;1019;;1,163.22;2023-03-31;;S-31;X;X
Product 3216;;;;2,529.68;2019-11-29;Germany;S-45;X;X
Product 3217;Food;;;2450;19/03/2022;Germany;;X;X
Product 3218;Food;;;2413;2023/04/19;France;;X;X
Product 3219;Snack;4331,99;NaN;382.29;06/02/2023;Portugal;;X;X
Product 3220;Snack;2306;65;2,379.16;;Germany;;X;X
Product 3221;Snack;4,868.51;76;876;14/09/2020;Portugal;S-45;X;X
Product 3222;Food;1842;;3004,90;2018-05-16;;;X;X
Product 3223;;4,739.94;;3,593.61;2022-09-17;;S-47;X;X
Product 3224;Food;1548,81;NaN;1,800.62;08/04/2019;Germany;;X;X
;Snack;3,358.75;NaN;2631,93;2022/11/16;Germany;S-4;X;X
Product 3226;Snack;2517;NaN;4,012.37;29-09-2019;France;;X;X
Product 3227;Snack;1810;69;1574,10;2021-03-07;Germany;S-35;X;X
Product 3228;Snack;;;4966,53;23/11/2019;;S-42;X;X
Product 3229;Snack;1272;56;2056;2020/08/04;France;;X;X
Product 3230;Snack;;;;18/10/2019;Germany;;X;X
Product 3231;Drink;1,692.70;NaN;4112;2021/07/30;France;;X;X
Product 3232;Drink;4349,35;13;4029,57;11-03-2022;Germany;;X;X
Product 3233;Drink;557.02;NaN;4,115.50;22/08/2020;;;X;X
Product 3234;Food;;NaN;3423,14;2023/10/15;;;X;X
Product 3235;;;NaN;3961,52;2022-05-22;Germany;S-16;X;X
Product 3236;Snack;3410,86;NaN;3,880.25;2023/01/19;Portugal;;X;X
Product 3237;Drink;;;4160,25;2024-07-16;Portugal;S-7;X;X
Product 3238;Food;3,820.79;;4699;2022-05-30;;;X;X
Product 3239;;3,322.49;NaN;3425,72;2021/07/21;;;X;X
;Snack;2446,43;8;2754,57;;Germany;;X;X
Product 3241;Snack;;;4578,50;17-08-2021;;;X;X
Product 3242;;3425,41;95;;22/02/2019;Portugal;S-14;X;X
Product 3243;;4488;NaN;228.21;28-10-2024;Portugal;;X;X
Product 3244;;3571,08;NaN;3829;2018/07/30;;;X;X
Product 3245;Food;4005,98;;1249;2023/04/20;Germany;S-35;X;X
Product 3246;Drink;;NaN;;2019-04-22;Germany;S-31;X;X
Product 3247;Snack;4811,58;;2546,86;04/04/2021;France;S-43;X;X
Product 3248;Drink;1,274.65;92;486;05/01/2021;France;;X;X
Product 3249;;166.00;;4809,22;2021/08/05;;;X;X
Product 3250;Snack;1,625.00;;4,245.56;2022/05/31;Portugal;;X;X
Product 3251;Snack;1,333.83;NaN;1,682.98;23/10/2023;Portugal;S-26;X;X
Product 3252;Drink;1,655.12;;;30/03/2020;Germany;;X;X
Product 3253;Drink;4405,48;;;19-10-2021;Portugal;;X;X
Product 3254;Snack;178,82;42;1,976.06;14-01-2019;Germany;S-50;X;X
;Food;;22;;2022/11/08;Germany;;X;X
Product 3256;;2202;8;2,804.90;2020/02/27;Portugal;;X;X
Product 3257;Drink;2570,94;;2315;2024/08/14;Portugal;S-44;X;X
Product 3258;Snack;4212;;;2018/04/01;Germany;S-15;X;X
Product 3259;Drink;4944;NaN;4791,64;27-01-2023;Portugal;S-32;X;X
Product 3260;Snack;1270;;4,268.82;;;;X;X
Product 3261;Food;;NaN;4,218.75;28-08-2019;;S-14;X;X
Product 3262;Drink;267.44;37;;29/01/2023;Germany;;X;X
Product 3263;Snack;4097;68;3735;2023-09-25;;;X;X
Product 3264;Drink;;;4874,19;23-07-2019;;;X;X
Product 3265;Snack;3,013.84;NaN;3242;2023-02-16;Portugal;S-25;X;X
Product 3266;;2251,68;38;2371,60;2021-05-01;France;;X;X
Product 3267;Snack;77;;4949,29;2018/04/10;France;;X;X
Product 3268;Snack;1204,62;NaN;923.79;2022/03/24;Germany;;X;X
Product 3269;Snack;;;4,707.96;04-08-2018;;;X;X
;Snack;4801;;568,68;2024-09-29;;;X;X
Product 3271;;;;3,486.23;28/04/2023;;;X;X
Product 3272;Food;;;1555,23;2022-11-05;France;;X;X
Product 3273;;4,940.86;83;4155;2023/09/16;;;X;X
Product 3274;Food;4424,00;;3689,83;2023/01/18;Portugal;;X;X
Product 3275;Food;1530;NaN;1370;2019/09/02;Portugal;S-15;X;X
Product 3276;;2,406.20;;;28/01/2022;Portugal;;X;X
Product 3277;Drink;4187,55;;2662;14-04-2019;;;X;X
Product 3278;Food;;;733;12/04/2021;France;S-1;X;X
Product 3279;;3405;;2,813.11;2018-05-22;France;;X;X
Product 3280;Snack;1884,21;;1501,61;;France;S-1;X;X
Product 3281;;;59;3803,65;2019-03-31;;;X;X
Product 3282;Food;3,552.36;;;22/11/2023;France;;X;X
Product 3283;Drink;1,339.00;NaN;2,629.77;2024/10/11;Germany;S-40;X;X
Product 3284;Drink;4,158.21;;1233;2020/10/29;France;;X;X
;Drink;2,961.96;NaN;36;2019-07-02;;;X;X
Product 3286;Snack;2,607.32;;519;01/12/2018;;;X;X
Product 3287;;2840,07;10;446,45;2019/04/06;France;S-19;X;X
Product 3288;;754,74;;990,54;2024/06/19;Portugal;;X;X
Product 3289;Drink;;NaN;;28/09/2022;;;X;X
Product 3290;Snack;150.42;;;11/02/2020;Portugal;S-34;X;X
Product 3291;Drink;4,718.51;NaN;352,68;2024-04-21;Portugal;S-42;X;X
Product 3292;Food;4917,03;82;1935,46;2023/04/22;France;;X;X
Product 3293;;3,558.45;NaN;;28-08-2019;Portugal;;X;X
Product 3294;Snack;838,92;;2781;2022-09-17;;S-44;X;X
Product 3295;Drink;223,91;99;4274;19-02-2019;;;X;X
Product 3296;Snack;74.51;;3,980.90;2023-03-29;Portugal;;X;X
Product 3297;Food;878,65;NaN;3979,57;2022-03-18;France;S-42;X;X
Product 3298;Food;;NaN;;12/09/2021;France;S-1;X;X
Product 3299;;;NaN;632;16-03-2020;France;;X;X
;Snack;573,07;;3841,87;;France;S-9;X;X
Product 3301;Drink;;42;;2018-09-09;Portugal;;X;X
Product 3302;Drink;3574,33;NaN;2,870.47;21/09/2024;;S-30;X;X
Product 3303;Drink;56,02;;1131;03/04/2022;Germany;S-48;X;X
Product 3304;;4,089.15;NaN;1272;06-10-2024;Germany;;X;X
Product 3305;Food;1863,36;NaN;278;2021-10-21;;;X;X
Product 3306;Drink;1,443.82;79;2199;29/11/2020;Germany;;X;X
Product 3307;;4488;19;;2022/07/30;Portugal;;X;X
Product 3308;;4,642.78;NaN;855.65;27/10/2022;;;X;X
Product 3309;;3205,77;;;17-05-2024;Portugal;S-15;X;X
Product 3310;;2948,16;35;;2024-05-31;Germany;;X;X
Product 3311;;3930;57;763,59;2021/11/13;Portugal;S-15;X;X
Product 3312;;2,105.70;NaN;2040;27/10/2021;France;S-2;X;X
Product 3313;Food;974;34;2921;2018-11-02;Portugal;S-23;X;X
Product 3314;Food;2043;NaN;;14/07/2024;;S-22;X;X
;Drink;4160,29;92;3,678.04;09-06-2022;Portugal;;X;X
Product 3316;Snack;174.35;;4321,25;25/05/2019;Germany;;X;X
Product 3317;Food;3666,68;;4471,39;2021/07/30;;S-19;X;X
Product 3318;Snack;;NaN;312,68;2018/02/16;Portugal;;X;X
Product 3319;Drink;4580,00;;;18-07-2023;Portugal;;X;X
Product 3320;Food;1850;41;;;Portugal;;X;X
Product 3321;Food;;NaN;;27/08/2018;Germany;;X;X
Product 3322;Drink;2187,67;44;670;21-04-2018;;;X;X
Product 3323;Drink;1657,04;91;3,933.41;2020/10/08;France;S-18;X;X
Product 3324;Snack;;NaN;4211;17-02-2021;Germany;;X;X
Product 3325;Snack;2110,41;;3633,23;2018-07-16;Germany;S-34;X;X
Product 3326;Drink;;91;4033;22-06-2023;Portugal;S-41;X;X
Product 3327;Food;4580;43;2407;2020-11-07;Portugal;;X;X
Product 3328;;4337,52;;3469,18;15-04-2023;Portugal;;X;X
Product 3329;Snack;3,520.40;54;4,134.80;2023/10/15;France;;X;X
;Drink;4933,91;40;4158;2022/04/14;;;X;X
Product 3331;Food;4038;;1941;23/11/2020;France;;X;X
Product 3332;Food;502;96;1920;2021/07/06;Portugal;;X;X
Product 3333;Snack;;;;19/06/2024;France;;X;X
Product 3334;Snack;209,79;NaN;;2020/10/08;Portugal;S-37;X;X
Product 3335;;1,836.42;46;2097,97;21-12-2023;Portugal;;X;X
Product 3336;Snack;2,149.48;;1675,86;2024/05/14;Germany;;X;X
Product 3337;;1,471.01;32;4855,69;16-06-2021;Portugal;;X;X
Product 3338;Drink;;;;2024-02-17;;;X;X
Product 3339;Snack;;10;89,74;21/01/2018;Portugal;;X;X
Product 3340;;3,924.56;NaN;3,462.94;;Germany;;X;X
Product 3341;Snack;2699,68;NaN;;2019-12-27;;;X;X
Product 3342;Drink;;64;2,452.67;21-12-2022;Portugal;;X;X
Product 3343;Drink;3907,95;58;;29-01-2021;Portugal;;X;X
Product 3344;;1820;67;912;27/01/2022;;;X;X
;Food;;;;10-10-2018;;;X;X
Product 3346;Drink;;NaN;2105;2022/03/12;Germany;;X;X
Product 3347;Drink;;NaN;141.39;05-05-2024;France;S-18;X;X
Product 3348;Drink;4483,96;NaN;937;30-06-2019;France;;X;X
Product 3349;Drink;3,466.07;65;;18/12/2020;;;X;X
Product 3350;Food;632,52;37;;04/06/2020;France;;X;X
Product 3351;Drink;663;NaN;3,361.48;2021-05-15;Portugal;S-31;X;X
Product 3352;Food;2,272.76;;3759;19/09/2019;Germany;;X;X
Product 3353;Snack;1900;;1,020.77;23/03/2021;France;S-20;X;X
Product 3354;Food;4888,89;7;;2023-04-12;Germany;S-37;X;X
Product 3355;;3805;NaN;2,700.93;14-09-2020;France;;X;X
Product 3356;Snack;4672,62;87;653,90;27/10/2021;France;;X;X
Product 3357;Food;3919;NaN;3454,70;27-05-2022;France;;X;X
Product 3358;Food;1678;;322.74;2023/10/01;Germany;;X;X
Product 3359;Food;4857,58;37;1,095.00;2023/05/11;Germany;S-23;X;X
;Food;;NaN;48,01;;France;;X;X
Product 3361;Food;1453,94;39;1402,84;2020-07-23;Germany;;X;X
Product 3362;Food;3,354.82;NaN;;2022-04-17;Portugal;;X;X
Product 3363;;;56;1723;2020/02/13;Germany;;X;X
Product 3364;;3010,62;86;4168,53;05/04/2022;France;;X;X
Product 3365;;482.86;87;530;21/08/2020;Germany;;X;X
Product 3366;Food;;NaN;211;07-06-2023;Portugal;S-11;X;X
Product 3367;Snack;;26;2163,26;2022-06-14;Portugal;;X;X
Product 3368;;1,331.36;;740;22/03/2022;France;S-41;X;X
Product 3369;Drink;;NaN;;2023/08/18;Germany;;X;X
Product 3370;Drink;1671,34;NaN;186,38;2023-11-15;Portugal;;X;X
Product 3371;Food;2246;NaN;3053,46;09-05-2019;;;X;X
Product 3372;Snack;3605;9;;14/09/2019;Germany;S-26;X;X
Product 3373;;1,332.01;75;3677,26;2021-10-17;France;S-10;X;X
Product 3374;Food;526;;1,356.17;2019/12/16;;S-20;X;X
;Snack;3405;NaN;1974,65;2023/05/24;Portugal;;X;X
Product 3376;Drink;2430,53;;3888,70;2023-10-24;;;X;X
Product 3377;;1,594.80;;2,581.68;01/12/2021;;S-16;X;X
Product 3378;Food;14.43;59;;2020/01/06;Germany;;X;X
Product 3379;Food;631;;4,404.46;2022-11-09;Germany;S-39;X;X
Product 3380;Snack;2484,72;;;;France;;X;X
Product 3381;Food;3551,53;;;25/03/2022;Portugal;;X;X
Product 3382;Food;4690,48;;397.62;2024-10-15;Portugal;S-15;X;X
Product 3383;;;;;2023-11-18;France;S-12;X;X
Product 3384;Drink;1097;80;;2023/11/27;Portugal;S-48;X;X
Product 3385;Drink;2050,04;;;2021/12/08;;S-35;X;X
Product 3386;Snack;2,296.79;65;;2019-12-06;France;S-42;X;X
Product 3387;Drink;4136;;;2022-05-23;;S-47;X;X
Product 3388;Snack;;;3579;05/11/2024;;;X;X
Product 3389;;4,959.40;;4,666.85;04-11-2024;Germany;S-40;X;X
;Snack;4597;NaN;3444,68;2018-08-06;Portugal;;X;X
Product 3391;Drink;4437;93;1787;2023/06/12;Portugal;S-38;X;X
Product 3392;Food;25,28;14;;20/06/2024;Germany;;X;X
Product 3393;;2,427.37;;4625,68;2021-10-19;France;S-8;X;X
Product 3394;Drink;804;80;3358;2022-07-02;France;;X;X
Product 3395;;3,585.38;;481.45;19-06-2023;Germany;;X;X
Product 3396;Snack;;48;1,289.11;11/01/2020;France;S-40;X;X
Product 3397;Drink;362;31;;24/09/2023;France;S-38;X;X
Product 3398;Food;31,23;NaN;177,23;10-05-2018;Portugal;;X;X
Product 3399;Food;294;94;;2021-12-10;Germany;;X;X
Product 3400;Food;4714,86;NaN;1689;;France;S-39;X;X
Product 3401;Food;457;32;;09/04/2019;France;;X;X
Product 3402;;4,873.62;84;815;13-05-2021;Portugal;;X;X
Product 3403;Drink;4219,20;;4212,97;22-10-2021;Portugal;S-5;X;X
Product 3404;Food;4905,27;NaN;;18-08-2024;;S-50;X;X
;Food;;;2209;2024-03-31;France;S-24;X;X
Product 3406;Food;404,35;NaN;4319,72;19/02/2018;France;S-5;X;X
Product 3407;Snack;3,719.34;;1128,66;2020-02-03;Portugal;;X;X
Product 3408;Drink;;96;4,600.72;17/07/2019;Germany;S-47;X;X
Product 3409;;266.20;60;2627,79;2020-11-27;Portugal;;X;X
Product 3410;Snack;998,05;;2191;10-02-2019;Germany;;X;X
Product 3411;Snack;;33;4189,58;29/06/2020;;;X;X
Product 3412;;2968,24;56;1,494.03;2024-04-09;France;S-47;X;X
Product 3413;Food;;55;109.76;2021/07/31;;S-1;X;X
Product 3414;Food;1282,13;;1382;16/06/2021;;;X;X
Product 3415;Drink;4386;NaN;1,058.97;22/09/2018;France;;X;X
Product 3416;Food;2808;;2729,14;30-11-2020;Germany;S-23;X;X
Product 3417;Snack;3,495.63;81;4678;2023/06/24;Germany;S-13;X;X
Product 3418;Snack;4,053.64;;;2018-02-08;;;X;X
Product 3419;Snack;;NaN;;2021-03-28;France;;X;X
;;2,066.02;;2,664.74;;Germany;S-16;X;X
Product 3421;Food;;21;;16/05/2021;;;X;X
Product 3422;Food;1723;;4,634.94;2023-01-12;Germany;;X;X
Product 3423;Food;;72;1,078.31;2021-03-12;France;;X;X
Product 3424;Food;;;2,407.61;2019/04/24;;;X;X
Product 3425;Drink;4181,66;85;1163,01;06-12-2023;;S-48;X;X
Product 3426;Drink;4,796.68;NaN;1209;07-07-2020;Germany;S-49;X;X
Product 3427;Snack;4,887.02;;3882;25-07-2018;France;S-19;X;X
Product 3428;Snack;4023,87;32;1983;2020/08/08;Germany;;X;X
Product 3429;;1066,09;NaN;4,017.42;2018/06/13;Portugal;;X;X
Product 3430;Snack;177;37;4,820.99;22/11/2018;Portugal;S-7;X;X
Product 3431;Food;227;NaN;4175,50;2018-05-30;;S-3;X;X
Product 3432;Snack;;;4326;02-12-2021;;;X;X
Product 3433;Snack;1,108.90;;;02/02/2020;France;S-17;X;X
Product 3434;Drink;343;NaN;2810,64;2024/05/04;;;X;X
;Food;1066;5;2,435.88;23/04/2020;;S-50;X;X
Product 3436;;2,189.25;NaN;;2023-01-27;;S-50;X;X
Product 3437;;1,686.98;;2831,38;11/09/2023;Portugal;;X;X
Product 3438;;2103,38;NaN;2864,48;17/07/2020;;S-21;X;X
Product 3439;Snack;2028;;3475;21-05-2019;France;;X;X
Product 3440;;;60;;;Germany;;X;X
Product 3441;;;;340,75;2023-06-15;France;;X;X
Product 3442;;2,239.02;70;2983;11/09/2022;;;X;X
Product 3443;Drink;4948;;590,51;14-09-2024;;;X;X
Product 3444;Food;4,454.98;NaN;1076;2024-03-04;France;;X;X
Product 3445;Drink;2,735.81;78;2,019.84;2023/04/01;Germany;;X;X
Product 3446;Food;1,589.60;NaN;;2021-06-14;Germany;;X;X
Product 3447;Drink;1913;NaN;664,97;2021/03/22;;S-8;X;X
Product 3448;Food;2,029.46;NaN;4896,49;14/06/2019;Germany;S-38;X;X
Product 3449;;2700;46;712,45;2020/06/18;Germany;;X;X
;;;NaN;1732;2019-09-30;Portugal;;X;X
Product 3451;;4081;;1868,10;14-07-2021;Germany;S-24;X;X
Product 3452;Drink;;NaN;4020;20/07/2018;France;;X;X
Product 3453;;1800;NaN;1489,08;08/06/2020;;;X;X
Product 3454;Snack;1762;NaN;;17-05-2021;;S-41;X;X
Product 3455;Food;4,804.60;;3399,60;09-06-2021;Portugal;;X;X
Product 3456;Drink;1,029.95;;4725;29-11-2023;;S-34;X;X
Product 3457;;3645,93;;3,635.35;14/05/2024;Portugal;;X;X
Product 3458;;2970;;;2023-07-16;Germany;S-48;X;X
Product 3459;Food;4511;;773.78;2024/03/06;Germany;S-20;X;X
Product 3460;;;19;108,71;;Portugal;;X;X
Product 3461;;3144;75;2,255.01;2021-12-22;Portugal;;X;X
Product 3462;Food;3653,10;;4,111.89;30-07-2020;Germany;;X;X
Product 3463;Food;4447,42;;2822,26;11/08/2018;Portugal;;X;X
Product 3464;Snack;4755,21;;;10-12-2021;Germany;S-6;X;X
;Snack;;NaN;146.19;21-09-2024;;;X;X
Product 3466;Food;473,77;;;2024-01-30;;;X;X
Product 3467;Drink;711;NaN;3512,04;07-04-2024;France;S-45;X;X
Product 3468;Snack;;;;2023/09/05;;;X;X
Product 3469;Food;3409,89;;923.68;15-02-2019;Germany;S-32;X;X
Product 3470;;3,433.69;2;763;29-09-2023;Germany;S-5;X;X
Product 3471;Drink;840,95;NaN;2,597.07;15/04/2023;;;X;X
Product 3472;;2030;;4,154.43;02-06-2020;Portugal;;X;X
Product 3473;Snack;4596;NaN;;07/09/2024;Portugal;S-23;X;X
Product 3474;;4087;45;;2024/05/28;France;S-37;X;X
Product 3475;Drink;3493,16;NaN;;2024/09/02;Germany;;X;X
Product 3476;Food;3412,94;;2457;08/07/2023;France;;X;X
Product 3477;Food;4,464.84;58;;03/05/2018;Portugal;;X;X
Product 3478;Drink;911;NaN;4326;30/07/2018;;;X;X
Product 3479;;3924;87;1,022.53;20/07/2021;;;X;X
;;4359,61;;1386;;Germany;S-38;X;X
Product 3481;Drink;;NaN;2,526.75;2019-05-12;Germany;;X;X
Product 3482;Food;3797,73;44;2092,85;2021-05-23;Portugal;;X;X
Product 3483;;394,70;96;;2019/05/01;France;;X;X
Product 3484;Snack;1,686.30;NaN;1795;2022-09-06;Portugal;;X;X
Product 3485;Drink;4532;4;2186;19/09/2020;Portugal;S-14;X;X
Product 3486;Snack;4833;;;2020-09-25;France;;X;X
Product 3487;Snack;2200;86;;16-05-2020;France;S-10;X;X
Product 3488;Food;159;;4107;2020/03/25;Germany;S-3;X;X
Product 3489;Drink;;92;438.80;12/06/2024;;;X;X
Product 3490;;;;;2020/05/31;France;S-43;X;X
Product 3491;;3,520.92;;2839;2019/07/05;;;X;X
Product 3492;Drink;2318,48;;1,929.60;23/10/2024;;S-1;X;X
Product 3493;Food;4653;NaN;4237;2023-06-21;France;;X;X
Product 3494;;3,219.57;32;456;2018/07/01;;;X;X
;;3332,14;53;;12-02-2019;;;X;X
Product 3496;;;NaN;4,876.80;18/06/2022;Portugal;;X;X
Product 3497;Food;1,439.23;39;1631,19;2024/03/26;Portugal;;X;X
Product 3498;;4849,17;;;2019-03-07;;;X;X
Product 3499;;1016,32;NaN;2,651.47;2020-10-20;France;;X;X
Product 3500;Snack;15;NaN;1297,94;;France;S-27;X;X
Product 3501;Food;630,28;96;;17-10-2018;France;S-15;X;X
Product 3502;;;;;2021-01-28;Portugal;;X;X
Product 3503;Food;228;;;2020-12-30;Germany;;X;X
Product 3504;Food;322;42;;22-07-2020;France;S-34;X;X
Product 3505;;3134,30;;3294,68;28/06/2022;Portugal;S-19;X;X
Product 3506;;4777;NaN;4770,10;2019-04-18;Portugal;;X;X
Product 3507;Food;4,402.50;NaN;;2023-12-04;France;S-22;X;X
Product 3508;Food;4799;NaN;4,262.82;2022-11-24;Germany;S-14;X;X
Product 3509;Food;1,730.54;86;;06/02/2021;France;;X;X
;Snack;4546;NaN;;2023-08-26;Germany;;X;X
Product 3511;Drink;732;;;2019/03/18;Portugal;;X;X
Product 3512;;1939,61;NaN;2190;01/10/2023;Germany;;X;X
Product 3513;Snack;;;3,652.13;2018-10-14;Germany;S-10;X;X
Product 3514;Snack;2846,97;;4758;2019-11-26;Germany;S-24;X;X
Product 3515;Food;;88;3430,24;20/03/2022;Germany;S-14;X;X
Product 3516;Drink;2855,96;;3323;2020/11/05;Portugal;;X;X
Product 3517;;;NaN;2353;2018/09/19;;;X;X
Product 3518;Snack;;;2,017.20;2018-03-27;France;S-18;X;X
Product 3519;;1,313.84;NaN;;03-09-2022;Portugal;S-35;X;X
Product 3520;Snack;4980;60;;;Portugal;S-25;X;X
Product 3521;;3,471.94;;;2021-04-09;Portugal;S-14;X;X
Product 3522;Food;3,583.28;;4287,78;2021-10-24;France;S-39;X;X
Product 3523;Food;3311;;1730,69;2024/10/15;Germany;S-29;X;X
Product 3524;Drink;1533;;663;2023/07/19;;;X;X
;Food;4309,44;NaN;4,460.84;2022-04-30;;;X;X
Product 3526;Snack;;;3,561.46;31/10/2018;;;X;X
Product 3527;Snack;2,292.38;NaN;;01/11/2020;Germany;;X;X
Product 3528;Snack;1670,87;;;2018/11/12;;S-6;X;X
Product 3529;Snack;1089;96;;02/07/2020;Portugal;;X;X
Product 3530;Food;4142,21;;1574,63;28/09/2024;Portugal;;X;X
Product 3531;Food;;NaN;4603;2019/01/20;France;S-30;X;X
Product 3532;Drink;1,565.52;;;23/07/2024;France;S-39;X;X
Product 3533;;4,494.22;;4038,86;12/10/2024;Germany;S-17;X;X
Product 3534;Drink;;41;2470;20/10/2023;France;;X;X
Product 3535;;2,686.19;;;03/10/2019;Portugal;;X;X
Product 3536;Food;2,910.56;15;2315,57;12-02-2022;Portugal;;X;X
Product 3537;Snack;3,307.46;29;4978;2020/09/19;France;;X;X
Product 3538;Drink;1,094.18;;1,847.96;14/05/2023;;;X;X
Product 3539;Drink;1538,58;54;919;24/10/2022;France;;X;X
;Food;348,72;24;389.23;;France;;X;X
Product 3541;;;;;11-01-2021;Germany;;X;X
Product 3542;Drink;4194,65;NaN;4784;03/03/2019;;;X;X
Product 3543;;1780,85;;1674;2024-05-30;Germany;;X;X
Product 3544;Drink;;NaN;;2022/09/19;;S-22;X;X
Product 3545;Snack;2,552.18;52;4,829.99;13-11-2019;;S-8;X;X
Product 3546;Food;69,72;76;4597,92;17/12/2022;;;X;X
Product 3547;;;11;1,896.95;23-01-2018;;S-44;X;X
Product 3548;Food;2,220.36;NaN;697.87;2019/07/08;;S-16;X;X
Product 3549;Food;3081,33;NaN;;11/02/2018;Portugal;;X;X
Product 3550;;1407;NaN;3583,00;2022/06/11;France;S-19;X;X
Product 3551;;;NaN;1071,56;2023-11-21;;S-3;X;X
Product 3552;Drink;;NaN;2502,43;20/02/2018;;S-32;X;X
Product 3553;;1,616.39;NaN;715;2021/12/25;Germany;;X;X
Product 3554;Food;;NaN;3003,80;07-02-2018;Portugal;S-47;X;X
;Food;;NaN;159;07-01-2021;Germany;;X;X
Product 3556;;232.13;NaN;2214;31-01-2023;France;S-21;X;X
Product 3557;;2,095.40;NaN;4077;2022-02-07;Germany;;X;X
Product 3558;Drink;3,986.70;NaN;;09/07/2023;Portugal;;X;X
Product 3559;Drink;2287;NaN;1,233.00;07-06-2023;Portugal;;X;X
Product 3560;Drink;2603,30;26;748.40;;Portugal;S-36;X;X
Product 3561;Food;;;1144,45;07/07/2021;;;X;X
Product 3562;;4,449.64;29;941,18;2019-10-06;Portugal;;X;X
Product 3563;Snack;;45;2,748.98;24/06/2019;Portugal;;X;X
Product 3564;;572;NaN;2079;2022/04/20;Germany;;X;X
Product 3565;;4,209.27;;3,118.40;22-09-2021;Portugal;S-40;X;X
Product 3566;Drink;3568,47;91;1791,64;2021/04/13;Portugal;S-29;X;X
Product 3567;Snack;;NaN;;2019/03/21;France;;X;X
Product 3568;;3,502.12;24;;30/07/2024;;;X;X
Product 3569;Snack;494.87;;;2018-01-19;;S-14;X;X
;Snack;337,63;NaN;4462;2018/10/24;France;;X;X
Product 3571;;;;;05/01/2018;Portugal;;X;X
Product 3572;Drink;3613;33;708,38;13/04/2024;;;X;X
Product 3573;Drink;;31;4,503.55;2020-11-06;;S-10;X;X
Product 3574;;532,08;16;2,331.20;2020-09-01;;S-36;X;X
Product 3575;Snack;2,515.66;;1297;21/07/2024;Portugal;S-47;X;X
Product 3576;Snack;2677;NaN;1961;20/07/2019;Portugal;;X;X
Product 3577;Drink;2751,19;92;1738,46;21/06/2021;France;;X;X
Product 3578;Drink;3651;;;2022/05/01;Portugal;;X;X
Product 3579;Drink;;50;1996,16;2021/05/16;Portugal;;X;X
Product 3580;Snack;;NaN;;;Portugal;S-40;X;X
Product 3581;Snack;837,40;NaN;2622,29;21-04-2022;;;X;X
Product 3582;Drink;1908,60;;4,081.88;2020-03-31;Germany;;X;X
Product 3583;Drink;3544;;;2024-08-27;Germany;;X;X
Product 3584;Snack;;NaN;1455;01-04-2022;Portugal;;X;X
;Food;2,674.89;NaN;;2024/05/27;France;;X;X
Product 3586;Snack;;NaN;887;2024-02-29;Germany;;X;X
Product 3587;;3,043.28;45;1339;2021/03/21;;S-41;X;X
Product 3588;;;50;1,944.20;19-03-2018;;;X;X
Product 3589;Snack;4496;54;410;2022/07/24;France;S-7;X;X
Product 3590;;1658;23;3983,46;29-06-2021;Portugal;;X;X
Product 3591;Food;4331,16;;2,896.10;2022-02-19;Portugal;;X;X
Product 3592;Food;4,977.14;;2,292.66;19-09-2021;Portugal;S-18;X;X
Product 3593;Food;;;3427,38;21-01-2019;Portugal;;X;X
Product 3594;;812,57;NaN;2944,46;23/06/2024;Portugal;;X;X
Product 3595;Drink;888.16;;3,427.17;2020-08-07;;;X;X
Product 3596;Food;3,075.21;;691.94;21/02/2018;Portugal;;X;X
Product 3597;Food;3,126.36;;4787,82;24/11/2023;Portugal;S-31;X;X
Product 3598;Drink;676.35;NaN;1706,17;11/02/2021;France;;X;X
Product 3599;Snack;295,80;38;4938;2024/01/06;Portugal;;X;X
;Drink;;NaN;;;Germany;;X;X
Product 3601;Snack;4,937.01;;2548,14;2021/04/30;;S-6;X;X
Product 3602;Snack;3655,71;9;1623,53;2021-09-05;France;;X;X
Product 3603;Drink;330;39;3575;2023/05/01;;;X;X
Product 3604;Food;2,886.37;91;825.85;04/12/2019;Portugal;;X;X
Product 3605;Snack;3,505.50;NaN;2442,77;2024-02-10;;S-29;X;X
Product 3606;Drink;3678,60;;;14-03-2020;Portugal;;X;X
Product 3607;Food;637.90;27;2490;2024/07/05;France;;X;X
Product 3608;Snack;4893;28;386,54;2021-01-02;Germany;S-26;X;X
Product 3609;;4,685.52;NaN;3,754.52;2018-08-03;Germany;;X;X
Product 3610;Food;1,095.09;NaN;;2018-09-23;Germany;;X;X
Product 3611;Drink;;;132.92;09-09-2021;Germany;S-9;X;X
Product 3612;;2,490.14;;;13-12-2023;Portugal;;X;X
Product 3613;Drink;3477,26;NaN;2547;2023-04-26;Germany;S-10;X;X
Product 3614;Snack;1,218.50;42;;07-07-2020;Portugal;;X;X
;Food;207.14;NaN;2338;20-11-2020;France;;X;X
Product 3616;;;;4403;2021/05/29;France;S-46;X;X
Product 3617;;1677,33;53;2,111.06;05/07/2019;France;;X;X
Product 3618;;;NaN;388,14;17-04-2019;France;S-7;X;X
Product 3619;Snack;985,21;NaN;4,085.20;13-07-2024;;;X;X
Product 3620;Food;1,722.17;97;701.64;;;S-1;X;X
Product 3621;Food;;2;2723;14/11/2023;Germany;S-21;X;X
Product 3622;Snack;2284;70;4,055.01;11-08-2023;Portugal;;X;X
Product 3623;Drink;1989,42;;;28-04-2024;Portugal;;X;X
Product 3624;;3,055.53;NaN;;17-07-2024;Portugal;;X;X
Product 3625;Drink;660,10;NaN;1180;06/07/2024;;;X;X
Product 3626;Snack;3,418.93;NaN;2,739.91;2021/04/16;Portugal;;X;X
Product 3627;Drink;4953,34;;;07/11/2022;Germany;S-32;X;X
Product 3628;Drink;2078,55;NaN;4427;18-01-2022;;S-38;X;X
Product 3629;Snack;;NaN;;28/05/2019;Germany;;X;X
;;4325,95;43;2,727.64;2020-03-28;Portugal;S-24;X;X
Product 3631;Drink;4,303.00;NaN;1357,18;17/07/2021;Germany;;X;X
Product 3632;Food;2,910.20;NaN;4557,66;2022-07-08;Germany;;X;X
Product 3633;Drink;596,66;14;746;15-01-2022;;S-10;X;X
Product 3634;Drink;1318;84;4,710.29;2024/08/28;Germany;;X;X
Product 3635;Food;;65;3,677.24;2024-02-19;;;X;X
Product 3636;;1,959.41;;3446,61;06-07-2021;Portugal;;X;X
Product 3637;Food;2,837.45;78;2385,93;2021-07-30;Germany;;X;X
Product 3638;;;NaN;1,336.17;2018-04-08;France;;X;X
Product 3639;Snack;2434,24;;4615;2018/11/13;Germany;;X;X
Product 3640;Snack;1834;;;;Portugal;S-48;X;X
Product 3641;Drink;;;2252,66;2021/06/10;France;;X;X
Product 3642;Drink;;NaN;2,286.34;2023/02/25;Portugal;S-13;X;X
Product 3643;Snack;2302,52;;4208;18/09/2018;Portugal;;X;X
Product 3644;Food;;62;1268;2020/12/05;Germany;S-6;X;X
;Snack;4649,31;65;;02/07/2023;Germany;;X;X
Product 3646;;;84;;2023/05/07;Portugal;;X;X
Product 3647;Drink;1810,25;;347.00;2023-09-25;Germany;;X;X
Product 3648;Food;1515;NaN;4198;22/08/2018;France;;X;X
Product 3649;Drink;3894;;;17/01/2018;Germany;;X;X
Product 3650;Snack;1502,52;44;;20-11-2019;France;;X;X
Product 3651;Food;;25;1054,45;31-07-2018;;S-39;X;X
Product 3652;Snack;1,957.58;;652.59;10-11-2023;Germany;;X;X
Product 3653;;3,424.29;79;1936;05-10-2018;;;X;X
Product 3654;Snack;;92;;28/11/2023;Germany;S-46;X;X
Product 3655;Food;1718;NaN;4430;07/09/2019;;;X;X
Product 3656;Snack;;;4832;2022-03-09;;S-47;X;X
Product 3657;Drink;836.37;4;1,855.91;2024-09-16;Germany;S-20;X;X
Product 3658;Drink;647.38;;3543,73;2022/02/17;Germany;S-23;X;X
Product 3659;Food;;;4001,58;27/01/2023;France;;X;X
;Drink;4410,32;NaN;961;;Portugal;;X;X
Product 3661;;442.30;NaN;2773;13/10/2019;France;;X;X
Product 3662;;;96;;19/08/2019;;S-29;X;X
Product 3663;Food;3327;85;676.21;20/09/2020;Portugal;;X;X
Product 3664;Snack;4704;NaN;;2022-07-04;Portugal;S-28;X;X
Product 3665;Drink;1,332.78;NaN;1,749.86;05-01-2019;;;X;X
Product 3666;Drink;507,06;44;2454,38;2022/01/10;Germany;;X;X
Product 3667;Snack;;;;13-08-2019;Germany;S-15;X;X
Product 3668;Snack;4745,72;;1528,48;15/12/2023;;;X;X
Product 3669;Snack;;;3,729.51;2019-11-16;Portugal;S-32;X;X
Product 3670;Snack;737.59;NaN;;2024-06-11;Germany;S-15;X;X
Product 3671;Drink;3621,77;;4070,48;2019/07/12;Portugal;;X;X
Product 3672;;;NaN;;03/09/2019;France;;X;X
Product 3673;Food;1,318.35;32;4879;27/06/2021;Portugal;;X;X
Product 3674;Food;2,798.53;;;04-06-2018;Germany;;X;X
;Snack;4436;;209;2018/11/19;Germany;;X;X
Product 3676;;4,736.17;72;2894,05;21-09-2021;Portugal;S-17;X;X
Product 3677;Drink;4444,82;59;3640,74;05/06/2023;Germany;;X;X
Product 3678;Drink;1,823.35;NaN;;2022/12/01;France;;X;X
Product 3679;Food;1124;;3315;19/05/2023;Germany;;X;X
Product 3680;Snack;4746,18;43;1,103.15;;Germany;;X;X
Product 3681;;4,044.58;NaN;1,727.46;05/04/2018;;S-48;X;X
Product 3682;Food;387;NaN;944;2020/05/10;;;X;X
Product 3683;;;78;3,941.04;2024/04/02;France;;X;X
Product 3684;Snack;2028;;365,72;21-05-2023;Germany;;X;X
Product 3685;Snack;4900;NaN;;2018/11/22;Germany;;X;X
Product 3686;Food;;NaN;26,85;02-06-2022;Portugal;;X;X
Product 3687;Snack;;NaN;4802,66;15/08/2020;France;;X;X
Product 3688;;4580;65;2,687.91;2024-08-09;France;;X;X
Product 3689;;;NaN;893,91;2019-09-23;Portugal;;X;X
;Food;2006;;1,794.72;21-09-2020;Germany;;X;X
Product 3691;Snack;3608;;3749,00;2018-06-12;;S-6;X;X
Product 3692;Drink;4734;;2,708.96;09/11/2023;Portugal;;X;X
Product 3693;Snack;;;2879;03-10-2019;;;X;X
Product 3694;Food;;;1917,41;2020-12-10;;;X;X
Product 3695;Food;4955;74;2645,69;2020-03-04;Portugal;;X;X
Product 3696;Drink;;;;2022/11/25;Germany;S-16;X;X
Product 3697;Food;4811,38;93;;2023/05/12;France;S-33;X;X
Product 3698;Food;2154;;582,68;2020/09/17;France;;X;X
Product 3699;Drink;632.37;;4322;2018-12-18;Germany;;X;X
Product 3700;Drink;1716;45;2,350.82;;;S-31;X;X
Product 3701;;110,63;66;;16-01-2022;Germany;;X;X
Product 3702;Food;2863;NaN;4122,21;2022/10/23;;;X;X
Product 3703;Drink;2540;;;2018/12/07;;S-7;X;X
Product 3704;;;NaN;957,27;07/09/2018;Germany;;X;X
;Food;2979;;;01-02-2019;Portugal;S-17;X;X
Product 3706;Drink;3932;;;2020/12/03;Germany;S-9;X;X
Product 3707;Food;;NaN;2574;27/10/2024;Germany;S-35;X;X
Product 3708;;;86;;2018/12/19;;;X;X
Product 3709;Snack;908.62;NaN;3,894.21;2019/04/25;;S-19;X;X
Product 3710;Food;67;NaN;2,324.22;12-12-2018;;S-23;X;X
Product 3711;Food;683;NaN;605,60;31/07/2022;Germany;;X;X
Product 3712;Food;3884,60;;1193;27-09-2023;Germany;;X;X
Product 3713;Food;;NaN;266;2018-12-29;Germany;;X;X
Product 3714;Drink;612;;4498;2024/02/26;France;;X;X
Product 3715;Snack;263;;78.05;2021-05-18;Portugal;;X;X
Product 3716;Food;3,253.33;;;2020-07-02;France;S-37;X;X
Product 3717;Drink;1,239.06;;3922,98;08/03/2020;;S-45;X;X
Product 3718;Snack;4704,79;NaN;4665;09/01/2022;;S-3;X;X
Product 3719;;1504;NaN;772;2022/02/24;France;;X;X
;;4,430.65;;;;France;S-33;X;X
Product 3721;;3591,97;NaN;3042;2021/09/13;;S-19;X;X
Product 3722;;;44;3889;13-03-2020;France;;X;X
Product 3723;;;NaN;2156;2020-01-12;;S-33;X;X
Product 3724;Snack;1130,03;NaN;;22-08-2021;Germany;;X;X
Product 3725;Food;149,94;75;;2018-03-06;France;;X;X
Product 3726;;2478;;3866;2022/09/07;France;;X;X
Product 3727;Food;4,598.76;;2058,68;2019-07-28;;;X;X
Product 3728;Food;4659,61;;1390;19/10/2024;Germany;S-41;X;X
Product 3729;Food;;;41,79;2019/08/06;Portugal;;X;X
Product 3730;Food;461;66;4672,74;14-05-2024;Germany;;X;X
Product 3731;Food;1,591.68;19;4184,45;07-10-2020;Portugal;S-29;X;X
Product 3732;Snack;1813;NaN;;2023-03-15;;S-33;X;X
Product 3733;Food;3,695.62;NaN;;2022-12-31;Portugal;;X;X
Product 3734;Snack;;;;24-06-2018;;S-9;X;X
;Snack;;NaN;3658,32;2018-04-01;Germany;;X;X
Product 3736;Food;;97;3,789.63;16/12/2018;;;X;X
Product 3737;Snack;969.98;50;2,538.20;18/01/2018;France;;X;X
Product 3738;;4348,47;NaN;952.39;11/07/2019;France;;X;X
Product 3739;;;;736.35;14/05/2020;France;;X;X
Product 3740;;3,983.16;12;;;France;;X;X
Product 3741;Food;;;3,901.97;2020/10/20;;S-5;X;X
Product 3742;;2,314.00;;3,210.99;02/06/2021;Portugal;S-13;X;X
Product 3743;Drink;;50;4,354.62;25-03-2020;France;;X;X
Product 3744;Drink;;;3603;2020/11/28;Portugal;;X;X
Product 3745;Drink;;86;1647,51;30-04-2020;Germany;;X;X
Product 3746;;17;53;1711,56;04-10-2021;France;S-10;X;X
Product 3747;Snack;4555,13;NaN;;04/06/2018;Portugal;S-34;X;X
Product 3748;Drink;4625;NaN;;18-05-2022;Portugal;;X;X
Product 3749;Snack;;;;2021-07-01;France;S-41;X;X
;Snack;4662,15;18;392,54;2019-12-07;;;X;X
Product 3751;Food;122;86;178;08/06/2022;France;;X;X
Product 3752;Drink;1627,42;4;2992,28;13/09/2023;Germany;;X;X
Product 3753;Food;181.83;NaN;;2020/10/24;Portugal;S-15;X;X
Product 3754;Food;2,419.22;NaN;813;19-07-2024;France;;X;X
Product 3755;Food;3647,44;71;2,497.89;04/02/2020;;S-48;X;X
Product 3756;;1545;9;3,115.75;18-07-2020;France;S-10;X;X
Product 3757;Food;2,315.57;NaN;4785,33;2019/08/10;;;X;X
Product 3758;Snack;599,58;;1,425.86;2024/01/11;Germany;;X;X
Product 3759;Drink;3,021.08;;;11-06-2020;;;X;X
Product 3760;Snack;4838,30;55;4,818.94;;France;S-22;X;X
Product 3761;Drink;3,846.20;57;430;22-07-2018;Germany;;X;X
Product 3762;;3815,32;3;4850;11-08-2018;France;;X;X
Product 3763;Drink;2,471.89;;3166,80;13/07/2024;France;S-25;X;X
Product 3764;Drink;4,542.17;;;2024-07-05;Germany;S-47;X;X
;Drink;;;1852;2018/01/17;France;;X;X
Product 3766;Drink;3112;65;2304,64;2019/01/27;France;S-2;X;X
Product 3767;Snack;;;4,734.66;07-05-2018;France;S-33;X;X
Product 3768;Drink;880,05;;548.24;2018-10-13;;S-34;X;X
Product 3769;Food;3,004.67;;3,676.99;2023-12-15;;S-29;X;X
Product 3770;Drink;;82;;2022/08/16;Germany;;X;X
Product 3771;Food;3920;NaN;271;2020/03/30;Germany;;X;X
Product 3772;;639;90;;2024/06/13;France;S-7;X;X
Product 3773;Food;4831;;2679;2018/09/16;Portugal;S-14;X;X
Product 3774;Snack;4,136.23;;82.64;03/04/2020;France;;X;X
Product 3775;Food;4,547.72;;3155,07;11/09/2018;;;X;X
Product 3776;Snack;;NaN;1222;06/04/2024;Portugal;;X;X
Product 3777;Food;1,134.20;;3574;05/03/2022;;;X;X
Product 3778;Drink;4,468.11;62;4263;19/01/2021;Germany;S-3;X;X
Product 3779;;7;;884.83;2021/01/31;Portugal;;X;X
;Snack;4,264.32;;;;;S-12;X;X
Product 3781;Snack;3,909.29;NaN;3699;2018-02-06;France;;X;X
Product 3782;Drink;;32;2267,85;31/07/2021;Portugal;S-35;X;X
Product 3783;Drink;2134;;;2023-12-21;Portugal;;X;X
Product 3784;Food;;NaN;;05-08-2018;;;X;X
Product 3785;Snack;1985,48;NaN;3305,52;13-12-2020;Portugal;;X;X
Product 3786;Food;;;236;2019/05/16;Portugal;;X;X
Product 3787;Drink;227.81;;962,96;05-01-2023;France;;X;X
Product 3788;Snack;;NaN;;09/08/2024;Germany;;X;X
Product 3789;;3939,56;;;2020/01/28;Portugal;;X;X
Product 3790;;3,822.46;96;2888,02;09-07-2022;France;;X;X
Product 3791;Snack;4,148.82;NaN;3,135.11;25/12/2020;;S-1;X;X
Product 3792;Snack;1905,66;;4,392.04;14-11-2023;Portugal;S-41;X;X
Product 3793;Drink;70,80;NaN;;03-04-2020;France;S-9;X;X
Product 3794;Snack;779,85;NaN;;2023-09-16;;S-28;X;X
;Snack;1,771.10;16;4246,58;28/02/2019;Portugal;;X;X
Product 3796;;4,464.74;;2171,37;22-09-2022;France;S-4;X;X
Product 3797;Drink;;28;;24/05/2024;;S-49;X;X
Product 3798;Food;;NaN;;2018-08-10;Portugal;;X;X
Product 3799;Snack;4615;;53;2021/08/04;Germany;;X;X
Product 3800;Drink;2670;54;1921,11;;;;X;X
Product 3801;Drink;;;424.72;02-01-2023;Germany;;X;X
Product 3802;;;NaN;2,753.26;19/02/2021;Germany;;X;X
Product 3803;Snack;3,768.76;NaN;4317,71;2021/03/25;;;X;X
Product 3804;Snack;725.74;NaN;4935;11/06/2021;Germany;;X;X
Product 3805;Drink;4,910.76;NaN;2513;22/04/2024;Germany;S-9;X;X
Product 3806;Snack;708.17;;1,096.87;2024-01-22;France;;X;X
Product 3807;;4598,21;2;;09/10/2023;Portugal;S-22;X;X
Product 3808;;3173;;1,608.88;2019/09/26;Portugal;;X;X
Product 3809;;1,268.78;50;3,455.34;2022-01-28;France;;X;X
;Snack;1,730.53;NaN;564;11-10-2019;Portugal;;X;X
Product 3811;Snack;3,586.77;NaN;2,891.27;2022-06-08;France;;X;X
Product 3812;;893;2;;07/06/2023;;;X;X
Product 3813;Food;;4;4942,46;03/12/2022;France;;X;X
Product 3814;Drink;915;NaN;;16-10-2024;Germany;;X;X
Product 3815;Food;1055,32;8;;2020-01-29;Germany;S-25;X;X
Product 3816;Snack;4,501.09;58;;06-09-2020;France;S-27;X;X
Product 3817;Drink;;NaN;2,727.35;01-04-2018;France;S-14;X;X
Product 3818;Drink;4,322.47;;1251;2022-10-20;Portugal;S-10;X;X
Product 3819;Snack;333,35;;;21/11/2019;France;;X;X
Product 3820;Food;2657;NaN;4,681.46;;France;;X;X
Product 3821;Food;;NaN;;28-07-2024;Germany;;X;X
Product 3822;Food;1,378.90;NaN;4,046.07;2020-07-26;;S-36;X;X
Product 3823;Food;31;;1691;2022/08/09;France;S-25;X;X
Product 3824;;1145;;2,643.54;2018-07-16;;;X;X
;Drink;3860;NaN;272.35;2020/01/10;Germany;;X;X
Product 3826;Food;742,49;NaN;3998;2018/09/02;Portugal;S-2;X;X
Product 3827;Snack;;82;;10/02/2018;France;;X;X
Product 3828;;872,57;NaN;1,841.20;2021-07-02;Germany;S-5;X;X
Product 3829;Drink;2543;36;1269;21-05-2023;Portugal;;X;X
Product 3830;Snack;3,319.85;27;3085,53;17-01-2018;Germany;;X;X
Product 3831;;;NaN;2534;13/04/2019;Germany;S-22;X;X
Product 3832;Drink;;NaN;4214;10-08-2023;;;X;X
Product 3833;Snack;316;;4,905.06;22/05/2023;Portugal;S-19;X;X
Product 3834;Drink;3953,77;NaN;4,606.51;30-10-2023;Portugal;;X;X
Product 3835;;1807;29;2,203.26;2021-05-04;Portugal;S-22;X;X
Product 3836;Food;2,843.38;14;;08-12-2020;Portugal;S-48;X;X
Product 3837;;4683,92;;2,530.37;2018/05/06;;S-17;X;X
Product 3838;Snack;;38;;2019-09-13;France;S-1;X;X
Product 3839;Food;4886;NaN;2,914.73;05-02-2024;France;;X;X
;Drink;360;;688,43;;Portugal;S-2;X;X
Product 3841;Drink;1649;NaN;4694,33;2022/07/14;Portugal;S-16;X;X
Product 3842;Drink;84,53;;;15-07-2023;Portugal;;X;X
Product 3843;;;81;;2020/02/12;Germany;;X;X
Product 3844;Drink;2,962.13;14;2259,59;2024/08/28;France;;X;X
Product 3845;Drink;;NaN;596.03;2020-10-17;Portugal;S-23;X;X
Product 3846;Drink;2735;6;1,422.45;08/11/2018;France;;X;X
Product 3847;;4024,27;;;15-06-2019;;S-30;X;X
Product 3848;Snack;2385,80;;;2024/10/11;Portugal;S-46;X;X
Product 3849;Food;4056,02;96;330;2019/04/28;;;X;X
Product 3850;Drink;;;1596;2020/09/26;France;;X;X
Product 3851;;4881,97;NaN;527,42;26/10/2020;France;;X;X
Product 3852;Drink;;;2509,85;14-05-2019;Portugal;;X;X
Product 3853;Food;480,47;9;89,85;2018/02/22;France;;X;X
Product 3854;Snack;748,36;NaN;141,35;14/06/2018;Germany;;X;X
;Snack;4,704.00;NaN;4382,38;2019-08-24;;;X;X
Product 3856;Drink;;NaN;1138,31;24/07/2022;;S-14;X;X
Product 3857;Food;;76;4,167.58;16/03/2022;Portugal;;X;X
Product 3858;Drink;;NaN;3607;12/12/2019;Germany;S-10;X;X
Product 3859;Snack;;30;4122,76;2021-01-30;France;;X;X
Product 3860;;1,078.10;NaN;1276,33;;Portugal;;X;X
Product 3861;;;NaN;398.45;2023/11/03;;S-36;X;X
Product 3862;;1,156.62;NaN;4,173.31;09-03-2018;France;;X;X
Product 3863;Food;;;544,71;21/04/2021;Portugal;;X;X
Product 3864;Food;3374,75;;;15/12/2023;Germany;;X;X
Product 3865;Snack;2301;NaN;3,839.30;2020-12-21;Portugal;S-34;X;X
Product 3866;Food;;50;1,332.83;26/07/2022;France;S-28;X;X
Product 3867;Snack;;NaN;;20/09/2020;Germany;;X;X
Product 3868;Snack;1,762.08;;4752;05/08/2021;France;;X;X
Product 3869;Drink;4703;10;1887;20-09-2023;Germany;S-26;X;X
;;1015,08;;2131,39;2021/02/05;France;;X;X
Product 3871;;;NaN;1,866.52;16/04/2018;Portugal;;X;X
Product 3872;Snack;1,644.08;NaN;;2024-05-21;;;X;X
Product 3873;Food;154;;;16/03/2020;Portugal;;X;X
Product 3874;Snack;908,45;71;1547,85;12/07/2019;Portugal;;X;X
Product 3875;;723.66;;4652,37;15-05-2023;Germany;;X;X
Product 3876;Drink;605,26;;;25/03/2018;France;S-8;X;X
Product 3877;;1759,86;NaN;3710,65;29/07/2024;France;S-49;X;X
Product 3878;Snack;;84;3016,29;2019-05-20;France;;X;X
Product 3879;Snack;4037;NaN;4,328.54;2022/08/10;Portugal;;X;X
Product 3880;;;NaN;1,113.90;;France;;X;X
Product 3881;;3997;;;2023-08-13;Germany;;X;X
Product 3882;Food;2399,69;31;1737,71;2022/05/11;Portugal;;X;X
Product 3883;Drink;;NaN;;2020/05/23;Germany;S-48;X;X
Product 3884;;;86;2717,26;2021-09-20;France;;X;X
;Drink;1978;NaN;;23-07-2019;;;X;X
Product 3886;Drink;;;2057,14;11/07/2022;;;X;X
Product 3887;Food;2482;91;1,925.18;2019-04-06;;;X;X
Product 3888;Snack;;;;15/08/2021;Germany;S-35;X;X
Product 3889;Drink;4616,79;;4346,46;04-02-2018;Germany;S-23;X;X
Product 3890;Drink;2,098.95;NaN;;2022-05-20;France;;X;X
Product 3891;Drink;1928;22;;28-04-2021;Germany;S-26;X;X
Product 3892;Drink;2133,15;61;1775;2020/03/30;France;S-29;X;X
Product 3893;Snack;1284;;;05-04-2018;France;S-43;X;X
Product 3894;Food;;72;;25/04/2023;Germany;;X;X
Product 3895;Drink;1221;;2211;2019/03/24;France;;X;X
Product 3896;;;16;;24-08-2020;Germany;;X;X
Product 3897;Snack;;29;;2023/02/25;Germany;S-32;X;X
Product 3898;Food;;;1069,70;09/09/2020;;;X;X
Product 3899;;;;;2021/12/10;Germany;S-29;X;X
;;2206,90;;;;Germany;S-18;X;X
Product 3901;;4413;;2,622.39;2018/07/02;;;X;X
Product 3902;Drink;;;3,278.28;26/09/2020;;S-26;X;X
Product 3903;Drink;1,113.70;64;3,901.71;2019/11/26;France;;X;X
Product 3904;;247;76;4,189.31;11/10/2020;Germany;;X;X
Product 3905;Food;2967,82;NaN;2829;2021-09-03;France;S-34;X;X
Product 3906;Drink;896;NaN;2338;2022/05/30;;;X;X
Product 3907;Food;550.61;78;3,456.06;30/05/2021;Portugal;;X;X
Product 3908;Drink;2,313.36;98;;2020-06-12;;;X;X
Product 3909;Drink;2,132.83;30;;2019/10/20;Germany;;X;X
Product 3910;Drink;4937;NaN;260.99;24-12-2020;France;;X;X
Product 3911;Food;3070;;3223;02/01/2019;France;;X;X
Product 3912;Drink;3058;;;2023-04-23;Portugal;S-1;X;X
Product 3913;Food;;;15;01-06-2022;;S-33;X;X
Product 3914;Drink;3,287.30;NaN;;2020/10/25;Portugal;S-21;X;X
;Snack;1492;97;4,974.96;2024/03/10;France;S-11;X;X
Product 3916;Drink;3768;NaN;676.49;24-07-2022;;S-35;X;X
Product 3917;;3726;2;1089;19-02-2024;France;;X;X
Product 3918;Food;3545,18;54;;12/10/2023;Germany;S-26;X;X
Product 3919;Snack;3958;;3,402.20;2022/06/20;Germany;;X;X
Product 3920;Food;;NaN;3994,59;;Germany;;X;X
Product 3921;Drink;2,846.93;62;4,915.68;2021-07-18;France;;X;X
Product 3922;;3,764.91;NaN;2942;27-08-2019;France;;X;X
Product 3923;;4168;;;2018-08-05;Germany;S-50;X;X
Product 3924;;;NaN;1,991.75;27/02/2019;France;;X;X
Product 3925;Drink;1425;NaN;275.80;2022-09-21;Portugal;;X;X
Product 3926;Drink;4385;;2490,83;08/06/2022;;;X;X
Product 3927;;85.88;;2193,19;2023-07-28;;S-29;X;X
Product 3928;Drink;730,52;;4162,68;2021/08/05;France;;X;X
Product 3929;Drink;;9;2,087.16;2021/06/14;Portugal;S-25;X;X
;Snack;;;3424,94;2022/08/05;France;;X;X
Product 3931;Drink;3,617.73;;1728;2019/03/02;Germany;;X;X
Product 3932;Snack;4941;;1124;2021-01-22;;;X;X
Product 3933;;498.79;;1468,01;13/02/2021;Portugal;S-50;X;X
Product 3934;Food;518,06;NaN;;22-06-2020;Portugal;;X;X
Product 3935;Drink;;;;2018/11/08;;;X;X
Product 3936;;645.44;41;15;2021-07-14;France;S-48;X;X
Product 3937;;;;;2024/10/25;France;;X;X
Product 3938;Drink;;98;2439,95;27/05/2019;;;X;X
Product 3939;Food;1634;;3,516.31;23/03/2024;Germany;S-22;X;X
Product 3940;Food;;;1465;;Portugal;;X;X
Product 3941;Drink;;NaN;;2019/09/29;Germany;;X;X
Product 3942;;4,001.76;NaN;1,198.04;2023-10-10;Portugal;;X;X
Product 3943;Drink;4,295.72;;2112,47;2020-12-30;;;X;X
Product 3944;Food;186,46;NaN;4849;2018-12-14;;;X;X
;Drink;214;NaN;521.85;2019-03-23;Germany;;X;X
Product 3946;;2833;NaN;;2024-06-21;France;;X;X
Product 3947;Food;1907,51;NaN;4,819.75;2021-11-11;Germany;;X;X
Product 3948;Food;741.91;NaN;;2021/05/24;Portugal;S-22;X;X
Product 3949;Food;2832,87;47;;2019-12-01;Germany;;X;X
Product 3950;;707;98;284.03;2022/09/15;Germany;;X;X
Product 3951;Drink;533,18;;713,39;2021-07-23;;;X;X
Product 3952;Food;;;;2023-12-02;France;;X;X
Product 3953;;;61;2119,23;21-05-2018;;;X;X
Product 3954;;;NaN;315,12;2020/07/16;Germany;;X;X
Product 3955;Snack;951;45;2554,05;2021-12-31;Germany;;X;X
Product 3956;Food;;;2323,84;29-06-2024;France;;X;X
Product 3957;;;;1338;10-08-2019;France;;X;X
Product 3958;Drink;4854,26;;3,579.06;2020/02/19;Germany;S-46;X;X
Product 3959;;4,613.49;64;3582,12;2021/01/22;Portugal;;X;X
;;4721;;2381,63;;;;X;X
Product 3961;Snack;3529;NaN;4550,28;28-07-2021;France;;X;X
Product 3962;Food;945;NaN;749,25;04/03/2022;Portugal;S-40;X;X
Product 3963;;1,982.74;NaN;;04-04-2021;Germany;;X;X
Product 3964;Drink;423.21;70;161,78;07/09/2022;Portugal;;X;X
Product 3965;Snack;4672;NaN;954;2021/07/19;Germany;;X;X
Product 3966;;240.29;27;1923,94;02-01-2022;Germany;;X;X
Product 3967;Drink;1,483.12;75;2368;29/06/2019;France;;X;X
Product 3968;Food;;;;2018/07/16;Germany;;X;X
Product 3969;Snack;787.86;NaN;4495;2018-06-27;;S-10;X;X
Product 3970;;167.43;8;4556;18-12-2018;;;X;X
Product 3971;Snack;;;2038;2018-03-30;Germany;;X;X
Product 3972;Drink;1463;NaN;1821;28-07-2019;France;S-12;X;X
Product 3973;Food;2032,89;55;429.46;2023/10/25;Germany;;X;X
Product 3974;Food;93.58;NaN;4,791.67;23-07-2024;;;X;X
;Food;;NaN;4668;03-05-2023;France;;X;X
Product 3976;Food;;;1820,89;18-07-2023;;;X;X
Product 3977;;3907,15;49;2075;13/05/2019;Germany;;X;X
Product 3978;Drink;163;89;3729,99;15/07/2018;France;;X;X
Product 3979;Snack;3,553.78;NaN;;29-06-2024;;S-29;X;X
Product 3980;;2845;74;2030,87;;;S-17;X;X
Product 3981;Snack;1907,15;;;04/07/2022;;;X;X
Product 3982;Food;764,95;;;06-12-2022;Portugal;S-11;X;X
Product 3983;Drink;;;;2021/10/30;Portugal;;X;X
Product 3984;;2190;;1663,87;19-01-2022;France;;X;X
Product 3985;Snack;322;58;2232;02/05/2021;Portugal;;X;X
Product 3986;Snack;941,62;44;1309;01/03/2019;;;X;X
Product 3987;;1510;;896;18-04-2022;;;X;X
Product 3988;Snack;292.23;;4236,04;2022-12-27;Portugal;;X;X
Product 3989;Snack;2682;NaN;321,51;11-01-2019;Germany;;X;X
;;4,736.25;;2,066.11;2019/11/04;;S-16;X;X
Product 3991;Drink;809;NaN;;2020/04/10;Germany;;X;X
Product 3992;;2110;70;;03/01/2020;Portugal;;X;X
Product 3993;;905;82;;21/10/2024;Germany;;X;X
Product 3994;Drink;3,649.16;;;07-04-2024;;;X;X
Product 3995;Snack;994.85;NaN;2427,22;2019-11-15;Portugal;;X;X
Product 3996;;2,601.57;;4,111.29;06-01-2024;;;X;X
Product 3997;Snack;3,118.04;;1323;23/07/2024;France;;X;X
Product 3998;Snack;46,60;NaN;3,983.78;2023/03/28;Germany;;X;X
Product 3999;Snack;;NaN;1370;19/10/2024;Portugal;;X;X
Product 4000;;2868,08;;;;Portugal;;X;X
Product 4001;Drink;1077,63;99;1373,53;03/02/2023;Portugal;;X;X
Product 4002;Food;1,148.61;NaN;3425;2023/05/13;;;X;X
Product 4003;Drink;;NaN;1080,36;09/02/2019;;;X;X
Product 4004;;2342,23;NaN;2853;2018/11/15;;S-50;X;X
;Drink;3670,32;NaN;981;01-11-2023;Germany;;X;X
Product 4006;Food;;;3674,36;2019-08-08;Germany;S-23;X;X
Product 4007;Drink;3916;NaN;4167;2023-04-17;Germany;;X;X
Product 4008;;4664,07;24;;2020/04/21;Portugal;;X;X
Product 4009;Snack;;;4,691.13;04-05-2023;Germany;S-42;X;X
Product 4010;Food;;4;3005;2024/03/18;;;X;X
Product 4011;Drink;3048;NaN;;2021-05-11;Portugal;;X;X
Product 4012;;3754;NaN;1,819.95;2022/12/24;France;;X;X
Product 4013;Food;1245,62;;;16/11/2021;Portugal;;X;X
Product 4014;Food;867;;428,98;2020/05/19;Portugal;S-50;X;X
Product 4015;Drink;1053,05;NaN;1496,14;2018-12-14;;;X;X
Product 4016;;4,707.81;;;27/01/2020;France;;X;X
Product 4017;;4551;68;3829;2022/07/30;France;;X;X
Product 4018;Food;4,080.32;74;4,896.25;24/07/2022;Germany;;X;X
Product 4019;Food;1,174.94;NaN;4829;2024/02/03;;;X;X
;Snack;1,354.27;20;3781,72;;Germany;;X;X
Product 4021;Drink;233;NaN;3664,42;20-07-2018;Portugal;S-25;X;X
Product 4022;Snack;2292,26;36;2,879.30;06-06-2024;Portugal;;X;X
Product 4023;Food;454.33;NaN;3235;12/02/2023;Germany;;X;X
Product 4024;Food;4,788.06;NaN;243,50;26-01-2018;France;;X;X
Product 4025;;1463;29;4,969.10;24-12-2020;Portugal;S-6;X;X
Product 4026;;;NaN;1,195.68;2021-06-13;Germany;;X;X
Product 4027;Snack;4581;;;2021/10/26;France;;X;X
Product 4028;Food;;;635.38;08/03/2018;Germany;S-33;X;X
Product 4029;Drink;3648,24;NaN;;2023/05/03;;;X;X
Product 4030;;;;1806,53;2018-02-20;Germany;;X;X
Product 4031;;;94;555.61;2022-08-04;Portugal;;X;X
Product 4032;Food;1605;;3541,43;2021/08/15;France;;X;X
Product 4033;Drink;2,069.60;;699.99;2023-06-28;France;;X;X
Product 4034;Snack;4628,30;;13,00;11-02-2021;Germany;;X;X
;Drink;1,931.59;NaN;2,138.04;14-09-2023;Portugal;;X;X
Product 4036;Food;;79;3790,77;16/09/2018;France;;X;X
Product 4037;Drink;;NaN;2,561.68;08-08-2020;Portugal;;X;X
Product 4038;Drink;3144;68;1341,27;24-12-2019;;;X;X
Product 4039;Food;2528,95;;2072,18;2020/08/29;Portugal;S-16;X;X
Product 4040;Snack;899;99;;;France;S-39;X;X
Product 4041;Drink;2993;7;;26-06-2023;Portugal;;X;X
Product 4042;Food;1926;;39,35;2023/10/26;Germany;;X;X
Product 4043;Drink;3,563.06;29;474.43;2022/11/13;Germany;;X;X
Product 4044;Food;;26;3,064.70;13-09-2019;France;;X;X
Product 4045;Snack;1,245.52;65;1185;24/11/2021;France;;X;X
Product 4046;;2256,85;;2,825.00;2024-07-02;Germany;;X;X
Product 4047;Snack;3972,15;;3658;2021/07/04;France;;X;X
Product 4048;;649,95;;1031;2023-04-16;;;X;X
Product 4049;;4896,63;79;;28-07-2023;;;X;X
;Drink;2654,58;;;2020-11-05;France;;X;X
Product 4051;Food;1178;NaN;3597;28-09-2022;Germany;;X;X
Product 4052;Food;;;4908,05;2023/06/22;;S-23;X;X
Product 4053;Food;4036,71;57;3857,11;11-02-2021;Portugal;;X;X
Product 4054;Snack;3348,05;NaN;2872,56;2019/05/03;;;X;X
Product 4055;Snack;2272,07;NaN;;27-02-2019;France;;X;X
Product 4056;Snack;;NaN;3325,64;2018-02-28;;;X;X
Product 4057;Snack;1456,74;18;;2024-03-29;Germany;;X;X
Product 4058;Drink;3,989.69;25;2,753.06;2020/11/09;Germany;;X;X
Product 4059;Drink;2991;NaN;387.60;2020/04/14;;;X;X
Product 4060;;517;47;;;;;X;X
Product 4061;;3,472.22;;2737,00;04/01/2024;Germany;;X;X
Product 4062;Food;2990,89;NaN;;2021-11-07;;;X;X
Product 4063;Snack;2,469.96;NaN;;2018-01-08;Portugal;;X;X
Product 4064;Drink;;;;04-09-2022;Portugal;;X;X
;;4726;NaN;4266;17-05-2018;Portugal;;X;X
Product 4066;Food;;;;2022-11-04;Portugal;S-8;X;X
Product 4067;Food;908,94;;4,390.75;2020/10/06;Germany;S-28;X;X
Product 4068;Snack;1803;NaN;4,854.75;09/02/2022;France;;X;X
Product 4069;Snack;748,27;NaN;1,088.51;2018-03-21;Portugal;;X;X
Product 4070;Food;;69;4790;20/02/2023;Portugal;S-15;X;X
Product 4071;Snack;3395;27;;2021-02-24;;;X;X
Product 4072;Snack;;74;999.76;13/01/2022;France;S-31;X;X
Product 4073;;4,249.99;NaN;1963,72;2023/05/20;Germany;S-43;X;X
Product 4074;;4543,86;57;792;2019-09-23;;;X;X
Product 4075;;3,461.78;NaN;520;2019-08-03;Germany;;X;X
Product 4076;Drink;1011;NaN;;03/10/2020;Portugal;S-6;X;X
Product 4077;Snack;;;4706;2018/08/31;Germany;;X;X
Product 4078;;4386,05;NaN;2384,08;2020-09-14;;S-37;X;X
Product 4079;;;;;2019-05-06;Portugal;;X;X
;Food;2542;27;1415,16;;Portugal;;X;X
Product 4081;;;51;2213;22-01-2024;France;;X;X
Product 4082;Food;104.05;32;1074;11/12/2021;Germany;;X;X
Product 4083;Snack;51;;389;2023/02/03;France;;X;X
Product 4084;Food;;50;2291;14/03/2019;Portugal;;X;X
Product 4085;;3829;;3338,64;2022-09-08;Portugal;;X;X
Product 4086;Drink;356;NaN;1933;11/04/2018;Germany;S-12;X;X
Product 4087;Drink;;51;912;02-10-2022;Germany;;X;X
Product 4088;Snack;2,484.18;66;1,084.64;2020/12/27;Portugal;S-26;X;X
Product 4089;;1,986.30;31;3160;03-10-2023;France;;X;X
Product 4090;Snack;799;;1494;2018/10/29;Germany;;X;X
Product 4091;Food;2070;NaN;3,313.79;2019-06-20;Germany;S-14;X;X
Product 4092;Snack;;NaN;1388;18/04/2022;Portugal;;X;X
Product 4093;Drink;2,370.83;NaN;593;20-04-2021;Germany;S-15;X;X
Product 4094;Snack;800;;1596,27;19/08/2023;Germany;S-23;X;X
;Food;2836,19;74;;07/05/2018;Portugal;S-15;X;X
Product 4096;;;81;2414;17/04/2024;Portugal;S-32;X;X
Product 4097;Snack;1746,45;56;2470,50;29/11/2021;;;X;X
Product 4098;Food;708.80;NaN;;2022/10/26;;;X;X
Product 4099;Drink;138;91;;26/07/2021;Germany;;X;X
Product 4100;;2,863.52;88;2117;;Germany;;X;X
Product 4101;Snack;754;30;3958,52;2019-09-28;Portugal;S-26;X;X
Product 4102;Snack;585;NaN;;08/07/2021;France;S-11;X;X
Product 4103;Drink;;89;4,694.31;2024/01/14;Germany;;X;X
Product 4104;Snack;1,091.83;;131.39;2023-11-16;Germany;;X;X
Product 4105;Drink;2957;;;2020-08-14;Germany;;X;X
Product 4106;Drink;;56;2217,72;2019/12/14;France;;X;X
Product 4107;;1,162.96;97;1295;2019/02/24;Germany;;X;X
Product 4108;Drink;2,316.36;;;2023-03-24;France;;X;X
Product 4109;Drink;3,228.76;;825;2022-05-23;Portugal;S-6;X;X
;Drink;4133;40;2,922.33;2024/10/03;Germany;S-13;X;X
Product 4111;Snack;3,320.40;38;2148;04-05-2021;Portugal;;X;X
Product 4112;Drink;;NaN;859.49;16/02/2023;France;;X;X
Product 4113;Drink;379;;;2020-02-16;Germany;;X;X
Product 4114;Drink;3117,51;;2747,73;2021/03/28;Germany;S-9;X;X
Product 4115;Drink;3231;20;4300,31;2019/03/12;Portugal;;X;X
Product 4116;Snack;485.48;;2543,57;02-06-2018;France;;X;X
Product 4117;Drink;3,619.26;10;3622,84;2018-10-14;;;X;X
Product 4118;Food;3273,51;82;2,969.85;29/04/2020;Germany;S-14;X;X
Product 4119;Food;218.05;;855,23;2021-11-13;Portugal;;X;X
Product 4120;Food;3,521.86;;2,901.36;;Portugal;;X;X
Product 4121;;321,16;11;1782,09;01-12-2020;France;S-30;X;X
Product 4122;Food;883.90;NaN;19;2020/10/07;;;X;X
Product 4123;Food;471.81;;3,836.53;05-04-2021;Germany;;X;X
Product 4124;;3910;96;3176;2022/06/26;Germany;;X;X
;Snack;3745,92;NaN;2455,57;2024/01/04;;S-18;X;X
Product 4126;Snack;3,556.14;8;1,057.90;2024/01/08;Portugal;S-40;X;X
Product 4127;;;50;2,449.48;09-05-2021;;;X;X
Product 4128;Snack;;;2937,40;03/08/2022;;S-1;X;X
Product 4129;;1489,77;76;837,63;08-01-2018;;S-20;X;X
Product 4130;Drink;519,91;82;113.75;12/05/2024;Germany;S-3;X;X
Product 4131;Snack;2654;;846.88;08-03-2021;France;;X;X
Product 4132;;2781,36;NaN;;08/06/2023;Portugal;;X;X
Product 4133;Drink;1947;43;2,860.88;2023-02-10;;S-3;X;X
Product 4134;Drink;3750,38;NaN;1664;2020-01-28;;;X;X
Product 4135;Food;;80;4,641.82;10-09-2024;France;S-10;X;X
Product 4136;;;;2156,05;2022-05-25;;;X;X
Product 4137;;;;1,160.16;2023/05/14;Germany;;X;X
Product 4138;Food;1222;36;1498,25;31/03/2020;Portugal;S-48;X;X
Product 4139;Snack;;;;2022/09/21;France;;X;X
;;3189;NaN;2368,03;;;;X;X
Product 4141;Drink;;NaN;;09-12-2018;;;X;X
Product 4142;;3744,67;;3860,98;17/10/2019;France;;X;X
Product 4143;Food;2,978.97;;2453;2022/01/14;;S-31;X;X
Product 4144;;1,088.56;29;;2019/05/07;France;;X;X
Product 4145;Snack;558.97;;2,710.47;2021/12/02;Portugal;;X;X
Product 4146;Food;;45;1468,43;2018-04-02;Germany;S-4;X;X
Product 4147;Food;4,043.32;NaN;2531;01/02/2024;Portugal;S-6;X;X
Product 4148;Drink;375.52;36;4,109.20;2024-07-25;;;X;X
Product 4149;;85,54;NaN;4777,05;2019-01-16;;S-22;X;X
Product 4150;Food;227.36;74;2706,77;2019-03-23;Germany;S-8;X;X
Product 4151;Snack;3,058.67;;4730,34;30-11-2019;Germany;S-43;X;X
Product 4152;Snack;3979,19;;3,903.64;2020-10-01;Germany;;X;X
Product 4153;Snack;;;;2018-02-23;Germany;;X;X
Product 4154;Drink;4688,30;10;4581,93;2024-10-01;Portugal;S-50;X;X
;Snack;;83;;10/01/2023;Portugal;;X;X
Product 4156;Drink;;;4833;2024/05/13;;;X;X
Product 4157;Snack;2940;97;2889,24;16/04/2024;;;X;X
Product 4158;;2876,84;NaN;;2021-06-04;Portugal;;X;X
Product 4159;Snack;3,258.44;48;549,90;2020-05-20;;;X;X
Product 4160;Snack;554,47;22;1173;;France;S-48;X;X
Product 4161;Drink;;NaN;;2022-10-01;Germany;;X;X
Product 4162;;2111,24;;1,240.52;28-01-2023;;;X;X
Product 4163;;3,687.50;NaN;3484,47;26-09-2018;Germany;;X;X
Product 4164;Drink;3531,15;;3,774.20;22-12-2019;France;;X;X
Product 4165;;26.91;;;15/07/2018;France;S-46;X;X
Product 4166;Snack;3739;;2,530.70;2020/11/30;Portugal;;X;X
Product 4167;Snack;;;1,345.37;2018/08/14;Portugal;;X;X
Product 4168;;942,76;30;;12/02/2024;Germany;;X;X
Product 4169;Snack;19,24;85;;27/06/2018;France;;X;X
;;1,633.19;100;3143,54;2020/10/21;Portugal;;X;X
Product 4171;Drink;1,350.76;64;1,676.05;2022/06/26;Germany;S-28;X;X
Product 4172;Drink;2749,17;;4047;29-04-2020;Portugal;;X;X
Product 4173;Drink;4,676.59;;3365;04/04/2021;;S-15;X;X
Product 4174;Food;4,624.52;;4015,99;2019/09/02;Portugal;;X;X
Product 4175;Snack;3299,92;95;3938;02-07-2023;;;X;X
Product 4176;Drink;;NaN;;28/08/2024;Portugal;S-29;X;X
Product 4177;;;NaN;;2018/02/09;Portugal;;X;X
Product 4178;;;;4924,43;2019-06-21;France;S-5;X;X
Product 4179;Drink;3,781.43;NaN;3708,56;2021/01/29;Portugal;;X;X
Product 4180;Drink;4,288.97;23;1,160.90;;France;S-29;X;X
Product 4181;Drink;4,219.18;1;1,094.73;19/04/2020;France;;X;X
Product 4182;;;NaN;4,513.68;17/03/2020;Germany;;X;X
Product 4183;Food;3,365.87;71;;2019-11-22;France;;X;X
Product 4184;Drink;;NaN;897;2020-06-04;Germany;;X;X
;;2037,55;24;55;08/10/2018;Portugal;S-49;X;X
Product 4186;;2528,29;NaN;3766,49;28-02-2024;;S-48;X;X
Product 4187;Drink;;;;06/10/2023;Portugal;S-32;X;X
Product 4188;Snack;;18;2102,32;14-07-2019;France;;X;X
Product 4189;;;;4917;25/03/2023;Portugal;;X;X
Product 4190;Snack;2760,75;71;;2020/10/08;France;S-26;X;X
Product 4191;Snack;4,10;16;282,36;2022-09-17;;;X;X
Product 4192;Food;949.36;NaN;321;2018/09/19;France;;X;X
Product 4193;;1,005.63;56;728,88;26-02-2020;Portugal;S-33;X;X
Product 4194;Food;3,584.48;43;562;2019/02/07;France;;X;X
Product 4195;Drink;495.75;42;3059,10;2023/07/03;France;S-37;X;X
Product 4196;Food;1,746.64;NaN;;09/05/2022;Germany;;X;X
Product 4197;Drink;2305,43;NaN;1626;30-07-2024;Portugal;;X;X
Product 4198;Snack;2641;;587.96;03/04/2024;Portugal;S-8;X;X
Product 4199;;3541,24;NaN;;2020/10/09;;;X;X
;Food;;9;2115,24;;France;;X;X
Product 4201;;2465,04;;1392,99;21/10/2021;;S-48;X;X
Product 4202;Snack;;31;;2018/10/17;France;;X;X
Product 4203;Snack;3777;NaN;4506,36;2021/04/13;Portugal;;X;X
Product 4204;Snack;4,127.61;97;4956,08;2022-05-18;France;S-14;X;X
Product 4205;Snack;31,37;47;3499,72;09/05/2021;France;S-50;X;X
Product 4206;Snack;4281;95;4452,92;07-10-2021;Germany;;X;X
Product 4207;Snack;1236,81;;;2020/03/27;Portugal;S-43;X;X
Product 4208;Food;;;1,240.08;2023-06-25;Portugal;;X;X
Product 4209;;;20;905;2022-10-30;Portugal;S-25;X;X
Product 4210;Food;583,89;72;;12-03-2019;Portugal;S-45;X;X
Product 4211;Snack;;;1736;2023-02-18;France;;X;X
Product 4212;Drink;2,897.78;38;4826;26-08-2018;France;;X;X
Product 4213;Drink;2705;NaN;401,46;30-08-2024;Germany;;X;X
Product 4214;Snack;;;;2022/02/11;Portugal;S-49;X;X
;Snack;890,98;;2502;12-06-2018;;;X;X
Product 4216;Snack;4,953.38;;4293,57;2022-01-23;France;;X;X
Product 4217;;;NaN;4954,25;31/07/2018;France;;X;X
Product 4218;;;NaN;1,731.77;2020/03/19;Germany;;X;X
Product 4219;Food;2,669.33;35;2003,53;2022/07/08;Germany;S-6;X;X
Product 4220;;3058;NaN;4,462.53;;France;S-40;X;X
Product 4221;Snack;2873,73;;1348;2018/12/08;Germany;S-21;X;X
Product 4222;;;NaN;2,669.19;19-05-2018;France;;X;X
Product 4223;Drink;1,020.70;3;143;2023-02-01;Portugal;S-14;X;X
Product 4224;Drink;1,717.14;29;3085,09;30/10/2020;Portugal;;X;X
Product 4225;Snack;;;2622,56;2018-11-30;Germany;S-39;X;X
Product 4226;;3141,37;;167,30;2021/07/25;Germany;;X;X
Product 4227;;3819;;2082;2020/09/30;Portugal;;X;X
Product 4228;Food;4432,97;;2003,64;18/12/2018;Portugal;;X;X
Product 4229;Food;;84;3,014.39;2022-12-18;France;;X;X
;Drink;;NaN;941.03;08/09/2023;Portugal;S-43;X;X
Product 4231;Snack;2115;84;;04-12-2020;Portugal;S-38;X;X
Product 4232;Drink;;;2,945.52;09/07/2024;France;S-27;X;X
Product 4233;Snack;;;;2019-09-21;Portugal;S-49;X;X
Product 4234;Snack;2422,16;;1,440.31;2018-08-29;Germany;;X;X
Product 4235;Snack;;NaN;;13-12-2022;France;;X;X
Product 4236;Snack;;NaN;1734;2024/01/29;;S-35;X;X
Product 4237;;1274;;2819,63;2023/09/09;Portugal;;X;X
Product 4238;Snack;3427;75;;2024-11-01;France;;X;X
Product 4239;;2028,14;41;1390,45;15/12/2019;Germany;;X;X
Product 4240;Snack;4,768.04;72;;;Germany;;X;X
Product 4241;;4013;;551,29;28-04-2019;Portugal;;X;X
Product 4242;;;63;;12-11-2022;Germany;;X;X
Product 4243;Drink;;14;1847,63;26/08/2018;Germany;;X;X
Product 4244;Drink;2594;79;4022;17/12/2023;Portugal;S-10;X;X
;Food;1031,29;;3026,55;07-12-2020;Germany;;X;X
Product 4246;Drink;4986;;2701;22-11-2023;France;S-37;X;X
Product 4247;Drink;3882,03;NaN;;03-09-2019;Portugal;S-19;X;X
Product 4248;Snack;1326;89;1446;29-01-2021;;S-48;X;X
Product 4249;Food;49.38;73;1769;10-12-2018;Germany;;X;X
Product 4250;Drink;;89;3,563.98;2019/05/03;Germany;;X;X
Product 4251;Drink;4379;61;2969,75;2018-08-02;Germany;;X;X
Product 4252;;4824,26;;;20-12-2023;Portugal;;X;X
Product 4253;Food;4178,47;92;1926;2018/03/30;Germany;S-26;X;X
Product 4254;Food;820.13;4;1,280.43;22/02/2018;Germany;;X;X
Product 4255;Food;4805,90;;;2021-09-01;Germany;;X;X
Product 4256;;1983;;4777,29;23-02-2018;;;X;X
Product 4257;Food;2764,38;NaN;;29-12-2023;Germany;;X;X
Product 4258;Food;90.39;NaN;2586,05;2018-10-08;Germany;;X;X
Product 4259;;1352;NaN;;2020-11-10;Germany;S-45;X;X
;Food;1792,85;;4,966.28;;France;;X;X
Product 4261;Food;3850,86;;879,18;16-03-2023;;;X;X
Product 4262;Snack;2,781.41;97;2991,11;2023-01-25;Germany;;X;X
Product 4263;Drink;4374,67;;3,140.89;2020/08/05;;S-5;X;X
Product 4264;Food;1649;;114,39;2023-03-19;Germany;S-25;X;X
Product 4265;;3,333.79;;;20/05/2018;Portugal;;X;X
Product 4266;Snack;;;642.90;08/06/2022;;S-8;X;X
Product 4267;Drink;1309,56;;1635,30;2023/06/03;France;;X;X
Product 4268;Drink;;18;424,30;2022/08/06;France;S-42;X;X
Product 4269;Snack;4,921.24;;;17/03/2022;Portugal;S-29;X;X
Product 4270;;;94;2316,82;2019/07/11;France;;X;X
Product 4271;Drink;3941,51;;4413,48;27-06-2018;Germany;;X;X
Product 4272;Drink;236.22;;;02-12-2020;Portugal;S-33;X;X
Product 4273;Drink;229;14;4987;19/11/2022;Portugal;S-14;X;X
Product 4274;Food;;NaN;1555;19/01/2019;;S-19;X;X
;Food;509;NaN;;04/02/2024;France;;X;X
Product 4276;Snack;3225,25;1;3915,95;31/07/2021;Germany;S-31;X;X
Product 4277;Snack;4555;NaN;305.49;2018-02-25;Germany;S-27;X;X
Product 4278;;1937,01;77;4022;2022/05/28;France;S-34;X;X
Product 4279;;2,789.79;NaN;;04-05-2024;Germany;;X;X
Product 4280;Snack;4127;;1577,83;;;;X;X
Product 4281;;2159,97;NaN;918;09-09-2018;Germany;S-35;X;X
Product 4282;Drink;;NaN;1491;28/09/2018;France;S-1;X;X
Product 4283;Drink;4569,90;;;20-01-2022;Portugal;S-40;X;X
Product 4284;;;;2840;2021-09-01;Germany;;X;X
Product 4285;;809,98;NaN;;28-02-2019;Portugal;S-32;X;X
Product 4286;Snack;156.15;;318,83;2018/11/14;Portugal;S-27;X;X
Product 4287;Snack;2138,63;;4851,54;2021-04-25;Portugal;;X;X
Product 4288;;238;3;4931;2020/02/27;France;S-27;X;X
Product 4289;Drink;4594;NaN;140,26;30-12-2019;;;X;X
;Food;4748;NaN;1673;31-07-2021;France;;X;X
Product 4291;;657,63;;;16/12/2022;France;S-9;X;X
Product 4292;Snack;1966;;849;2019-04-09;France;;X;X
Product 4293;Snack;;NaN;723,37;2018-07-13;France;;X;X
Product 4294;;;;2,105.02;21-03-2023;France;S-29;X;X
Product 4295;Snack;4092;;;2022-04-29;;;X;X
Product 4296;Drink;824,17;72;4,083.45;17-01-2020;Portugal;;X;X
Product 4297;Snack;1,889.15;NaN;3970,78;11/01/2019;France;;X;X
Product 4298;Food;584;95;;2022-08-25;Portugal;;X;X
Product 4299;Food;;55;;2021/11/09;Portugal;;X;X
Product 4300;Drink;4,361.21;;2,430.33;;France;;X;X
Product 4301;Snack;;67;4234;2018/05/31;Portugal;;X;X
Product 4302;Snack;3,840.59;;908.68;2022-06-30;;;X;X
Product 4303;;4,694.70;;518;21/01/2018;Portugal;;X;X
Product 4304;Food;624,42;NaN;;13/08/2024;;S-40;X;X
;;1,658.93;9;45;2021-05-06;Germany;S-42;X;X
Product 4306;;4659;44;3917,98;2018-08-25;;;X;X
Product 4307;Snack;2197,88;;512.34;19/09/2020;France;;X;X
Product 4308;Food;1293;35;1387,27;2021/07/02;Germany;S-50;X;X
Product 4309;;;NaN;;10/05/2020;Portugal;;X;X
Product 4310;Snack;1517;NaN;;30-03-2019;Portugal;S-8;X;X
Product 4311;Drink;3423;29;1118,69;23/06/2021;Portugal;;X;X
Product 4312;Food;1,861.83;NaN;;2019-08-15;;;X;X
Product 4313;Snack;3003;;3674,65;2022/11/11;Germany;;X;X
Product 4314;Drink;853.61;NaN;4,371.98;2024-07-14;Germany;;X;X
Product 4315;;2671;47;;2018/12/14;Portugal;;X;X
Product 4316;;30,53;NaN;;2023-05-08;Portugal;;X;X
Product 4317;;4847;51;2,075.64;23-03-2020;;;X;X
Product 4318;Drink;1665;NaN;4,282.72;2022/12/23;Portugal;;X;X
Product 4319;Drink;1,090.81;;;09-10-2020;;S-6;X;X
;;3507,58;25;;;France;S-45;X;X
Product 4321;;16.62;NaN;;21/10/2024;France;;X;X
Product 4322;Drink;1,971.93;60;;2024-01-25;Portugal;;X;X
Product 4323;Snack;4732,52;NaN;1716,56;18/05/2022;Germany;;X;X
Product 4324;Food;;4;4,189.35;15/04/2022;;;X;X
Product 4325;;1,184.14;;;2020-12-05;;S-5;X;X
Product 4326;Drink;;NaN;492;10/07/2023;;S-44;X;X
Product 4327;Snack;;NaN;3278;2023-07-12;France;;X;X
Product 4328;Snack;3,862.00;;;2020-06-10;Portugal;S-20;X;X
Product 4329;Snack;3087;;4602,12;2019/01/14;;S-12;X;X
Product 4330;;3561;;411.16;11/10/2023;France;;X;X
Product 4331;Drink;2,770.72;NaN;1,069.16;2021-09-04;Germany;;X;X
Product 4332;Food;904;;3218,22;2024/01/16;Germany;S-29;X;X
Product 4333;Drink;851;60;257;2020/05/21;France;S-32;X;X
Product 4334;Drink;699;NaN;4,311.20;2020-01-24;Germany;S-15;X;X
;Snack;507,02;79;;26/04/2019;Portugal;;X;X
Product 4336;Food;4887;;2355;24/01/2019;;S-40;X;X
Product 4337;;2446,27;NaN;;12/01/2024;;;X;X
Product 4338;;2243,13;NaN;469;2024-08-02;Germany;;X;X
Product 4339;Snack;1679,94;;1100,40;2020/11/28;Portugal;;X;X
Product 4340;;2645,47;;3800;;France;S-5;X;X
Product 4341;Drink;1816,36;;2,018.04;26-06-2021;;;X;X
Product 4342;Snack;;58;;2018/06/29;Portugal;S-3;X;X
Product 4343;Food;;;;02/03/2021;France;;X;X
Product 4344;Drink;1151;13;1697,42;07/05/2020;Portugal;S-13;X;X
Product 4345;Food;3193;85;3883;18/01/2019;France;;X;X
Product 4346;Food;3861;NaN;2,714.63;2021/08/06;Portugal;;X;X
Product 4347;Drink;2191;33;1188;16/04/2021;Germany;S-48;X;X
Product 4348;Food;;;2813,56;2019/07/31;Portugal;;X;X
Product 4349;Snack;595;;;11/04/2021;France;S-14;X;X
;Snack;;NaN;;02/11/2024;;;X;X
Product 4351;Drink;997;75;;2019-12-14;Portugal;;X;X
Product 4352;;4,237.03;NaN;1,919.99;2023-03-26;Portugal;S-41;X;X
Product 4353;Food;183.24;96;3,593.28;2018/04/11;Portugal;;X;X
Product 4354;Drink;2441,65;38;4,973.73;2018/05/02;Germany;;X;X
Product 4355;Food;1111,23;NaN;480,35;2018-08-04;Germany;;X;X
Product 4356;Drink;;;2331,76;19-07-2022;;;X;X
Product 4357;Food;415,73;NaN;2559,48;21/10/2019;Germany;S-38;X;X
Product 4358;;3,441.90;;4159;26-05-2020;France;;X;X
Product 4359;Drink;4,127.49;28;1681;23/07/2024;Germany;;X;X
Product 4360;Snack;2135,62;NaN;4844,47;;France;;X;X
Product 4361;;2,564.90;21;4488;2022-03-05;;;X;X
Product 4362;Snack;4060,43;NaN;502,15;29-06-2018;Germany;;X;X
Product 4363;;1,763.13;NaN;2,723.68;2020/06/07;France;;X;X
Product 4364;Snack;;NaN;4,813.30;2018/09/15;France;;X;X
;;981;59;1451,83;2020/06/13;Germany;S-39;X;X
Product 4366;Food;;NaN;2345,81;2020/05/19;France;;X;X
Product 4367;Snack;919,77;NaN;2964;04-10-2022;Portugal;;X;X
Product 4368;Food;1567,30;76;1330;2024/08/23;Germany;S-13;X;X
Product 4369;Drink;2225;;;2018/10/20;Portugal;;X;X
Product 4370;Food;2,042.97;;;2021-03-24;;S-33;X;X
Product 4371;Snack;4,632.91;24;;20-05-2021;France;;X;X
Product 4372;;2413,15;53;752.71;27-01-2019;France;S-14;X;X
Product 4373;Food;507,64;40;2054,88;2021/02/08;Germany;;X;X
Product 4374;;;16;512,09;31-07-2021;France;;X;X
Product 4375;Drink;939;NaN;3748,99;11-03-2020;Germany;;X;X
Product 4376;Drink;;;1140;2024-03-25;;;X;X
Product 4377;Snack;;NaN;;09-05-2019;Portugal;S-7;X;X
Product 4378;;;;3459,79;2019/02/03;Portugal;;X;X
Product 4379;Food;;15;;03/01/2019;France;;X;X
;Food;2944,25;;1703;;Germany;S-26;X;X
Product 4381;Drink;4,934.68;NaN;4,897.45;2018-02-05;France;S-14;X;X
Product 4382;;;NaN;1040,95;11/06/2022;Germany;;X;X
Product 4383;;682;NaN;236.54;2021-04-30;Portugal;;X;X
Product 4384;Drink;;NaN;924.58;22-08-2024;Germany;;X;X
Product 4385;Food;1309;16;;31/01/2019;Germany;;X;X
Product 4386;Drink;263,29;NaN;;02/08/2024;Germany;;X;X
Product 4387;;3447,47;NaN;1,555.57;25/03/2022;;;X;X
Product 4388;Food;241;NaN;3,310.34;22-07-2020;Germany;S-27;X;X
Product 4389;Drink;2398,45;NaN;3679;2019-03-28;Portugal;;X;X
Product 4390;;2,656.46;;;07-02-2022;Germany;;X;X
Product 4391;;4163;NaN;3,134.41;28-08-2024;Portugal;S-22;X;X
Product 4392;Snack;818,63;75;4589,21;19-12-2022;Portugal;S-42;X;X
Product 4393;Snack;;;343.55;22/03/2021;France;S-9;X;X
Product 4394;Drink;3317;NaN;4,792.86;05-04-2020;Portugal;S-19;X;X
;Food;4,523.01;;2209,65;2023/12/14;France;;X;X
Product 4396;Food;;NaN;4,192.18;01-06-2018;France;;X;X
Product 4397;Snack;1384;;;2024-04-26;Portugal;S-48;X;X
Product 4398;;;NaN;;13-06-2021;Portugal;;X;X
Product 4399;Snack;;;3,152.77;2022/03/13;;;X;X
Product 4400;Drink;853;48;237,34;;France;;X;X
Product 4401;Snack;;NaN;3638,48;04/10/2019;Germany;S-18;X;X
Product 4402;Food;1642;30;2,493.32;08/02/2018;;;X;X
Product 4403;Drink;3,771.17;;375,80;2020/05/03;Portugal;;X;X
Product 4404;Food;4727,24;;200,61;2018-03-23;Portugal;S-15;X;X
Product 4405;Drink;4212,94;54;154;01/01/2020;;;X;X
Product 4406;;895,75;NaN;1961,80;2019-11-16;Germany;S-45;X;X
Product 4407;Snack;;;4,103.59;2018-07-26;Germany;S-11;X;X
Product 4408;Food;3655,64;;3241,50;22/04/2019;Portugal;S-12;X;X
Product 4409;Drink;4100;64;1556;27/12/2020;France;;X;X
;Snack;2,644.08;64;;2021-02-21;Germany;;X;X
Product 4411;Food;;NaN;;23/12/2021;France;;X;X
Product 4412;;;;3550,33;2019-07-24;France;;X;X
Product 4413;Drink;71;NaN;104;2019-11-15;;;X;X
Product 4414;Food;3753;;1,052.80;2022-02-27;France;;X;X
Product 4415;Food;4579;;677.28;2019-02-28;Portugal;;X;X
Product 4416;;4627,20;1;4,130.10;2024-03-09;;;X;X
Product 4417;Drink;3,949.54;NaN;3689,11;2024/10/10;;;X;X
Product 4418;Snack;2,127.27;;832.62;21-07-2018;Portugal;S-12;X;X
Product 4419;Food;;;906;2022/07/26;;;X;X
Product 4420;Drink;4910,21;;2644,02;;France;S-42;X;X
Product 4421;Drink;415.00;6;;28/09/2024;Portugal;S-42;X;X
Product 4422;;3,190.98;31;;01-11-2021;Portugal;;X;X
Product 4423;Food;2640;NaN;;2019/01/20;Germany;S-40;X;X
Product 4424;Snack;3759,93;;3971;2018-08-28;Portugal;;X;X
;Food;3,876.80;100;1559;2024-02-25;Portugal;S-21;X;X
Product 4426;Food;;NaN;4,812.99;2021/05/19;Portugal;;X;X
Product 4427;Snack;4171,46;63;2770,65;13-06-2019;Portugal;;X;X
Product 4428;Drink;1375;;1,281.56;16-02-2018;Germany;S-7;X;X
Product 4429;Food;2882,19;NaN;3,812.83;04/01/2024;Portugal;;X;X
Product 4430;Drink;3,689.44;21;4367;26-12-2018;Germany;;X;X
Product 4431;;;NaN;1,712.49;2021/06/11;;;X;X
Product 4432;Drink;2340,05;NaN;1295;2023-07-09;;;X;X
Product 4433;Snack;1,852.03;NaN;2909,83;2023/05/24;Germany;S-43;X;X
Product 4434;Snack;;40;;2024/09/24;;;X;X
Product 4435;;4,623.06;59;170;10/12/2019;Germany;;X;X
Product 4436;Drink;1105;;;2021/04/30;Portugal;S-33;X;X
Product 4437;Food;447;NaN;2720,66;18-10-2024;;;X;X
Product 4438;;3722,57;;2,790.08;23/06/2022;;;X;X
Product 4439;Snack;;NaN;816;2024-05-19;Portugal;;X;X
;Drink;4805,92;77;3395;;Germany;S-31;X;X
Product 4441;Snack;3844;48;1392;2022-03-30;Portugal;;X;X
Product 4442;Food;;NaN;2679;13-07-2018;Germany;;X;X
Product 4443;;99,88;NaN;;2022/06/07;France;;X;X
Product 4444;;609.30;;3891;04-12-2018;Portugal;S-37;X;X
Product 4445;Snack;3936,32;NaN;1506;27-08-2021;Portugal;;X;X
Product 4446;;52.18;;401;2018-04-19;;;X;X
Product 4447;Drink;;NaN;885;27/11/2021;France;;X;X
Product 4448;Drink;1536;NaN;2317,34;2021-11-26;France;;X;X
Product 4449;Snack;1,747.81;NaN;;07/09/2022;Germany;;X;X
Product 4450;Snack;3617,53;NaN;;2021/10/08;Portugal;S-39;X;X
Product 4451;;2869;94;321.08;28-03-2019;Portugal;S-14;X;X
Product 4452;Snack;4131,76;;3946,50;2022/12/22;;;X;X
Product 4453;Drink;4277,93;9;1,349.09;2020-06-30;;;X;X
Product 4454;Food;213;;2203;2021/02/07;France;;X;X
;Drink;304.98;NaN;3315,63;09-07-2021;France;S-14;X;X
Product 4456;;;NaN;4,709.13;2023/03/21;Portugal;;X;X
Product 4457;Snack;1032,92;;1057;2024-06-28;France;S-31;X;X
Product 4458;Snack;;NaN;1612;22-03-2024;France;;X;X
Product 4459;Snack;;76;3,698.94;25/09/2020;France;;X;X
Product 4460;;;NaN;4481,61;;;;X;X
Product 4461;Food;394;;;15/05/2021;France;S-27;X;X
Product 4462;;;NaN;863,96;2020/03/25;;S-15;X;X
Product 4463;Drink;2,841.75;42;;2018/02/05;Portugal;;X;X
Product 4464;Food;1766,15;;2,207.00;2019-01-03;;;X;X
Product 4465;Snack;3521;NaN;;05-06-2019;Germany;;X;X
Product 4466;Drink;;;2,808.19;2020-11-30;Germany;S-39;X;X
Product 4467;Snack;451;38;4,264.68;20/04/2022;France;;X;X
Product 4468;Food;2,251.81;90;;2022/09/19;Germany;S-34;X;X
Product 4469;;429;33;;2019-12-12;;;X;X
;Drink;;;1,718.31;23-10-2021;Germany;;X;X
Product 4471;;;49;2815,83;2022-08-22;Germany;;X;X
Product 4472;Drink;2840;;3,803.82;28/09/2021;Germany;S-22;X;X
Product 4473;Snack;1733,59;16;2,745.03;2019-08-23;France;;X;X
Product 4474;Snack;506;;2584,99;18-06-2024;Portugal;S-40;X;X
Product 4475;;1230,50;;2,550.42;20-01-2021;France;;X;X
Product 4476;Snack;3,300.12;;4416;15-03-2022;Germany;;X;X
Product 4477;Food;2,357.68;46;65.78;26/04/2020;Portugal;;X;X
Product 4478;Food;2,284.68;62;3112;04-03-2022;;;X;X
Product 4479;Food;;57;2661;2024-09-19;Germany;;X;X
Product 4480;Food;;;1698;;Portugal;S-23;X;X
Product 4481;Drink;2049;NaN;184,03;07-10-2019;;S-17;X;X
Product 4482;Drink;4570;NaN;1728,60;2022-05-31;Germany;S-25;X;X
Product 4483;Food;885,45;60;1,325.61;04-12-2022;;;X;X
Product 4484;Drink;1888;;2303;2024-01-10;Portugal;S-49;X;X
;Food;;NaN;;2020-06-25;Germany;;X;X
Product 4486;;382,72;42;;30/03/2018;;S-12;X;X
Product 4487;Drink;;;;11-06-2018;Germany;;X;X
Product 4488;Food;4794;NaN;;2021-06-29;Portugal;;X;X
Product 4489;Food;3,173.03;59;4,377.73;19/12/2019;Portugal;;X;X
Product 4490;;1673;NaN;1548,81;2022/09/15;Portugal;;X;X
Product 4491;;2047;78;4791;2018-03-15;Germany;;X;X
Product 4492;Snack;214;;1345;2020-10-17;Portugal;;X;X
Product 4493;Food;4816,67;NaN;2047;2024-11-04;France;S-5;X;X
Product 4494;Snack;944,55;NaN;416;2023/12/20;France;;X;X
Product 4495;Drink;676.84;;;14/02/2023;;;X;X
Product 4496;Food;41.36;;1714,77;2021/07/21;Portugal;;X;X
Product 4497;Food;2,433.03;;348;31/07/2019;Germany;S-13;X;X
Product 4498;Drink;2111,10;18;1,924.64;19-03-2018;;;X;X
Product 4499;;1316;57;1220;27/12/2021;France;;X;X
;Food;;NaN;1607;;;S-35;X;X
Product 4501;;580.30;;1668,22;06-08-2018;France;;X;X
Product 4502;Food;2,959.89;32;446.29;2023/08/04;Portugal;;X;X
Product 4503;Snack;;NaN;698;13-11-2023;;;X;X
Product 4504;;2875,66;NaN;2,799.22;17/07/2018;France;;X;X
Product 4505;Snack;;;394,51;19-12-2021;Portugal;;X;X
Product 4506;Food;1300,64;;4,798.20;09-08-2020;Germany;;X;X
Product 4507;Snack;2,848.34;;279.57;2023-09-14;;;X;X
Product 4508;Food;2528;62;119.00;03-01-2019;;;X;X
Product 4509;Food;;;3,268.61;2024-08-07;;;X;X
Product 4510;Snack;3826;;757,69;26-10-2024;Portugal;S-13;X;X
Product 4511;Food;3771;;824;02-09-2019;Germany;;X;X
Product 4512;Drink;559.43;66;;22/09/2020;;S-13;X;X
Product 4513;Food;4155;84;;2023/08/12;Germany;S-15;X;X
Product 4514;Food;;88;;07-03-2022;France;S-8;X;X
;Drink;;NaN;4,353.96;07-03-2023;Germany;S-16;X;X
Product 4516;;616;;3,483.71;2020/12/28;Germany;S-29;X;X
Product 4517;Drink;4441,33;89;;2018/01/03;Portugal;;X;X
Product 4518;Drink;;NaN;;07/11/2019;France;;X;X
Product 4519;Drink;4030,22;;1447,61;17-11-2023;;;X;X
Product 4520;Drink;;NaN;;;Germany;S-5;X;X
Product 4521;;4195;;2438;20/12/2018;France;;X;X
Product 4522;Food;3878,30;9;3454;04/12/2022;Portugal;S-15;X;X
Product 4523;Snack;1,015.48;33;;2022-08-01;Portugal;;X;X
Product 4524;;2953,24;NaN;926;2022/03/26;;;X;X
Product 4525;;2,536.29;61;2956,12;13-05-2023;Germany;S-31;X;X
Product 4526;Food;;12;705.60;17/09/2023;Germany;;X;X
Product 4527;Drink;3259;NaN;1,821.22;29-09-2024;France;;X;X
Product 4528;Drink;4,809.00;NaN;258.98;12/04/2023;;S-16;X;X
Product 4529;;3,661.49;;1690;14/11/2023;;;X;X
;Snack;;;3,422.86;2021-06-13;France;S-4;X;X
Product 4531;Drink;2247;;2158;04-03-2023;Germany;;X;X
Product 4532;;471,47;NaN;1,944.20;2023-09-06;France;;X;X
Product 4533;Snack;3025,21;;;13/12/2020;Germany;S-24;X;X
Product 4534;Snack;4710;NaN;2377;28-11-2023;;;X;X
Product 4535;Snack;;82;4578;25/09/2023;Portugal;;X;X
Product 4536;Snack;4,846.62;36;1,452.35;02-09-2021;Portugal;S-44;X;X
Product 4537;;;NaN;3149;08/12/2022;Germany;S-33;X;X
Product 4538;;666;NaN;2,575.10;2021-04-29;France;S-22;X;X
Product 4539;Snack;3937,62;NaN;597;2024/10/16;;S-50;X;X
Product 4540;Drink;4619,15;36;4548;;Portugal;;X;X
Product 4541;Drink;3,276.04;43;;2021-03-28;Portugal;;X;X
Product 4542;;4,311.78;90;902;29-01-2022;France;;X;X
Product 4543;Snack;4472,19;NaN;1,874.89;12-10-2018;;S-1;X;X
Product 4544;Snack;3620;56;;22/11/2022;;S-15;X;X
;;2,251.05;NaN;4052;14-07-2022;Germany;;X;X
Product 4546;;36;86;4396;11/03/2023;France;;X;X
Product 4547;;331,42;NaN;1,586.05;29/12/2023;Portugal;S-15;X;X
Product 4548;Food;;9;1937;13-01-2022;;;X;X
Product 4549;Food;3447;67;3992,29;2022/10/20;;;X;X
Product 4550;Snack;498.52;;1,763.21;2021/09/22;Portugal;;X;X
Product 4551;Food;797;29;3636,34;2018/09/28;Germany;;X;X
Product 4552;Drink;4,989.15;15;2,312.91;2022/10/31;;;X;X
Product 4553;Snack;4200,94;;4926;20/10/2024;France;S-40;X;X
Product 4554;Food;;NaN;3,908.55;2018/09/24;;S-12;X;X
Product 4555;Snack;3572;;4,804.26;2020-03-30;Germany;;X;X
Product 4556;Drink;493.95;;;2024/09/01;France;;X;X
Product 4557;Drink;720;;4382,44;26/07/2020;Portugal;;X;X
Product 4558;Snack;;;;26/02/2019;Germany;;X;X
Product 4559;Food;;;3162;2019/03/10;Germany;;X;X
;Snack;;16;4,702.99;;;;X;X
Product 4561;Drink;;57;2651;2020-10-15;;;X;X
Product 4562;Food;1,023.43;;4,775.26;01-09-2021;;;X;X
Product 4563;Food;;;159.94;2022/02/18;;;X;X
Product 4564;;4,209.91;64;;06/02/2024;Portugal;;X;X
Product 4565;Snack;927,61;47;516;2020-08-04;Germany;S-40;X;X
Product 4566;Drink;1,325.07;;4340,67;08-10-2022;;;X;X
Product 4567;Drink;861,96;NaN;2,160.85;2019-03-22;;;X;X
Product 4568;Snack;539,41;NaN;3263,04;2023/07/12;Portugal;;X;X
Product 4569;Snack;177;;2,302.51;2019/12/12;;;X;X
Product 4570;Drink;;38;2483;04-12-2018;;;X;X
Product 4571;Drink;;17;3527,25;2023/03/25;Portugal;;X;X
Product 4572;Snack;;NaN;225;12-08-2022;Portugal;S-37;X;X
Product 4573;Snack;;NaN;264;2023-04-27;Portugal;;X;X
Product 4574;Food;2,243.25;NaN;4019,50;2023/01/26;France;;X;X
;;280.45;;;2019/05/28;Portugal;S-43;X;X
Product 4576;Drink;3895,18;84;2,850.62;06-07-2018;Portugal;;X;X
Product 4577;Food;2,972.78;NaN;;07-12-2021;France;;X;X
Product 4578;Snack;;NaN;2368,43;19/03/2019;Germany;S-26;X;X
Product 4579;;3607,21;;235;27/04/2024;France;S-13;X;X
Product 4580;Drink;2,856.21;;2539,09;;Portugal;;X;X
Product 4581;;2046,35;56;4691,75;25-01-2021;Portugal;;X;X
Product 4582;Food;;;3705;2020/11/30;Portugal;S-13;X;X
Product 4583;Snack;2378;83;853;2018-06-24;Portugal;;X;X
Product 4584;Food;150,13;NaN;;2021/05/01;France;S-41;X;X
Product 4585;;2,474.66;45;2613,57;2018/09/20;Germany;S-37;X;X
Product 4586;Food;1667,69;47;1541;2018-08-18;France;;X;X
Product 4587;Food;;NaN;2497,18;2022-10-24;France;;X;X
Product 4588;Snack;;;;2020-03-04;Germany;S-14;X;X
Product 4589;Snack;447,38;;2439;2023/08/05;France;;X;X
;;3,271.74;NaN;4235,51;03-09-2020;;;X;X
Product 4591;;801,24;;;2020/08/10;Germany;;X;X
Product 4592;Food;;;3,049.38;26-11-2023;Germany;S-2;X;X
Product 4593;Drink;;;669,00;2018/12/05;;S-28;X;X
Product 4594;Food;;28;4,675.07;2022/10/21;Portugal;S-14;X;X
Product 4595;;2,478.07;;2280,52;12-02-2024;France;;X;X
Product 4596;Food;599;;;02/10/2024;Portugal;S-25;X;X
Product 4597;Snack;1581;;2773;2021-04-11;;;X;X
Product 4598;Food;3717,41;NaN;3371;17-11-2020;France;;X;X
Product 4599;Snack;4993,97;83;;12/10/2024;France;;X;X
Product 4600;Drink;2847,40;86;3,448.12;;;S-38;X;X
Product 4601;Snack;2369,80;;57;2024/02/02;Germany;;X;X
Product 4602;Drink;2273;NaN;2354,73;20/10/2018;Germany;;X;X
Product 4603;Drink;1224,39;21;1523;2023-04-29;;;X;X
Product 4604;Food;4,916.25;;3,272.36;18-12-2022;;;X;X
;;4125;54;3835;28/04/2018;;;X;X
Product 4606;;1,465.68;;;2020-02-18;Portugal;;X;X
Product 4607;Food;918.34;;;2018/12/25;Germany;;X;X
Product 4608;Drink;;;;2018-09-29;;;X;X
Product 4609;;76;NaN;;06/09/2023;Germany;S-25;X;X
Product 4610;Snack;905;;;2022-05-07;;S-39;X;X
Product 4611;;3,776.64;32;;2022-11-03;Germany;;X;X
Product 4612;Drink;4771,75;19;;11/05/2022;Germany;;X;X
Product 4613;Drink;2916;;;28-11-2018;Germany;S-17;X;X
Product 4614;Snack;;;506;12-12-2022;France;;X;X
Product 4615;Food;;NaN;1182,77;24-01-2021;France;S-37;X;X
Product 4616;;;NaN;3265,29;2023-08-10;Germany;;X;X
Product 4617;Food;3,085.12;13;;05-11-2021;Portugal;;X;X
Product 4618;;;;4025;07/05/2021;France;S-24;X;X
Product 4619;Snack;3207;NaN;2938;2018/01/01;France;S-39;X;X
;Food;1,579.03;14;4,952.86;;;S-38;X;X
Product 4621;;;NaN;;2018-05-16;;;X;X
Product 4622;;;57;;2023-12-24;Portugal;;X;X
Product 4623;Drink;3013;NaN;1,504.02;2018-02-07;France;;X;X
Product 4624;Drink;3601,00;;1,572.54;14/09/2018;France;S-22;X;X
Product 4625;;4,852.56;NaN;1,364.40;2022-09-10;;;X;X
Product 4626;Drink;1351;NaN;866,44;24/06/2022;France;S-30;X;X
Product 4627;;4135;33;50,34;2018-09-12;Germany;;X;X
Product 4628;;2921;;135.35;2019-05-14;Germany;;X;X
Product 4629;Drink;559,73;NaN;3468;20-04-2022;;;X;X
Product 4630;Drink;657,07;NaN;2858,06;2018-01-20;;S-37;X;X
Product 4631;Drink;2874,86;NaN;1349,30;2024-07-13;;;X;X
Product 4632;Food;1598,35;16;424.19;15/06/2021;France;S-11;X;X
Product 4633;Snack;;NaN;227,23;04/10/2020;;;X;X
Product 4634;;;;3234;02-08-2022;France;;X;X
;Snack;4966;NaN;2337,08;2020/07/04;Germany;;X;X
Product 4636;Food;;32;;01-12-2021;;;X;X
Product 4637;Food;;94;2843,32;2021/06/18;France;;X;X
Product 4638;;;67;4970;2018/05/27;;S-45;X;X
Product 4639;;;NaN;4,430.59;17-05-2018;Germany;S-13;X;X
Product 4640;Snack;1896,85;NaN;3893,53;;;;X;X
Product 4641;Snack;4539;78;930,49;2024/08/21;;S-45;X;X
Product 4642;Drink;1559;NaN;864;2019/08/27;France;;X;X
Product 4643;Snack;118.18;66;4,018.33;14/09/2024;Germany;S-3;X;X
Product 4644;Snack;2191,61;70;;2019-05-31;Portugal;;X;X
Product 4645;Food;4883,60;35;3747,66;2019-11-14;Germany;S-48;X;X
Product 4646;Snack;;25;3747,14;2020/07/21;Germany;;X;X
Product 4647;Drink;1,457.88;NaN;;2019-06-18;France;;X;X
Product 4648;Snack;428;;2587;19-04-2023;;;X;X
Product 4649;;;NaN;2,243.07;09/12/2020;France;S-15;X;X
;Drink;2,856.40;95;2048;08/11/2021;Germany;;X;X
Product 4651;;1,965.19;NaN;817;2019/09/15;France;;X;X
Product 4652;Food;4168;;892;2022-09-17;France;S-38;X;X
Product 4653;Drink;4898;NaN;3394,72;19/09/2023;Portugal;S-26;X;X
Product 4654;Drink;;;;2023-04-09;France;;X;X
Product 4655;Snack;1352,10;NaN;3122,61;2019/05/25;Germany;;X;X
Product 4656;Drink;2520,85;NaN;3146;03-02-2023;Portugal;;X;X
Product 4657;Food;;NaN;;2021/06/07;France;S-7;X;X
Product 4658;Food;;76;3,032.78;16-12-2018;;;X;X
Product 4659;Food;937,46;82;4609,23;02/10/2022;Portugal;S-43;X;X
Product 4660;Drink;840.86;14;2,418.96;;;;X;X
Product 4661;Drink;;9;2,858.56;2019/04/25;France;S-29;X;X
Product 4662;Snack;3,431.60;NaN;657.71;2021/08/26;;S-21;X;X
Product 4663;Food;4331;NaN;;2023/10/20;;;X;X
Product 4664;Snack;4513,31;;;2023-05-20;Portugal;;X;X
;Food;4,393.25;3;4,710.03;13/10/2022;Germany;S-6;X;X
Product 4666;Snack;9,89;82;1040;2022-09-22;Portugal;;X;X
Product 4667;;;;3774;2023/07/16;;S-9;X;X
Product 4668;;1243;;;19/03/2022;Portugal;;X;X
Product 4669;Food;;;4729,94;2022-06-25;France;;X;X
Product 4670;Snack;2267,19;NaN;2744,69;2020-11-23;Portugal;;X;X
Product 4671;Drink;3060,93;15;3441;2022/02/08;;;X;X
Product 4672;Drink;2580,79;NaN;1946,92;2018-05-01;Germany;S-24;X;X
Product 4673;Drink;606,59;NaN;4781;2021/04/25;Portugal;S-19;X;X
Product 4674;Snack;2030,97;NaN;1,392.51;2023-02-08;Portugal;S-36;X;X
Product 4675;;115,71;68;2,253.68;2018/02/19;France;;X;X
Product 4676;Drink;1,922.42;51;2,099.49;2018-03-08;Portugal;;X;X
Product 4677;Food;4,102.00;;3295;11/06/2023;;;X;X
Product 4678;;3,427.55;NaN;3089;19-07-2020;France;;X;X
Product 4679;Food;;NaN;543;2021-09-30;France;;X;X
;Snack;3700,06;NaN;;;France;S-45;X;X
Product 4681;Drink;1941;NaN;2997;27/02/2019;Portugal;;X;X
Product 4682;Food;1501,01;NaN;1431;30-11-2023;Germany;S-43;X;X
Product 4683;Snack;;10;409.73;15/11/2018;Portugal;;X;X
Product 4684;Drink;2400;50;4,478.41;06/05/2019;Germany;S-14;X;X
Product 4685;Snack;1942,54;75;2003,99;2021/10/21;;;X;X
Product 4686;Food;253;1;;2023-01-07;Germany;S-35;X;X
Product 4687;;3,421.48;29;105.33;06-01-2019;Portugal;;X;X
Product 4688;Food;2172,81;;1,245.64;2018-04-28;;;X;X
Product 4689;Food;3,615.06;;56,89;2022-10-16;Portugal;;X;X
Product 4690;;4765,46;;68.95;2024/11/02;France;;X;X
Product 4691;Snack;4647,85;;2970,37;2024/06/06;France;S-4;X;X
Product 4692;Snack;1591;NaN;;2019/11/25;;;X;X
Product 4693;Food;3471;;3,653.74;2020/10/19;Germany;S-43;X;X
Product 4694;Food;2506;;;2019/07/17;France;S-31;X;X
;Snack;750,41;NaN;1570;28-08-2020;France;S-13;X;X
Product 4696;;945;81;1,012.65;2018/02/26;France;;X;X
Product 4697;Drink;4024,60;28;746.18;2019-09-29;France;S-3;X;X
Product 4698;;342.07;NaN;604,72;2022/05/09;Germany;;X;X
Product 4699;Food;1,619.71;;1993,61;2024/07/25;;S-15;X;X
Product 4700;Snack;;;1023;;Germany;;X;X
Product 4701;;149;NaN;4,097.98;2021/02/22;;S-44;X;X
Product 4702;Food;1875;NaN;3,867.93;2018-01-15;Germany;S-41;X;X
Product 4703;Drink;1416;;3,584.47;2024/07/26;Germany;;X;X
Product 4704;Drink;;NaN;;11/04/2024;Germany;S-5;X;X
Product 4705;;2208,08;;718;25/10/2023;France;;X;X
Product 4706;Food;477.45;;1295;2019/04/18;Germany;S-39;X;X
Product 4707;Food;1334,98;NaN;;09-06-2021;;;X;X
Product 4708;Drink;4050,57;50;4,248.30;2020-02-14;Germany;;X;X
Product 4709;Snack;3,443.59;NaN;2780,98;30/08/2023;France;;X;X
;Snack;4,603.25;;1271;27-10-2024;France;S-11;X;X
Product 4711;;2566;25;2,709.72;13/05/2023;;;X;X
Product 4712;;4,840.73;99;4,953.95;2021-10-20;;;X;X
Product 4713;Drink;;29;1,073.07;29/01/2024;France;S-25;X;X
Product 4714;Food;703;61;634;2020/03/03;Portugal;;X;X
Product 4715;Snack;2503,99;NaN;;2020/09/25;Germany;;X;X
Product 4716;Snack;2484;;;2024-07-29;France;;X;X
Product 4717;Snack;;;405,41;19/05/2018;France;S-31;X;X
Product 4718;Snack;1137;13;;11/05/2022;Germany;;X;X
Product 4719;Drink;3,185.87;53;984,04;12-09-2024;Germany;;X;X
Product 4720;Snack;2,057.93;NaN;1,199.44;;France;S-12;X;X
Product 4721;Food;4,755.17;;2230;24/03/2021;Portugal;S-19;X;X
Product 4722;Snack;;;3,578.41;2022/02/16;France;;X;X
Product 4723;;86;;403;22-11-2020;Germany;S-2;X;X
Product 4724;Food;435,95;NaN;1723;19-02-2018;Portugal;S-41;X;X
;Snack;4,962.45;51;4127;2021/10/21;Germany;;X;X
Product 4726;Drink;2758;NaN;2,232.99;2021/04/04;;;X;X
Product 4727;Drink;535,91;NaN;2390,38;20/02/2020;;;X;X
Product 4728;Snack;3433,09;NaN;;01/10/2019;;S-42;X;X
Product 4729;;3141;NaN;4010;2021-01-17;Portugal;;X;X
Product 4730;Drink;1729,76;;826.50;2024-05-04;France;;X;X
Product 4731;Food;;NaN;;2023-01-01;Germany;S-40;X;X
Product 4732;;572,11;;1,003.20;2023/08/20;Portugal;;X;X
Product 4733;Drink;304.16;NaN;2458;2023/06/11;France;;X;X
Product 4734;;1095;36;3,238.76;20/05/2020;Germany;S-29;X;X
Product 4735;Drink;2132,35;NaN;;20-10-2022;Germany;;X;X
Product 4736;Drink;268.91;NaN;4,199.21;07/12/2023;France;;X;X
Product 4737;;2,807.79;;725,29;10/04/2024;France;;X;X
Product 4738;Snack;2291,41;NaN;3758,80;2022/12/11;;S-34;X;X
Product 4739;Snack;448.66;66;2000,79;05-07-2024;;;X;X
;;1,002.52;76;4,153.65;;Germany;;X;X
Product 4741;Drink;;;;2022-03-22;Portugal;S-39;X;X
Product 4742;Drink;343,22;;;2023-03-23;France;S-31;X;X
Product 4743;Drink;625;;;2018/07/05;France;;X;X
Product 4744;Drink;4732;79;2414;15/05/2019;Portugal;;X;X
Product 4745;Drink;;;4771;2019/03/23;;S-23;X;X
Product 4746;Snack;2176;NaN;;25/11/2022;;;X;X
Product 4747;Drink;1121;54;4524,07;08/07/2024;;;X;X
Product 4748;;1560,28;;3635;12-04-2020;France;S-44;X;X
Product 4749;Drink;4853;89;2,339.04;2020/06/06;Portugal;S-45;X;X
Product 4750;Drink;3,275.46;18;1131;06-01-2022;;S-13;X;X
Product 4751;Snack;;NaN;4,979.10;27/11/2019;France;;X;X
Product 4752;Food;4937;31;2494,09;25/04/2022;Germany;;X;X
Product 4753;Food;1914,10;;921;17/03/2022;;;X;X
Product 4754;Drink;535,35;44;3906,64;2023/11/21;Germany;;X;X
;Snack;1664,48;33;1632;2023/08/21;;;X;X
Product 4756;Drink;1,829.75;69;;2024-08-03;Germany;S-31;X;X
Product 4757;Food;4820;NaN;1899,08;2019/03/10;France;;X;X
Product 4758;Snack;2,459.09;NaN;4,759.72;06-03-2022;Germany;S-13;X;X
Product 4759;;1297;;2316,67;18-01-2022;;;X;X
Product 4760;;;NaN;766,95;;Germany;;X;X
Product 4761;Snack;;NaN;;04-07-2020;Germany;;X;X
Product 4762;;2,673.79;96;773,72;2024-02-14;Portugal;;X;X
Product 4763;Snack;4701,01;21;4396;2022-02-12;Portugal;;X;X
Product 4764;Drink;3,747.27;66;791;2023/02/21;;S-36;X;X
Product 4765;Drink;4,130.25;;;2021-07-06;Portugal;S-32;X;X
Product 4766;Food;1971,21;64;1638,62;2019/05/20;Portugal;;X;X
Product 4767;Drink;;87;4,350.38;2019/12/31;Germany;S-18;X;X
Product 4768;Drink;;54;;2023-03-10;;;X;X
Product 4769;Food;;;756,14;30-11-2023;France;;X;X
;Snack;4,763.52;47;2379,54;2018-12-14;;;X;X
Product 4771;Drink;1380,31;NaN;;2018-06-08;Germany;;X;X
Product 4772;Drink;;NaN;1605;2020-03-23;France;;X;X
Product 4773;Drink;;NaN;;03/08/2018;Germany;;X;X
Product 4774;Food;;;2273;28/10/2021;;S-34;X;X
Product 4775;Snack;2553;59;2399;2023/04/29;Portugal;;X;X
Product 4776;Food;3950;;;06-02-2019;Germany;;X;X
Product 4777;;2366,52;86;2266;09-12-2019;;;X;X
Product 4778;Drink;3311,96;36;4332;27/06/2020;Germany;;X;X
Product 4779;;3195;;3458,26;2021/02/18;Germany;;X;X
Product 4780;Snack;;90;;;France;S-13;X;X
Product 4781;Drink;4874,84;80;;05-03-2024;Portugal;;X;X
Product 4782;;4031;NaN;;29/08/2023;Portugal;S-44;X;X
Product 4783;;;28;2596,83;2022-10-04;Germany;S-9;X;X
Product 4784;;4,967.11;NaN;1,175.21;20/06/2018;Portugal;S-3;X;X
;Drink;627;90;4,885.38;2024/10/25;Portugal;S-40;X;X
Product 4786;Drink;4,320.47;;1095,56;2022/02/20;;;X;X
Product 4787;Drink;1538;NaN;4891,43;08/02/2024;Germany;;X;X
Product 4788;Drink;;;2,800.30;2023-08-27;;;X;X
Product 4789;Food;2738,42;NaN;;26-04-2021;;S-29;X;X
Product 4790;;754;;4026,88;17-02-2019;;;X;X
Product 4791;Food;;NaN;3896;18-11-2019;France;;X;X
Product 4792;Snack;4217;NaN;3950,04;2018-05-08;France;;X;X
Product 4793;;818;;4,962.94;2024-03-25;France;;X;X
Product 4794;Drink;2,874.16;NaN;3,085.14;08-05-2020;;S-38;X;X
Product 4795;Drink;;82;273.86;2019-05-28;Germany;;X;X
Product 4796;Drink;3299;97;2547,76;08/06/2023;Germany;S-4;X;X
Product 4797;Food;4005,15;92;951;27/01/2024;France;;X;X
Product 4798;Drink;3832,07;NaN;1347,36;2022-07-08;France;;X;X
Product 4799;;;;4,134.44;12-11-2022;Portugal;;X;X
;;3870,55;NaN;2,205.11;;France;S-26;X;X
Product 4801;Snack;;NaN;546;2022/09/26;France;;X;X
Product 4802;;;33;3979,98;26-10-2020;Portugal;;X;X
Product 4803;Drink;1,167.51;;3973;2024/07/27;Germany;;X;X
Product 4804;;1686;72;2754,15;02/11/2024;France;;X;X
Product 4805;;2,502.21;51;;23-12-2018;France;S-28;X;X
Product 4806;Food;3620;NaN;;03/03/2020;Portugal;;X;X
Product 4807;;;;1,141.37;03/07/2019;Portugal;S-25;X;X
Product 4808;Snack;;NaN;3,210.72;30-04-2018;Germany;;X;X
Product 4809;;2025,76;NaN;;2019/12/21;Portugal;;X;X
Product 4810;Food;1736,58;;2,625.91;2024-03-17;;;X;X
Product 4811;Food;4082,79;83;4,535.99;14/03/2023;;;X;X
Product 4812;;908.72;NaN;;2023/02/13;Germany;;X;X
Product 4813;;4075;37;1053,32;2020/06/07;France;;X;X
Product 4814;Food;1555;;;2023/09/20;France;S-9;X;X
;Drink;411.31;NaN;892;25/04/2022;Germany;;X;X
Product 4816;;1235,67;NaN;;07-06-2019;France;;X;X
Product 4817;Food;;17;2,808.97;23/12/2020;Portugal;S-6;X;X
Product 4818;;;34;4,538.99;01/04/2021;Germany;S-17;X;X
Product 4819;Food;20.96;;;2018/08/02;;;X;X
Product 4820;Drink;2483,36;;2894;;Germany;;X;X
Product 4821;Snack;;99;;10/03/2018;;;X;X
Product 4822;;264,36;;;2021-03-18;Germany;;X;X
Product 4823;;1013,18;;;2024-07-17;Portugal;S-26;X;X
Product 4824;Snack;4,997.51;NaN;4233;2021-12-16;;;X;X
Product 4825;Snack;;44;1362;09/04/2024;Germany;;X;X
Product 4826;;2753,79;22;2933,02;2021/03/13;Germany;;X;X
Product 4827;Drink;400;NaN;2728,54;21/08/2018;;;X;X
Product 4828;;162,17;;211;25/01/2023;France;;X;X
Product 4829;Snack;;24;1,313.62;2022-03-08;Germany;S-27;X;X
;Food;4,066.46;;2,201.76;26/10/2024;France;;X;X
Product 4831;Drink;;;;22/04/2022;Portugal;;X;X
Product 4832;;;56;1142,77;05/11/2021;Germany;;X;X
Product 4833;;;NaN;4959,45;2022-10-11;France;;X;X
Product 4834;Food;227,94;49;2,627.14;2023/04/17;Germany;;X;X
Product 4835;Food;;68;1687;2018/12/09;;S-41;X;X
Product 4836;Drink;4,420.53;;877.08;2020-11-12;Portugal;;X;X
Product 4837;Drink;3802;NaN;82.50;13/11/2023;France;;X;X
Product 4838;;3418,71;NaN;;30-12-2019;Germany;;X;X
Product 4839;;3608;;4,637.45;2018-05-12;Portugal;;X;X
Product 4840;Snack;492;23;2423;;Portugal;S-13;X;X
Product 4841;;;NaN;791;2019-08-08;Germany;;X;X
Product 4842;Food;4107;;4,212.96;10-06-2020;;;X;X
Product 4843;Drink;4336,68;;2,435.76;27/12/2018;France;S-12;X;X
Product 4844;;3143,43;NaN;1206,92;04/10/2024;Germany;;X;X
;Drink;;NaN;3,505.31;03/05/2020;Germany;;X;X
Product 4846;;1703;NaN;;05-06-2020;Germany;;X;X
Product 4847;Food;2650,55;;1,918.54;2021/02/21;Portugal;S-34;X;X
Product 4848;Snack;113.17;NaN;;2021-09-06;France;S-3;X;X
Product 4849;Snack;;;2310;20/10/2019;Portugal;;X;X
Product 4850;Drink;2612,93;;;29-03-2023;Germany;;X;X
Product 4851;Food;;;;11-01-2018;France;;X;X
Product 4852;Food;2993,72;NaN;2330;29-12-2023;Portugal;;X;X
Product 4853;Food;;93;2036;2022-10-25;Germany;;X;X
Product 4854;;;NaN;943;05-01-2023;Germany;;X;X
Product 4855;Snack;528,92;NaN;4763;2021/04/05;France;;X;X
Product 4856;Food;2762,62;44;;2019-06-05;Germany;S-46;X;X
Product 4857;;;NaN;1432,19;2023-02-03;Portugal;;X;X
Product 4858;Drink;4,879.74;82;3,068.77;16-07-2023;Portugal;;X;X
Product 4859;;648.89;;;26/02/2019;Germany;;X;X
;;;;;;;;X;X
Product 4861;Food;;;469;27/02/2022;;S-19;X;X
Product 4862;Drink;3,874.47;NaN;;19/08/2020;Germany;S-32;X;X
Product 4863;Snack;2,425.82;NaN;3,943.18;27/12/2018;Portugal;;X;X
Product 4864;Drink;;NaN;;2024/02/20;Germany;;X;X
Product 4865;Drink;2798,29;;2,401.44;2019-04-24;Portugal;;X;X
Product 4866;Drink;4498,35;;1947,95;13-09-2023;Portugal;;X;X
Product 4867;Drink;910;;1628,19;2018/01/12;Germany;;X;X
Product 4868;Food;2735;NaN;4570,39;06/01/2021;Germany;;X;X
Product 4869;;;NaN;426,96;2020-03-28;;;X;X
Product 4870;Snack;4335,66;NaN;;19/02/2019;Germany;;X;X
Product 4871;Snack;73;;;25/03/2022;France;S-19;X;X
Product 4872;;3345;NaN;2702,14;18-12-2021;France;S-35;X;X
Product 4873;Snack;970.77;NaN;4,959.97;2021/01/13;Germany;;X;X
Product 4874;Drink;;11;3,662.24;08-06-2022;Portugal;;X;X
;Food;4,820.04;;2383;2023/07/18;Germany;;X;X
Product 4876;Drink;4851,39;NaN;;2022/05/02;;S-33;X;X
Product 4877;Drink;1953,52;NaN;3394,32;2021-11-02;Germany;;X;X
Product 4878;Food;;NaN;1,038.88;26-01-2022;;;X;X
Product 4879;Snack;;NaN;929,85;2021-07-07;Portugal;;X;X
Product 4880;Food;;9;3665,65;;;;X;X
Product 4881;;;NaN;3,122.46;2024/05/18;;S-36;X;X
Product 4882;;;NaN;3,124.93;2020/08/08;Portugal;S-50;X;X
Product 4883;;3411;57;804;2019/06/08;France;;X;X
Product 4884;Food;331,47;NaN;3242;07/02/2021;Portugal;;X;X
Product 4885;;1229;NaN;1325;2021-07-30;France;S-49;X;X
Product 4886;Drink;3,484.91;7;3632;2024/01/04;Germany;S-1;X;X
Product 4887;Drink;447,21;;;2018-09-15;;;X;X
Product 4888;;;59;;2022/01/16;Germany;S-41;X;X
Product 4889;;4,473.25;;;2024/05/28;France;;X;X
;;1941,98;;3,545.04;2023/01/19;Portugal;;X;X
Product 4891;;2401,71;;;2018/02/04;;;X;X
Product 4892;Food;1087;87;;2022/09/29;France;;X;X
Product 4893;Food;232;NaN;4610,94;2020/06/01;France;;X;X
Product 4894;Drink;4,463.94;;2278,02;2019/12/02;Germany;S-24;X;X
Product 4895;Snack;1,410.35;NaN;;15/05/2021;Germany;;X;X
Product 4896;Drink;3514,08;;;2019-09-10;France;S-44;X;X
Product 4897;Food;3,100.01;;2842;23/07/2020;Portugal;;X;X
Product 4898;Drink;2889;73;628,34;2022-09-22;Germany;;X;X
Product 4899;Drink;2709;;;28-11-2019;;;X;X
Product 4900;Food;2,516.95;NaN;;;France;;X;X
Product 4901;Snack;117;81;2,145.36;2021-03-31;France;;X;X
Product 4902;Food;;18;;14-08-2021;Portugal;;X;X
Product 4903;Drink;3003,44;NaN;427.01;30-08-2024;Germany;S-49;X;X
Product 4904;Food;4070;NaN;1,585.75;21-03-2024;;S-22;X;X
;Snack;4290,76;16;;20/03/2020;Germany;;X;X
Product 4906;Snack;736;4;;12/11/2021;Germany;S-14;X;X
Product 4907;Food;;;2818,61;2018-05-27;Germany;;X;X
Product 4908;Food;2381;NaN;883,94;30-10-2023;;;X;X
Product 4909;Food;;NaN;880,90;2022-06-05;Germany;S-36;X;X
Product 4910;;;NaN;;2018-12-15;Portugal;S-5;X;X
Product 4911;Drink;3,564.58;;1086,29;19-09-2024;France;;X;X
Product 4912;Drink;1155;;;09/11/2022;France;S-42;X;X
Product 4913;Snack;1163,36;;374.82;08/06/2018;;;X;X
Product 4914;Drink;467;;;24-10-2023;Germany;S-10;X;X
Product 4915;;85,38;;856;2022/10/06;;S-38;X;X
Product 4916;Snack;4402;;3779,71;2020/09/25;Portugal;;X;X
Product 4917;Food;;75;3,039.18;2024-03-26;Germany;;X;X
Product 4918;Food;1,297.88;NaN;1,584.61;2024/03/03;;;X;X
Product 4919;Snack;;;3984;2023-03-19;France;;X;X
;Snack;4277,61;NaN;;;Portugal;S-2;X;X
Product 4921;Snack;1,600.29;NaN;3,362.24;20/12/2022;France;S-43;X;X
Product 4922;;2759;NaN;4416;2018/11/26;France;;X;X
Product 4923;Food;3722,30;66;140,31;02-11-2023;Germany;;X;X
Product 4924;;684,08;NaN;4334;31/03/2024;France;S-37;X;X
Product 4925;Food;;NaN;4,428.74;2020/08/22;;;X;X
Product 4926;Snack;1647,58;NaN;291;2021-11-13;;S-11;X;X
Product 4927;;669;;1227,85;2021-11-13;;S-43;X;X
Product 4928;Drink;;;2812,56;30/04/2018;Germany;S-3;X;X
Product 4929;Food;2533;NaN;2704,27;30-10-2020;;;X;X
Product 4930;Snack;1,811.40;;;29-09-2022;;;X;X
Product 4931;Snack;1881,90;NaN;;2020-08-24;;S-6;X;X
Product 4932;;;NaN;;2023-09-05;France;;X;X
Product 4933;Drink;;NaN;;2020-11-30;Portugal;;X;X
Product 4934;Drink;94;;2565,36;2023-12-06;Germany;S-19;X;X
;Food;;NaN;963,74;08-12-2019;Germany;;X;X
Product 4936;Food;3791;85;2450;10-06-2019;Portugal;;X;X
Product 4937;Food;;;251.02;11-02-2021;;;X;X
Product 4938;;;67;;2018-02-27;Portugal;;X;X
Product 4939;Snack;706;;1,751.58;2018-11-25;Germany;;X;X
Product 4940;;323,29;;2434;;;S-31;X;X
Product 4941;Snack;136.58;NaN;2652;2018/12/31;;;X;X
Product 4942;Snack;;60;3683,89;18-11-2022;Germany;;X;X
Product 4943;Snack;;;;2020-08-22;Portugal;;X;X
Product 4944;Drink;;9;2473,33;2018-09-24;Portugal;;X;X
Product 4945;;2,657.79;84;2783;2023/09/19;;;X;X
Product 4946;;2405,77;33;341.42;2024/02/09;;S-19;X;X
Product 4947;;;98;14;28-10-2021;Germany;;X;X
Product 4948;Drink;1,590.25;42;;23/10/2024;Portugal;;X;X
Product 4949;Drink;2,650.38;;1751;04/10/2024;Germany;;X;X
;Snack;4443;NaN;455;2023-10-22;France;;X;X
Product 4951;Drink;4106;NaN;;2019/08/31;Portugal;S-20;X;X
Product 4952;Food;2516;;2697;2018-03-21;France;;X;X
Product 4953;Food;3,528.39;57;3,169.13;17-03-2021;Germany;S-24;X;X
Product 4954;Food;1,916.61;NaN;3470,05;21-07-2022;Portugal;;X;X
Product 4955;;2813;;4678,84;14-07-2024;France;S-47;X;X
Product 4956;Food;;;;2021/02/05;;S-26;X;X
Product 4957;Drink;;;1,817.89;2022-11-02;;;X;X
Product 4958;;;42;;2021-09-20;Portugal;S-43;X;X
Product 4959;;929;NaN;822;2018-04-22;;S-13;X;X
Product 4960;Food;;9;2362;;;;X;X
Product 4961;Snack;2083;NaN;236.57;2021/05/12;Germany;S-12;X;X
Product 4962;Snack;;NaN;1,681.63;21-11-2019;Germany;;X;X
Product 4963;Drink;;NaN;4472,04;24-02-2019;;;X;X
Product 4964;Food;3,415.96;;3,310.45;2020-04-10;Germany;;X;X
;Drink;2391,17;;4,793.85;25/01/2021;Portugal;;X;X
Product 4966;Snack;4,298.33;62;1864;2019-02-08;Portugal;;X;X
Product 4967;Snack;4,715.40;NaN;3387;17-02-2020;France;S-11;X;X
Product 4968;Food;;81;4646,33;2021-08-20;Germany;S-38;X;X
Product 4969;Snack;2,379.44;66;1236,37;29/04/2024;France;S-27;X;X
Product 4970;Snack;1,790.67;53;2264;2018-10-26;;;X;X
Product 4971;Snack;;NaN;2729;2022-08-10;Portugal;;X;X
Product 4972;Food;;77;;28/05/2023;Portugal;S-45;X;X
Product 4973;Food;;;;2021/10/28;;;X;X
Product 4974;Snack;4479,60;;;2023-06-28;France;S-47;X;X
Product 4975;Snack;;;;14-05-2023;Portugal;S-26;X;X
Product 4976;;2,956.61;;2600,81;15/12/2022;France;;X;X
Product 4977;Food;881;;4799;11-04-2019;Portugal;;X;X
Product 4978;Drink;3,900.86;61;;2022/04/15;France;;X;X
Product 4979;Drink;1298;96;1007,81;2018-08-30;Germany;;X;X
;Snack;3,941.03;59;2,003.31;;Germany;;X;X
Product 4981;Snack;;97;;12/05/2022;Portugal;;X;X
Product 4982;;3711;38;3107;2021/08/05;;;X;X
Product 4983;;;;65,12;2020/03/13;;;X;X
Product 4984;Food;2145;NaN;;2022/01/12;France;S-29;X;X
Product 4985;Drink;3882;85;3,601.27;06-02-2023;Germany;S-15;X;X
Product 4986;;959;95;3086,38;2019-07-25;;;X;X
Product 4987;Drink;2057,47;28;2497;18/08/2023;Germany;;X;X
Product 4988;;;45;2,664.04;21/07/2023;Germany;;X;X
Product 4989;Snack;2499;NaN;1999;2021/08/06;Portugal;;X;X
Product 4990;;1,721.31;NaN;3172;2022-10-24;Germany;S-48;X;X
Product 4991;;2181,67;;1518,53;24/05/2022;Germany;;X;X
Product 4992;Food;2933,48;NaN;3,394.15;2023/07/26;Portugal;;X;X
Product 4993;Snack;1206;NaN;2975;2018-03-13;;S-25;X;X
Product 4994;Snack;735.81;;1911,65;2021-06-06;;;X;X
;Food;;63;3326;08/07/2018;Germany;S-49;X;X
Product 4996;Drink;3,747.90;NaN;3737;2023-07-30;France;;X;X
Product 4997;Snack;2,277.21;;2802,02;05-09-2020;Germany;;X;X
Product 4998;Snack;901.31;72;4904;07-02-2021;Portugal;;X;X
Product 4999;Food;877.21;96;2,853.16;14-12-2021;France;;X;X
Product 5000;Drink;2410,73;;2688;;Portugal;S-20;X;X
Product 5001;Snack;;NaN;3565,60;2022-06-19;;S-23;X;X
Product 5002;Food;;89;3,545.39;2018/06/26;Portugal;;X;X
Product 5003;Snack;2129,63;NaN;4,187.03;28-07-2019;France;;X;X
Product 5004;;4843,56;;4877,75;10/12/2019;Portugal;S-36;X;X
Product 5005;Drink;2114,67;;;2023/08/06;;;X;X
Product 5006;;3,897.19;;;25/06/2021;France;;X;X
Product 5007;Drink;3083;NaN;946.92;2021/08/22;Germany;S-24;X;X
Product 5008;Food;570;10;4628,07;19-04-2023;France;;X;X
Product 5009;Snack;;;1750;2024-03-25;France;;X;X
;Snack;2,885.62;;1958,32;2019/05/03;France;;X;X
Product 5011;Food;161.91;NaN;2372;06-12-2019;Germany;S-23;X;X
Product 5012;Snack;;NaN;1144,30;14-02-2018;;S-3;X;X
Product 5013;;4776,77;NaN;2,434.66;30-04-2021;France;;X;X
Product 5014;Food;1,036.65;NaN;401.92;07/05/2024;Germany;;X;X
Product 5015;;935.90;31;2110,45;11/10/2021;Portugal;;X;X
Product 5016;Drink;3734,39;NaN;4400,36;25-05-2024;Germany;;X;X
Product 5017;Snack;478;51;2705;2024/03/10;France;;X;X
Product 5018;;;;1,633.02;2023-01-08;Portugal;;X;X
Product 5019;Snack;1343,19;NaN;4621,43;12-07-2022;France;S-45;X;X
Product 5020;Drink;302,75;;3777;;;;X;X
Product 5021;Snack;;NaN;;2021-08-15;;S-25;X;X
Product 5022;Drink;2322,77;98;519.94;2021/03/06;Germany;;X;X
Product 5023;Food;4607,96;;2109,18;2020/11/26;Portugal;S-34;X;X
Product 5024;Snack;2,000.31;NaN;;11/03/2018;;;X;X
;Food;2228,24;;1800;03/01/2020;Portugal;;X;X
Product 5026;Drink;4440,86;;2528;21/05/2019;Germany;;X;X
Product 5027;Food;4706;28;;2020-12-13;Germany;;X;X
Product 5028;;2,916.51;NaN;;11/11/2020;Germany;;X;X
Product 5029;Food;;51;4971,43;2023/06/25;Portugal;S-27;X;X
Product 5030;;917;50;;2019/06/10;;S-31;X;X
Product 5031;Drink;1,883.68;92;2574,84;2023-09-02;Portugal;S-19;X;X
Product 5032;Drink;;;3119;14-01-2022;France;S-35;X;X
Product 5033;Snack;799;87;;2021/08/05;Germany;;X;X
Product 5034;;;;1429;16/09/2021;Germany;;X;X
Product 5035;Snack;4894,44;;3,525.99;30/05/2023;;S-33;X;X
Product 5036;Snack;2699,66;;3956,12;23/02/2023;Germany;S-42;X;X
Product 5037;Drink;3707;NaN;;2018/04/06;Germany;;X;X
Product 5038;Food;1,300.55;83;4970;14-04-2019;;;X;X
Product 5039;Drink;4404;NaN;;11/09/2023;Portugal;S-41;X;X
;Drink;543.63;14;;;;;X;X
Product 5041;Food;3,690.80;NaN;;2024/10/31;France;;X;X
Product 5042;;636.10;;116,74;2019/11/19;Germany;S-20;X;X
Product 5043;;;98;2604;2019/05/04;Germany;;X;X
Product 5044;Food;900,91;NaN;3,688.14;2018/03/15;France;;X;X
Product 5045;Food;800,33;NaN;1560;2023-11-21;France;S-48;X;X
Product 5046;Snack;4,111.23;NaN;4309;16-02-2018;France;;X;X
Product 5047;Food;1740,31;81;3,763.94;23-03-2018;Portugal;;X;X
Product 5048;Food;;;;2023-07-10;Germany;S-14;X;X
Product 5049;Snack;;47;3530;23-11-2023;Germany;;X;X
Product 5050;;;NaN;411,50;22/06/2022;Portugal;S-7;X;X
Product 5051;Food;1975;NaN;3630;2021-01-02;Germany;;X;X
Product 5052;Food;;NaN;2,128.94;14/09/2023;Portugal;;X;X
Product 5053;Snack;4315;NaN;2363,92;10/04/2024;France;;X;X
Product 5054;Food;1,779.49;;4567;2020-06-02;France;;X;X
;Snack;2940;;;07/05/2018;;;X;X
Product 5056;Drink;3117;90;;05/04/2023;;S-16;X;X
Product 5057;Snack;116,97;;4438,73;2020/08/05;France;;X;X
Product 5058;Drink;;NaN;2699;20/09/2019;;;X;X
Product 5059;Drink;1506,76;NaN;628.92;22-07-2021;;;X;X
Product 5060;Snack;;92;132;;Portugal;S-12;X;X
Product 5061;Snack;;61;1,274.21;12/04/2018;Portugal;;X;X
Product 5062;Snack;4232,44;NaN;;28-06-2022;;;X;X
Product 5063;;848,23;NaN;3595;2019-10-09;Portugal;;X;X
Product 5064;Food;3325,54;NaN;;28/01/2024;;;X;X
Product 5065;Snack;2,825.22;NaN;;15-12-2021;Portugal;;X;X
Product 5066;Drink;2,975.11;;3,172.94;2018/11/05;Germany;S-47;X;X
Product 5067;Drink;930,85;NaN;4,310.40;28-01-2023;Portugal;;X;X
Product 5068;Snack;4520;71;2424;2020-08-09;France;;X;X
Product 5069;Food;4,410.58;62;3,472.62;2023/05/21;France;;X;X
;Food;3098;NaN;2,576.20;12-09-2020;France;;X;X
Product 5071;Food;1295,24;NaN;3,628.43;18-07-2020;;S-16;X;X
Product 5072;Drink;2,923.91;32;1133,68;17-01-2024;France;;X;X
Product 5073;Snack;4493;NaN;1,317.10;2024-09-01;Portugal;S-41;X;X
Product 5074;Snack;4,785.59;14;3254;22-06-2020;France;;X;X
Product 5075;Snack;1031,45;;4254;2019/04/23;Germany;S-13;X;X
Product 5076;Drink;4,787.02;NaN;4,655.24;09-09-2020;Portugal;S-6;X;X
Product 5077;Snack;1787,60;;2,508.50;04/01/2024;;S-42;X;X
Product 5078;Drink;769;;;17/10/2019;;S-37;X;X
Product 5079;Drink;4529;3;2148;30-04-2020;;;X;X
Product 5080;Food;1720,26;9;;;France;;X;X
Product 5081;Snack;567.61;NaN;3052,73;2024-07-17;;S-24;X;X
Product 5082;Snack;4946;;174,82;2024/07/29;;;X;X
Product 5083;;1642,80;;107,21;2022-12-13;Portugal;;X;X
Product 5084;Food;;;0,60;04/05/2023;France;;X;X
;Drink;2904;NaN;1,026.12;2018-02-12;Portugal;;X;X
Product 5086;Food;3,475.71;NaN;;2020-03-06;Germany;;X;X
Product 5087;;3,118.91;78;2046,74;16-02-2022;Portugal;;X;X
Product 5088;Food;963.74;;2332,47;2021/06/18;Germany;S-44;X;X
Product 5089;Food;1,472.72;NaN;;2018/11/30;Germany;;X;X
Product 5090;;1,970.57;NaN;3980;16-03-2024;France;;X;X
Product 5091;Food;2,960.48;48;3470,37;25-02-2024;Germany;;X;X
Product 5092;Food;36,21;NaN;1,957.40;08/06/2021;Portugal;;X;X
Product 5093;;1,734.10;;;16-02-2024;Portugal;S-17;X;X
Product 5094;;612;97;3890;23/07/2021;France;;X;X
Product 5095;Drink;3763,29;;17;2020-02-26;France;;X;X
Product 5096;;808,46;;4,669.13;16/02/2024;;;X;X
Product 5097;Snack;2221;NaN;1772,35;16/03/2018;France;;X;X
Product 5098;Snack;;77;770,65;2018/12/22;Portugal;;X;X
Product 5099;Snack;1,565.28;20;1,807.77;09/07/2023;Germany;S-11;X;X
;Drink;4756,89;;;;Germany;;X;X
Product 5101;Food;;47;1,638.48;2019-09-25;France;;X;X
Product 5102;;2007,44;NaN;4881,03;29/12/2023;Portugal;S-6;X;X
Product 5103;Drink;2405;NaN;;2022-08-09;France;;X;X
Product 5104;Food;2939;NaN;;27/03/2022;Germany;S-48;X;X
Product 5105;;800,27;;;05-08-2019;;S-45;X;X
Product 5106;Food;1919;25;836.10;2024/08/12;Portugal;S-8;X;X
Product 5107;;3,204.59;86;3,030.19;20/04/2023;;;X;X
Product 5108;Snack;4508;99;1063,01;2018-12-23;Germany;;X;X
Product 5109;;3110,67;NaN;547,02;05/03/2018;;;X;X
Product 5110;;2,929.78;NaN;;2018/08/29;Portugal;;X;X
Product 5111;Drink;1977,62;29;4413,54;2023-11-03;France;;X;X
Product 5112;Drink;3514,95;46;;2022-07-23;Germany;S-46;X;X
Product 5113;Drink;2,408.09;;3772;18/09/2018;Germany;;X;X
Product 5114;Snack;3,612.74;NaN;1542,54;20-10-2020;Germany;;X;X
;Snack;4720;64;2696;2019/12/08;France;S-11;X;X
Product 5116;;2,367.26;NaN;;2023-05-14;Portugal;;X;X
Product 5117;Drink;;;1326,65;2019/02/27;Portugal;;X;X
Product 5118;Snack;1259,37;NaN;2436;05-02-2024;Germany;S-36;X;X
Product 5119;Snack;4,486.50;;47.65;2023-04-20;Portugal;;X;X
Product 5120;;;63;475.81;;Germany;;X;X
Product 5121;;602.33;NaN;4,802.19;20-05-2024;Germany;;X;X
Product 5122;Food;132.25;;576;27/11/2021;Portugal;S-18;X;X
Product 5123;Food;3299;;4,268.84;08/11/2022;Germany;;X;X
Product 5124;;1,577.03;;;08/02/2018;Portugal;;X;X
Product 5125;Food;1,352.41;NaN;1886,58;23-07-2022;Portugal;S-29;X;X
Product 5126;Snack;831,08;;4185;2023-11-23;Germany;;X;X
Product 5127;;313.97;;357,54;16/04/2020;Portugal;;X;X
Product 5128;;4300;88;4,198.52;21/12/2022;;;X;X
Product 5129;Drink;49,67;67;2262,66;24-04-2024;Germany;;X;X
;Snack;1,354.53;14;;15-11-2022;Portugal;S-28;X;X
Product 5131;Snack;501,84;NaN;;2019-12-30;Germany;;X;X
Product 5132;Drink;1497,56;NaN;3,473.64;2024-06-22;France;S-44;X;X
Product 5133;Food;;88;4,594.09;12-04-2020;France;;X;X
Product 5134;;;NaN;;2021-02-28;Germany;;X;X
Product 5135;Food;3188;NaN;3,369.84;13/10/2019;Germany;;X;X
Product 5136;Snack;2,330.69;;4,766.46;2024-07-30;Portugal;;X;X
Product 5137;Food;1871;NaN;;2022/12/16;Portugal;S-9;X;X
Product 5138;Snack;4,299.85;;160;29-03-2022;;S-5;X;X
Product 5139;;4,853.74;97;;2020/05/24;France;;X;X
Product 5140;;3540;NaN;1077;;;S-18;X;X
Product 5141;;3141;NaN;1831;09/07/2018;France;;X;X
Product 5142;Drink;3502,06;NaN;3277,61;2019-06-18;Portugal;S-2;X;X
Product 5143;Drink;2953,50;;340,13;28-01-2021;France;S-28;X;X
Product 5144;Drink;;68;3288,56;2020-06-22;France;S-46;X;X
;;;14;1312;25/01/2019;Germany;;X;X
Product 5146;;;NaN;645.94;2020-12-14;;;X;X
Product 5147;Food;4,147.57;NaN;4425;2023/01/03;Germany;;X;X
Product 5148;Snack;4,808.21;;2,883.46;20/09/2023;;S-34;X;X
Product 5149;Drink;;;4718,80;2021-02-13;Germany;S-39;X;X
Product 5150;;1771;;;20/02/2024;Germany;;X;X
Product 5151;;4363,04;;;2020/06/05;Germany;;X;X
Product 5152;Snack;;NaN;290;14-09-2022;Portugal;;X;X
Product 5153;Drink;3582;;4853;2019-08-26;;;X;X
Product 5154;Drink;4800;NaN;3389,87;2023-04-26;France;;X;X
Product 5155;Food;286;;1,298.95;2024-08-06;Germany;;X;X
Product 5156;;3182;49;3853,01;2019/03/24;Germany;S-23;X;X
Product 5157;Food;3,676.20;NaN;22,62;05/06/2023;;;X;X
Product 5158;;4,147.71;;3,199.48;07/02/2021;Portugal;;X;X
Product 5159;Snack;4863;;;31/03/2023;France;;X;X
;Food;;32;;;France;;X;X
Product 5161;;674.88;;;2019-12-11;Germany;;X;X
Product 5162;Drink;89;;110;2023/10/15;Portugal;S-16;X;X
Product 5163;Snack;1,989.49;NaN;4712,20;2024-01-12;;;X;X
Product 5164;;3,292.31;;705,95;2018-04-16;Portugal;;X;X
Product 5165;Food;1,812.06;30;4022,46;2022-01-17;France;;X;X
Product 5166;Food;4311;NaN;;2023/03/15;;;X;X
Product 5167;;3685,57;19;;21-01-2024;;;X;X
Product 5168;Snack;;;1768,36;27/06/2019;France;;X;X
Product 5169;;843.87;NaN;202,21;21-03-2018;;;X;X
Product 5170;Food;863;NaN;;07-01-2024;Portugal;;X;X
Product 5171;Food;43,11;;1,568.58;23/05/2023;Portugal;;X;X
Product 5172;Drink;2666;1;1735;2022/08/07;Portugal;;X;X
Product 5173;Drink;;;;2020/09/04;France;;X;X
Product 5174;Food;840;38;4,063.78;2018/09/19;Portugal;;X;X
;Drink;;NaN;826,98;31/10/2019;Germany;S-24;X;X
Product 5176;Drink;943;64;4763;05/01/2022;Germany;S-25;X;X
Product 5177;;4404,06;;4034;10/09/2018;Portugal;;X;X
Product 5178;Snack;453.20;;;2024-05-30;;S-45;X;X
Product 5179;;3,964.59;22;442;15-10-2018;Portugal;;X;X
Product 5180;;4610,29;;;;;;X;X
Product 5181;Drink;1,437.37;;2,489.39;2022/06/29;France;;X;X
Product 5182;Drink;2970,11;82;;2019/03/09;Germany;S-37;X;X
Product 5183;Snack;;;3770,30;14-10-2018;Portugal;;X;X
Product 5184;Snack;;;2328,14;12-12-2020;Germany;;X;X
Product 5185;Snack;;NaN;4166;12/12/2022;Germany;S-14;X;X
Product 5186;;1992;NaN;;2020/09/21;Germany;S-38;X;X
Product 5187;Snack;4592;;708.60;06-05-2020;Portugal;;X;X
Product 5188;Food;4140,16;NaN;1,672.09;29-05-2022;Portugal;;X;X
Product 5189;Food;4814;;4734;02-03-2021;Portugal;S-5;X;X
;;2,151.54;NaN;413;2023/11/24;;;X;X
Product 5191;Drink;333;;3178,39;2022/11/02;Germany;;X;X
Product 5192;Snack;3235,08;;;01/02/2018;;S-1;X;X
Product 5193;Food;3585,88;49;116;2020/09/11;Germany;S-44;X;X
Product 5194;Snack;249,51;NaN;2605,29;2018/03/20;Germany;;X;X
Product 5195;Food;2,874.60;NaN;;2022-04-18;;;X;X
Product 5196;Food;1,853.68;NaN;;2019/02/23;Portugal;;X;X
Product 5197;Snack;2,693.72;NaN;4,376.48;05-07-2019;;;X;X
Product 5198;Food;672;72;1,809.72;2022/07/21;Germany;S-4;X;X
Product 5199;Snack;4181,77;;;04-06-2018;;;X;X
Product 5200;Food;434.22;NaN;4212;;Germany;;X;X
Product 5201;Drink;1911,61;;1,079.96;18/05/2018;Germany;S-44;X;X
Product 5202;;;;;01-06-2018;Germany;S-22;X;X
Product 5203;;4,825.45;NaN;3,812.98;2022/01/21;Portugal;;X;X
Product 5204;Snack;2307,02;NaN;4330;01/08/2022;Portugal;;X;X
;;1601;NaN;291.91;25/08/2022;Portugal;S-16;X;X
Product 5206;;;NaN;1,520.40;26/06/2019;Portugal;;X;X
Product 5207;;4154,77;;2,277.30;2024-08-06;;;X;X
Product 5208;;;NaN;4,476.90;2024/10/26;France;;X;X
Product 5209;Drink;;NaN;4284,20;09-10-2021;Germany;;X;X
Product 5210;Drink;1406;;;23/03/2022;Portugal;;X;X
Product 5211;;51;;;10/11/2020;Portugal;S-40;X;X
Product 5212;Drink;1,141.35;58;1817,35;11-10-2020;Germany;S-14;X;X
Product 5213;Drink;;32;1244,83;12/10/2018;France;S-27;X;X
Product 5214;;;NaN;3969;29-09-2020;Germany;S-33;X;X
Product 5215;Snack;3,295.17;;3698,22;2020-06-21;Germany;;X;X
Product 5216;;3,366.48;;2,707.17;2022-11-22;France;;X;X
Product 5217;Drink;4,915.19;NaN;;22/10/2024;Portugal;S-27;X;X
Product 5218;Snack;3932,50;50;525,61;28-12-2022;Germany;;X;X
Product 5219;Drink;62;56;4070,36;10-09-2018;;;X;X
;Drink;1415,57;;3460,71;;France;;X;X
Product 5221;Food;4824;;1381;04-05-2019;Portugal;;X;X
Product 5222;Food;686.08;;1081,90;2023-12-31;Portugal;;X;X
Product 5223;Food;;;1817,84;26-11-2018;Portugal;;X;X
Product 5224;Drink;1744;;2919,56;28-09-2018;;;X;X
Product 5225;;581.52;;4,088.10;25/04/2022;Portugal;;X;X
Product 5226;;;82;4099,74;2020-12-29;;;X;X
Product 5227;Drink;;11;;2018/08/13;Portugal;;X;X
Product 5228;Food;;NaN;3484,38;27-10-2021;France;;X;X
Product 5229;Drink;4755,11;NaN;;20/06/2023;Portugal;;X;X
Product 5230;;2,109.95;;;17/12/2020;France;;X;X
Product 5231;;3950;;;2023/01/20;Portugal;S-33;X;X
Product 5232;;900,30;NaN;1867;2019-06-24;Portugal;S-43;X;X
Product 5233;Drink;;NaN;777;2022/12/19;France;;X;X
Product 5234;;;NaN;;01-01-2020;France;;X;X
;;1638;;2199;01-05-2019;France;;X;X
Product 5236;;;;2337;17/09/2018;;;X;X
Product 5237;;98,86;NaN;3465;2022/12/04;Portugal;S-39;X;X
Product 5238;Snack;;NaN;1,558.59;2022/06/26;Portugal;;X;X
Product 5239;Drink;3,098.61;29;;31-03-2024;Portugal;;X;X
Product 5240;Drink;862.18;94;2468,49;;Portugal;;X;X
Product 5241;;205.88;77;432.16;2022-12-13;Germany;;X;X
Product 5242;Food;1,435.16;82;732;15/12/2020;France;;X;X
Product 5243;;2226;;;2022/08/19;;;X;X
Product 5244;Drink;3857,48;76;4123;21/12/2023;;;X;X
Product 5245;Snack;3,842.91;;3,048.93;2022-03-17;France;S-9;X;X
Product 5246;;1095;NaN;4,290.54;2023/03/04;Germany;;X;X
Product 5247;Snack;2142;;;2024-09-15;;;X;X
Product 5248;Food;;;290;13-08-2023;;;X;X
Product 5249;Food;;NaN;873,45;2018-02-23;Portugal;;X;X
;;2851,36;;;2019/09/30;Germany;;X;X
Product 5251;Snack;827;;378;18/03/2019;Germany;;X;X
Product 5252;Food;3863;NaN;908,14;2024-04-04;Germany;S-20;X;X
Product 5253;;;NaN;3,655.84;2022-06-04;;;X;X
Product 5254;Food;4,210.33;;;2019/11/16;France;;X;X
Product 5255;Drink;2090,11;39;;20/10/2020;Portugal;;X;X
Product 5256;Snack;;;3114,11;2020/12/09;Portugal;S-50;X;X
Product 5257;;;NaN;884,09;2018-10-10;;;X;X
Product 5258;Food;3669;;1,449.48;05/01/2018;Portugal;;X;X
Product 5259;Food;316,10;14;2,586.68;2019-12-17;Germany;;X;X
Product 5260;Drink;4896,26;NaN;1,875.08;;Portugal;S-49;X;X
Product 5261;;2,978.10;30;;29/10/2018;France;;X;X
Product 5262;Food;2504;;1689;24/04/2024;;S-8;X;X
Product 5263;Snack;3129;44;;20-10-2018;Germany;S-43;X;X
Product 5264;Food;2408;;1000;12/04/2018;France;;X;X
;Snack;;NaN;;02/09/2019;Germany;S-35;X;X
Product 5266;Food;3,630.57;NaN;3,250.89;2023-02-22;;;X;X
Product 5267;;1606,44;;;11-09-2024;;S-45;X;X
Product 5268;;4176,15;NaN;1601;15-12-2019;France;;X;X
Product 5269;;2,907.76;70;;29/09/2020;France;;X;X
Product 5270;Snack;2384,78;;;01/09/2019;Germany;S-32;X;X
Product 5271;;;NaN;4956;2020-06-27;Germany;S-11;X;X
Product 5272;Snack;;NaN;;19/02/2018;;;X;X
Product 5273;Snack;;91;4282,19;14/04/2020;;;X;X
Product 5274;Snack;3685;;;2024/02/02;Germany;;X;X
Product 5275;Drink;1110;NaN;1095,46;2019-10-30;France;;X;X
Product 5276;Food;;NaN;;2019/08/03;France;S-4;X;X
Product 5277;Snack;;NaN;3766;2018-02-04;;;X;X
Product 5278;Snack;;NaN;4997,33;14/05/2022;;S-9;X;X
Product 5279;Food;4216;NaN;4598;2019/06/19;France;;X;X
;;4392;NaN;3,187.74;;Germany;;X;X
Product 5281;Drink;;NaN;4,722.12;20-01-2019;;S-47;X;X
Product 5282;Food;;61;;27-05-2021;Germany;S-45;X;X
Product 5283;Snack;;;2049,01;2018-06-29;Portugal;;X;X
Product 5284;Food;2767,26;32;2299,93;2022/07/01;Germany;S-10;X;X
Product 5285;Snack;1838;;1584,22;21/08/2024;;S-36;X;X
Product 5286;;4411,34;59;495;23-10-2020;France;;X;X
Product 5287;Food;2597,34;NaN;4738;2022-11-15;;S-38;X;X
Product 5288;Drink;4,691.91;NaN;1819,07;2019-11-26;;S-20;X;X
Product 5289;Food;2,264.06;;216;18-12-2019;Portugal;;X;X
Product 5290;Snack;2884,32;;4032,99;2022-07-01;France;;X;X
Product 5291;Snack;55;NaN;;2021/01/03;Germany;;X;X
Product 5292;Drink;;NaN;;11/07/2018;Germany;S-44;X;X
Product 5293;Snack;;;4427,85;09/03/2018;France;;X;X
Product 5294;Snack;102.17;;1861,14;08/11/2022;Portugal;S-42;X;X
;Snack;;43;320,67;16/02/2023;Portugal;;X;X
Product 5296;Food;166,33;97;;05/07/2023;France;;X;X
Product 5297;Food;1,139.47;NaN;;19/09/2021;Germany;;X;X
Product 5298;Drink;;;4519,37;20/06/2024;;;X;X
Product 5299;Drink;2,960.70;NaN;;2023/06/30;Portugal;;X;X
Product 5300;;;;2535,06;;Germany;;X;X
Product 5301;Snack;;91;;19/07/2021;Portugal;S-31;X;X
Product 5302;Drink;3329,36;;843;2022/12/24;France;S-26;X;X
Product 5303;Snack;;NaN;;2018-08-03;France;;X;X
Product 5304;Drink;3504,22;NaN;242,82;03-02-2020;Germany;;X;X
Product 5305;;2,739.97;NaN;;2024/01/31;Portugal;;X;X
Product 5306;Drink;915.18;11;;2018/05/28;Germany;S-49;X;X
Product 5307;Food;;NaN;2087,31;2022/09/02;Germany;;X;X
Product 5308;Snack;4556;NaN;1,716.48;23/03/2020;Germany;S-10;X;X
Product 5309;Food;3880,51;NaN;1,668.49;08-02-2018;Portugal;;X;X
;Drink;;;4,271.85;20/09/2021;Portugal;S-6;X;X
Product 5311;Drink;;46;3672,21;27/04/2019;Portugal;S-49;X;X
Product 5312;;1645;NaN;3023;15/12/2020;Germany;;X;X
Product 5313;;3381,26;;3551,58;19/12/2023;Germany;S-22;X;X
Product 5314;;1,936.05;;2909,86;2023-01-15;;;X;X
Product 5315;Drink;2,863.21;31;3,462.20;2022/05/19;;S-4;X;X
Product 5316;;1,523.40;NaN;865,57;2021/05/31;France;S-13;X;X
Product 5317;Drink;;NaN;;23/01/2023;;;X;X
Product 5318;Drink;4937,06;NaN;3,908.39;2020/12/15;Germany;S-23;X;X
Product 5319;Snack;3709;;;2021-01-21;Portugal;;X;X
Product 5320;Food;3994;64;1,827.26;;Germany;S-39;X;X
Product 5321;Snack;4240;;602.14;08/06/2020;;;X;X
Product 5322;Food;2,855.01;;1200,47;13-08-2020;;S-19;X;X
Product 5323;Food;;NaN;4,034.56;2022-04-11;;S-28;X;X
Product 5324;Drink;;NaN;4302,99;04/09/2022;France;S-17;X;X
;;3824,97;57;1623;15/02/2022;France;;X;X
Product 5326;;;NaN;4,775.75;2020-07-03;Portugal;;X;X
Product 5327;;;NaN;4969,90;2024-03-11;;;X;X
Product 5328;Snack;;NaN;2214,29;12-09-2024;France;;X;X
Product 5329;;1029,66;NaN;3685;09/06/2020;France;S-16;X;X
Product 5330;Drink;;NaN;;2020/12/08;France;;X;X
Product 5331;;3815,03;NaN;1047,66;26/09/2021;;;X;X
Product 5332;;2,372.83;NaN;;2018/03/03;Germany;;X;X
Product 5333;;3833,69;39;;27/12/2021;;;X;X
Product 5334;Snack;3,364.52;;4357,74;21/02/2021;France;S-45;X;X
Product 5335;Drink;2,452.69;;;2018/09/01;Germany;S-11;X;X
Product 5336;;2093;98;2,672.69;13-11-2019;Germany;;X;X
Product 5337;Food;4,828.88;NaN;1749;08/07/2023;Germany;S-37;X;X
Product 5338;Snack;3,863.08;;1504;2023-10-25;France;;X;X
Product 5339;;;NaN;1,808.12;24-01-2023;Portugal;S-38;X;X
;;3687,69;;546,24;;;S-25;X;X
Product 5341;Snack;2669;NaN;1111,73;11/04/2019;;;X;X
Product 5342;Food;3,053.73;62;743;09-05-2019;Germany;S-30;X;X
Product 5343;Food;2026;NaN;4510,40;21/04/2022;Germany;S-19;X;X
Product 5344;Snack;788.68;NaN;;2024/11/02;France;S-34;X;X
Product 5345;;3,589.82;48;965,46;2021-04-04;Portugal;S-27;X;X
Product 5346;Snack;4862,38;;1179,82;10/04/2018;Germany;S-38;X;X
Product 5347;Snack;3,372.86;NaN;4662;2019-07-18;Germany;;X;X
Product 5348;Snack;4788;;;12-10-2019;Portugal;S-11;X;X
Product 5349;Snack;3435,44;11;;11-02-2023;Germany;S-35;X;X
Product 5350;Food;564;;;2024/07/24;;;X;X
Product 5351;Snack;;;;25/02/2019;Germany;;X;X
Product 5352;;;58;3459;2023-05-09;;S-26;X;X
Product 5353;;2994,07;9;959,35;09-07-2021;;S-6;X;X
Product 5354;Drink;;69;947;28/04/2018;Germany;;X;X
;Drink;949;;4,388.42;02/06/2023;Germany;;X;X
Product 5356;Snack;1,292.32;71;3768;26/03/2018;Portugal;;X;X
Product 5357;Drink;4792;;2764,05;29/10/2023;Germany;S-21;X;X
Product 5358;Snack;1160;4;3,893.51;2018-08-29;Portugal;;X;X
Product 5359;Food;3,293.44;NaN;;2018-02-04;;;X;X
Product 5360;Food;4,058.62;43;3822;;Germany;;X;X
Product 5361;Food;3914,05;NaN;3647;2020-06-11;Germany;S-1;X;X
Product 5362;Food;2329,54;72;3332;2019-01-01;France;;X;X
Product 5363;;2071,43;;1646;2018-09-08;France;;X;X
Product 5364;Food;;NaN;270.86;27/07/2018;;S-39;X;X
Product 5365;Food;4769;;;09/04/2024;;;X;X
Product 5366;;3316,62;11;4897,18;2019-04-06;France;S-6;X;X
Product 5367;Snack;1718,70;61;648,14;19-03-2020;Germany;;X;X
Product 5368;Drink;514;62;;2023-09-27;France;S-14;X;X
Product 5369;Snack;4,412.42;;4,371.13;2021-10-01;;S-1;X;X
;Snack;4506,26;89;;2021-04-04;Portugal;;X;X
Product 5371;Drink;1,642.84;73;2953;22/03/2023;;;X;X
Product 5372;Food;4697,41;;1272;2022/10/09;Germany;;X;X
Product 5373;Food;572,19;68;1754,40;2021-03-15;Germany;;X;X
Product 5374;Food;4,684.58;;3560,81;18-11-2018;Germany;;X;X
Product 5375;Food;2061;;;2019/12/23;France;;X;X
Product 5376;Drink;212,66;NaN;1,485.66;2019/07/26;Germany;;X;X
Product 5377;Food;1017,94;;326,69;2022/02/10;;;X;X
Product 5378;Food;2587,91;NaN;4,253.67;28-06-2020;;S-7;X;X
Product 5379;Food;;;74.39;22-07-2018;France;;X;X
Product 5380;Drink;751.11;57;3618;;Germany;;X;X
Product 5381;;;NaN;;2024-07-08;;S-20;X;X
Product 5382;Drink;2751;;514;2021/07/23;Germany;;X;X
Product 5383;Food;4164;NaN;;13/10/2019;;;X;X
Product 5384;Drink;3761,33;53;4376;2018/07/30;Portugal;;X;X
;Snack;3302,57;;4,987.69;27/02/2024;Portugal;;X;X
Product 5386;Snack;2288;;;21/07/2019;France;S-49;X;X
Product 5387;;4,757.05;NaN;4917;2023-04-08;Germany;;X;X
Product 5388;Food;;;1053;16-03-2022;Germany;;X;X
Product 5389;;3156,73;NaN;;2021/09/11;Portugal;;X;X
Product 5390;Snack;376,31;;627;08-11-2020;France;S-38;X;X
Product 5391;;2114,91;38;;28/05/2020;Portugal;;X;X
Product 5392;Snack;;;2,601.00;23/12/2020;France;;X;X
Product 5393;Snack;4,292.90;NaN;829;08-04-2021;Portugal;;X;X
Product 5394;Drink;;;4,243.53;2022-07-17;France;S-19;X;X
Product 5395;Food;1959,57;NaN;1,683.23;02-07-2021;Portugal;;X;X
Product 5396;Snack;2,787.35;;4,785.58;2020/01/13;France;;X;X
Product 5397;Food;4,203.36;;;2023/09/23;;;X;X
Product 5398;;;6;;22/09/2019;France;S-45;X;X
Product 5399;;284.09;NaN;3198,49;2018-04-08;Portugal;;X;X
;Snack;;NaN;962;;Germany;;X;X
Product 5401;Food;973;NaN;2460,76;2018-03-01;;;X;X
Product 5402;Snack;1,403.06;NaN;;10/04/2021;France;;X;X
Product 5403;Snack;;71;4434;2019-02-06;Germany;;X;X
Product 5404;Drink;3,151.07;NaN;;04-10-2018;Portugal;;X;X
Product 5405;;3209;;;06-09-2018;Germany;S-22;X;X
Product 5406;Food;;NaN;3,641.39;16-04-2018;;;X;X
Product 5407;;4499,95;58;813,27;2023-02-24;Germany;S-46;X;X
Product 5408;Drink;893;;4,246.42;08/11/2020;France;;X;X
Product 5409;;4,052.53;NaN;4894,41;15/02/2018;Portugal;;X;X
Product 5410;Drink;1491;;167;2021-01-23;Germany;;X;X
Product 5411;;1074,75;NaN;61.05;2020/06/01;;;X;X
Product 5412;Food;2,927.83;20;1073;2018-05-09;Germany;;X;X
Product 5413;Drink;;68;664,30;2022/02/28;France;;X;X
Product 5414;;1821,16;;;18/12/2019;Portugal;S-10;X;X
;Drink;913;15;3202;2020/06/22;Portugal;;X;X
Product 5416;Food;;37;1,864.68;2023/08/10;;S-46;X;X
Product 5417;;4114,59;48;1794,56;2018/11/03;;;X;X
Product 5418;Snack;;NaN;3,969.18;2019-05-11;Germany;;X;X
Product 5419;Food;;;;2020/08/19;;;X;X
Product 5420;Food;3;75;1,199.42;;;;X;X
Product 5421;Food;1211;;;2019-12-26;;S-40;X;X
Product 5422;Food;664;49;2,829.17;2022-01-23;France;;X;X
Product 5423;Snack;210;NaN;2035;18-02-2021;;;X;X
Product 5424;;;;2538;2020-09-14;;S-13;X;X
Product 5425;Food;1279,21;NaN;;27/08/2021;Portugal;;X;X
Product 5426;;;15;2710;2023-03-17;;;X;X
Product 5427;Drink;3948;NaN;4260,07;2021/11/16;;;X;X
Product 5428;Food;3,398.35;NaN;4198;19/07/2023;Portugal;;X;X
Product 5429;Food;4368;;1468;11-03-2024;;;X;X
;;4,202.00;12;3,628.76;2022/05/04;Germany;;X;X
Product 5431;Snack;;;;2019-02-12;France;S-29;X;X
Product 5432;Drink;4,990.39;NaN;2,490.00;02/10/2022;Portugal;S-45;X;X
Product 5433;Snack;2588;;2458;24/03/2024;France;;X;X
Product 5434;;;NaN;2,907.71;2022-05-08;France;;X;X
Product 5435;Food;2,055.57;46;2708,12;25-03-2020;France;;X;X
Product 5436;;4,803.65;6;;2019/08/07;Germany;S-50;X;X
Product 5437;;;;;2020/08/16;Germany;;X;X
Product 5438;;;;2,000.27;2019-05-01;France;;X;X
Product 5439;;;NaN;4,067.64;13/03/2023;France;;X;X
Product 5440;Food;1418,52;NaN;3964,75;;Germany;S-49;X;X
Product 5441;Drink;646;18;3016,10;2024/06/08;Portugal;;X;X
Product 5442;Food;;;1695,84;02/05/2024;;;X;X
Product 5443;;4,838.95;;1,895.61;2019/09/15;Germany;;X;X
Product 5444;;674,44;NaN;;2021/06/05;;;X;X
;Food;4,756.58;88;2281;2018/04/26;Germany;;X;X
Product 5446;Snack;;;3386;2021/08/03;;;X;X
Product 5447;Snack;;NaN;3334,35;30/04/2022;Germany;;X;X
Product 5448;Snack;2,818.38;NaN;353;2019-07-28;Portugal;;X;X
Product 5449;;;;;18/03/2024;Portugal;;X;X
Product 5450;Food;;NaN;1856;2022-12-22;Portugal;S-49;X;X
Product 5451;Food;;NaN;;10-02-2018;;;X;X
Product 5452;Snack;884;NaN;1,766.83;24-07-2019;;;X;X
Product 5453;Snack;1,884.78;65;;17-03-2024;Portugal;;X;X
Product 5454;Food;2,939.94;87;2412;2019-01-24;France;S-47;X;X
Product 5455;;;;4880,58;2024/04/05;Portugal;;X;X
Product 5456;Snack;;NaN;2,290.12;02-05-2021;Portugal;S-14;X;X
Product 5457;Drink;;;1,742.14;2022-09-12;Portugal;S-11;X;X
Product 5458;Drink;;;2567;24-06-2023;France;;X;X
Product 5459;Food;3054;18;;28-09-2024;Germany;S-49;X;X
;;;;821.33;;;;X;X
Product 5461;Drink;61,79;NaN;1105;07-10-2019;Portugal;S-7;X;X
Product 5462;Snack;1,235.30;96;2109;2023/08/04;Germany;S-10;X;X
Product 5463;;244;63;542.97;12/06/2020;Germany;S-17;X;X
Product 5464;Food;4,476.06;NaN;774.31;2020/03/22;France;;X;X
Product 5465;Snack;478.23;29;4229;2019/09/29;France;;X;X
Product 5466;;3,015.61;45;2434,69;2024-03-27;;;X;X
Product 5467;Food;4880,24;;;10-06-2021;Portugal;S-15;X;X
Product 5468;;773.79;NaN;2237;2019/10/25;Portugal;;X;X
Product 5469;Drink;2012,25;;;2019/11/14;;;X;X
Product 5470;Drink;22,10;NaN;418;2021-08-10;;;X;X
Product 5471;Food;1447,96;NaN;2,822.82;2020-10-10;;S-25;X;X
Product 5472;Drink;;NaN;1150;02/09/2021;Germany;;X;X
Product 5473;Food;4,649.73;;1291;2024/10/10;;;X;X
Product 5474;Drink;4200,38;90;;2020-05-31;;;X;X
;;4782;NaN;2,907.25;2020-03-07;France;;X;X
Product 5476;;3,705.96;5;2,546.25;2020/05/18;Portugal;;X;X
Product 5477;Food;4264;94;1,858.13;2019-06-16;France;;X;X
Product 5478;Snack;3655,45;;4238,55;2021/05/24;France;;X;X
Product 5479;;1088,64;NaN;4,037.19;2023/06/05;Germany;;X;X
Product 5480;;;NaN;4,628.73;;Portugal;;X;X
Product 5481;Food;;;3,767.70;08-11-2018;Portugal;S-48;X;X
Product 5482;Food;;NaN;3,065.62;31/12/2020;;S-4;X;X
Product 5483;Snack;;NaN;420,23;18/09/2018;Portugal;;X;X
Product 5484;Food;1,485.61;;;09/08/2022;France;;X;X
Product 5485;Snack;1484,26;NaN;2238;18-11-2018;;;X;X
Product 5486;Food;1,647.53;;4428;2020-10-05;France;;X;X
Product 5487;;278.06;;;2021/05/07;France;;X;X
Product 5488;Food;1,167.66;NaN;;25/01/2023;Germany;S-8;X;X
Product 5489;Drink;;;;2022/10/17;Germany;S-34;X;X
;;;NaN;997,04;20/05/2021;;S-7;X;X
Product 5491;Drink;3043,16;57;2287,56;18-08-2021;France;;X;X
Product 5492;Drink;3111;NaN;;2022-05-28;France;;X;X
Product 5493;Food;;;3085;2019/04/26;;;X;X
Product 5494;Food;625,51;27;4,185.65;2022-07-01;;S-11;X;X
Product 5495;Drink;3245;64;;10-05-2019;Portugal;;X;X
Product 5496;;2,011.49;NaN;4710,34;2018-01-03;;;X;X
Product 5497;Food;4396,73;;;17-03-2018;;S-47;X;X
Product 5498;;2369;NaN;3432,61;2021/05/04;Germany;S-33;X;X
Product 5499;Food;1230,02;72;;2019/10/16;Portugal;S-24;X;X
Product 5500;Drink;;29;1340,66;;France;S-17;X;X
Product 5501;Drink;;NaN;1753;31-05-2021;Germany;S-14;X;X
Product 5502;Food;;;386,22;2019/04/28;France;S-47;X;X
Product 5503;Drink;764;NaN;2914;2018/06/20;Portugal;;X;X
Product 5504;Food;4247,87;NaN;3588;2021-08-30;France;;X;X
;Snack;1548;NaN;3283,18;2019-01-14;Portugal;;X;X
Product 5506;Food;2453,76;;;2024-01-12;;;X;X
Product 5507;;3554;7;;2020-03-08;Portugal;S-37;X;X
Product 5508;Drink;1127,69;;399.49;2022-07-02;Germany;;X;X
Product 5509;Food;;;;2021/11/21;Germany;S-34;X;X
Product 5510;Food;3302;;1551;2023-05-14;France;;X;X
Product 5511;Food;4252,10;;1,789.37;2018/09/06;France;;X;X
Product 5512;;;57;4173;12-03-2023;;;X;X
Product 5513;Drink;2,450.96;15;4,260.91;06/09/2018;;S-28;X;X
Product 5514;Food;3211,82;45;3248,75;2023-03-06;Germany;;X;X
Product 5515;Drink;2481;54;2797,94;2020-04-22;France;S-32;X;X
Product 5516;;;;3716;2018/12/28;France;;X;X
Product 5517;Snack;430.80;NaN;2264;02-07-2019;France;S-43;X;X
Product 5518;;4,829.99;;1118,90;2018-11-12;Germany;S-14;X;X
Product 5519;Snack;3475,05;51;2782,83;08/09/2018;;;X;X
;Food;;99;185;;Germany;S-11;X;X
Product 5521;Drink;;NaN;3,229.91;12-09-2022;Germany;;X;X
Product 5522;Snack;201;;1276,09;2022-11-01;Portugal;;X;X
Product 5523;Drink;3658;NaN;4170,65;14/11/2022;Germany;;X;X
Product 5524;Food;4258;;4,444.75;15-09-2019;Portugal;;X;X
Product 5525;Drink;;;2710;2023-11-16;France;;X;X
Product 5526;Snack;1433,06;47;;2021/12/10;;;X;X
Product 5527;Food;;72;;10-10-2021;Germany;;X;X
Product 5528;Food;;NaN;3,873.34;09-09-2018;Germany;S-49;X;X
Product 5529;Snack;;NaN;501;2024/06/01;Portugal;;X;X
Product 5530;Drink;4,330.01;;262,93;2021-08-20;Portugal;;X;X
Product 5531;;1576,07;;;15/09/2021;;S-22;X;X
Product 5532;Drink;4615,02;NaN;2187,27;26/12/2020;;S-24;X;X
Product 5533;Snack;;29;1,342.77;2023/04/26;Germany;;X;X
Product 5534;Drink;2067,69;;3686;2018-08-30;Germany;S-24;X;X
;;3886,96;;;21-02-2019;France;;X;X
Product 5536;Drink;3932,14;;2,993.86;2019/03/03;Germany;;X;X
Product 5537;Food;4887;;1610,99;18-03-2020;;;X;X
Product 5538;Drink;449.14;;;2020/11/15;France;S-46;X;X
Product 5539;Food;4,805.07;;1,354.30;2020-06-25;Germany;S-36;X;X
Product 5540;;4319;;1111;;Portugal;S-38;X;X
Product 5541;Drink;392;58;2842;11/04/2022;Germany;;X;X
Product 5542;Food;1917;;;2020-06-24;Portugal;;X;X
Product 5543;;185,20;;1992,02;17/04/2018;Portugal;S-7;X;X
Product 5544;Food;2791;34;;2018-01-27;Portugal;;X;X
Product 5545;Food;2544;48;1412;2021/06/15;Portugal;;X;X
Product 5546;Food;1731,58;;379.32;2019-11-30;;;X;X
Product 5547;Drink;3644,60;;402.39;28/11/2023;Portugal;S-32;X;X
Product 5548;Food;;NaN;;2020/04/10;France;;X;X
Product 5549;Snack;;NaN;174.66;14-01-2018;Portugal;;X;X
;;3,345.38;82;3786,02;02/10/2023;France;;X;X
Product 5551;;3011,39;;3,530.26;2018-10-01;Germany;S-18;X;X
Product 5552;Drink;4609,13;NaN;2,319.25;31-03-2021;Germany;;X;X
Product 5553;Drink;;NaN;;22-03-2020;Germany;;X;X
Product 5554;Drink;13;;1,351.81;23-07-2023;France;;X;X
Product 5555;Snack;56.54;NaN;1907,77;2024/01/29;Germany;S-39;X;X
Product 5556;;4461,30;NaN;;2020/12/22;Portugal;;X;X
Product 5557;;3584;15;288;27/09/2018;Germany;;X;X
Product 5558;Drink;4463,94;;;2019-04-06;France;S-12;X;X
Product 5559;Drink;2697,88;72;808;2023-06-02;Germany;;X;X
Product 5560;Food;4,972.31;NaN;2487;;Germany;;X;X
Product 5561;Drink;3,021.03;;;15/04/2022;France;S-40;X;X
Product 5562;;891,06;55;4819,50;2019-08-14;;S-48;X;X
Product 5563;Food;;NaN;2843;2023/08/09;France;;X;X
Product 5564;Snack;1,968.28;NaN;2059;02-06-2019;Portugal;;X;X
;Snack;3835,90;;1876;16/01/2018;Germany;;X;X
Product 5566;;1192;NaN;2572;2019-09-11;;;X;X
Product 5567;Food;;;2024,64;29/01/2018;Portugal;S-6;X;X
Product 5568;Drink;3422;95;;2024-05-26;Germany;S-45;X;X
Product 5569;Drink;3141,71;40;;2019-10-16;Portugal;S-22;X;X
Product 5570;Food;3300,36;NaN;;2021/10/01;Portugal;;X;X
Product 5571;Food;757;54;2633;2019/07/13;Germany;;X;X
Product 5572;Snack;787;;1,154.08;2024/10/28;Germany;;X;X
Product 5573;Drink;;NaN;;17/09/2019;;;X;X
Product 5574;;;87;3,831.09;2024-07-24;Germany;;X;X
Product 5575;Drink;3,546.47;;3065,79;28/03/2019;France;S-43;X;X
Product 5576;Snack;4,334.76;;;2019-04-17;Germany;;X;X
Product 5577;Food;;1;4,660.75;05-10-2021;France;;X;X
Product 5578;Drink;660,76;NaN;629,44;2018-02-24;France;S-8;X;X
Product 5579;Food;;16;;2020/02/03;Portugal;;X;X
;Drink;1499,91;46;4921;;;;X;X
Product 5581;;2515,69;37;3606;23/02/2021;;S-41;X;X
Product 5582;;;;4,921.33;19-03-2020;;;X;X
Product 5583;Drink;;;4,325.10;30/01/2018;;;X;X
Product 5584;Drink;4962,00;NaN;2247,10;30-07-2021;Portugal;;X;X
Product 5585;Food;2982,90;26;;30/06/2023;Germany;;X;X
Product 5586;Food;4895,24;NaN;397,79;05/01/2020;Germany;;X;X
Product 5587;Snack;2997,43;20;2749;2024-09-09;France;;X;X
Product 5588;Snack;2704;NaN;2690,77;2023-01-24;France;S-17;X;X
Product 5589;Drink;4328,26;33;;04/11/2019;;;X;X
Product 5590;;459.38;;3,914.60;2020-02-04;France;;X;X
Product 5591;Snack;;45;;2024/09/15;France;;X;X
Product 5592;Snack;501;NaN;1689;2021/09/15;France;;X;X
Product 5593;;2685;;;08/01/2018;France;;X;X
Product 5594;Food;2804;35;;19/02/2021;Portugal;S-48;X;X
;Food;;;3,746.03;24-03-2022;Germany;;X;X
Product 5596;Food;1204,84;99;1953,73;2024-06-04;Portugal;;X;X
Product 5597;Drink;;;1,044.27;2021-02-19;France;;X;X
Product 5598;Drink;;;3,981.40;2020-05-30;Germany;;X;X
Product 5599;Food;3,993.60;NaN;4,422.72;26-05-2022;Portugal;;X;X
Product 5600;;733;NaN;4305;;France;;X;X
Product 5601;Food;;NaN;4,840.34;05-03-2022;Germany;;X;X
Product 5602;Food;;NaN;484.19;25/06/2024;;;X;X
Product 5603;Drink;2387;68;2,460.43;2018-03-22;France;S-43;X;X
Product 5604;;1816;90;4518;2024-10-27;Portugal;S-29;X;X
Product 5605;Snack;1481,33;57;;11-10-2020;Germany;;X;X
Product 5606;;4,317.72;61;2,814.07;2021/08/03;France;;X;X
Product 5607;Drink;4,592.67;;2491,94;28-08-2022;;;X;X
Product 5608;Snack;399,64;25;4577,24;2022-04-24;Germany;S-4;X;X
Product 5609;Drink;1446,38;40;872.16;2020/08/17;Portugal;;X;X
;Food;4114;NaN;;16/01/2020;;;X;X
Product 5611;Snack;3645;NaN;4,167.57;04/08/2020;;S-5;X;X
Product 5612;Drink;;80;;2021/01/25;Portugal;S-26;X;X
Product 5613;Food;;NaN;3541;2020-08-21;;;X;X
Product 5614;Drink;;NaN;2985,28;25-10-2020;Germany;;X;X
Product 5615;;899;32;893.64;2019/01/05;;;X;X
Product 5616;Drink;;;2,948.28;06-12-2019;Germany;;X;X
Product 5617;;4614;;3095,44;2019-06-30;;;X;X
Product 5618;Drink;1160,45;32;339.64;2021-11-21;;;X;X
Product 5619;Food;;;2219;2020/03/01;Germany;;X;X
Product 5620;;368;;;;France;;X;X
Product 5621;;82;NaN;4411,69;2021-03-13;Germany;;X;X
Product 5622;Food;;;3310;2021-04-05;France;S-18;X;X
Product 5623;;;;;2022-10-08;France;S-47;X;X
Product 5624;Drink;2584,68;;3529,51;2018-12-31;Germany;;X;X
;Drink;1653,22;NaN;4626,02;2019/09/06;;S-6;X;X
Product 5626;;1966,85;NaN;4,909.84;2019/08/26;Portugal;S-17;X;X
Product 5627;Drink;1,981.13;;2,692.78;2022-08-13;France;;X;X
Product 5628;;2169,86;;;12-09-2024;Portugal;;X;X
Product 5629;Snack;1,854.82;;2899;11/12/2019;France;;X;X
Product 5630;Drink;3654,67;NaN;3,116.04;06-07-2019;France;S-34;X;X
Product 5631;;;;3,865.74;23-12-2023;;S-11;X;X
Product 5632;Drink;1329,91;NaN;437,76;2019/08/07;Portugal;;X;X
Product 5633;Snack;3119,22;NaN;3,438.54;02/01/2019;Portugal;;X;X
Product 5634;Snack;54.74;;4,698.30;01-04-2023;Portugal;;X;X
Product 5635;Drink;2933,21;NaN;;08-08-2019;France;;X;X
Product 5636;Snack;4942,18;25;3,747.78;2022-06-11;France;;X;X
Product 5637;Drink;4,027.47;;;2021/12/26;Germany;S-5;X;X
Product 5638;Food;3,195.47;;350,79;2022-01-04;;;X;X
Product 5639;Food;1824,18;;;2023/10/03;France;S-22;X;X
;Snack;3041;NaN;382;;;;X;X
Product 5641;Drink;790.40;;;21/10/2023;France;S-32;X;X
Product 5642;Food;;NaN;436;2019-03-17;France;S-34;X;X
Product 5643;;;NaN;2679,68;2020/06/05;France;;X;X
Product 5644;;3480;78;3226,05;22-06-2021;Germany;;X;X
Product 5645;;1156,33;;1989;2024/09/02;Portugal;;X;X
Product 5646;Drink;2,872.39;;3,307.31;2020-06-01;Portugal;;X;X
Product 5647;Snack;4845,88;;3,993.74;2023/01/20;France;;X;X
Product 5648;Drink;;NaN;820.66;02/09/2024;France;;X;X
Product 5649;Snack;;65;;13-07-2018;;;X;X
Product 5650;Drink;;98;3716;2022-07-20;Portugal;;X;X
Product 5651;Drink;4672;5;3,569.16;18-08-2019;;;X;X
Product 5652;Drink;1288;;3,221.25;2023-10-01;;;X;X
Product 5653;Food;4,907.41;NaN;209,52;05/10/2018;Portugal;S-40;X;X
Product 5654;;219;92;4978,47;25-08-2019;France;S-13;X;X
;;3735;;;2024/05/04;Portugal;;X;X
Product 5656;Drink;3467;NaN;791.55;2018-12-28;Portugal;;X;X
Product 5657;;1125,65;;3,636.64;16/09/2022;Germany;S-17;X;X
Product 5658;;621,78;;;2024/10/19;France;;X;X
Product 5659;Snack;3153,11;6;;23/05/2021;;S-6;X;X
Product 5660;Food;;NaN;2594,16;;Portugal;S-46;X;X
Product 5661;;1739;69;453;2018/04/17;Portugal;S-11;X;X
Product 5662;Drink;2646;25;1337,32;2019-12-12;France;;X;X
Product 5663;Drink;4431;NaN;2,544.77;2020-04-03;Portugal;;X;X
Product 5664;Snack;;NaN;1535;2022/09/25;Germany;;X;X
Product 5665;;4,901.75;94;1251;2023-06-16;France;;X;X
Product 5666;Drink;4334;66;1240;17-08-2019;France;;X;X
Product 5667;Drink;;;693;22/12/2021;;;X;X
Product 5668;Food;3082,66;;;2020/06/14;;;X;X
Product 5669;;;70;2505;2023-09-04;Germany;;X;X
;Food;1,899.43;21;;2024-04-13;France;;X;X
Product 5671;Food;;55;216.64;31/10/2018;Portugal;S-42;X;X
Product 5672;;;69;2,918.79;2022-11-27;France;;X;X
Product 5673;Food;4201;NaN;407,97;2021/06/17;Germany;;X;X
Product 5674;;2708,80;NaN;1870,92;2023/07/23;;S-8;X;X
Product 5675;;2238;NaN;2985,85;2019-06-15;Germany;;X;X
Product 5676;;2,244.55;NaN;53.01;06/02/2021;France;;X;X
Product 5677;Food;;;;2021/10/10;France;;X;X
Product 5678;;80.18;25;3,846.33;06/01/2024;Portugal;;X;X
Product 5679;;1766,60;;4,643.51;2023-02-02;Germany;;X;X
Product 5680;Drink;1829;NaN;4846,89;;France;;X;X
Product 5681;Food;135;NaN;140.74;2024-04-11;Portugal;S-23;X;X
Product 5682;Food;4774,46;NaN;4915;2021/04/20;;;X;X
Product 5683;;339.26;;721,70;20-02-2023;;;X;X
Product 5684;Drink;3396,95;63;;18/07/2024;Germany;S-28;X;X
;Drink;2115,80;34;1016,75;26-11-2019;Germany;S-34;X;X
Product 5686;Snack;1580,17;NaN;4,584.90;2019/10/03;Germany;S-10;X;X
Product 5687;Snack;;11;2118;2024/04/19;Germany;;X;X
Product 5688;Drink;2860;;1408,07;2023-05-01;Portugal;S-7;X;X
Product 5689;Food;644;;;25/05/2023;;S-32;X;X
Product 5690;Food;1,511.11;NaN;;19-04-2019;Germany;;X;X
Product 5691;;1226;54;;2022/10/17;France;S-32;X;X
Product 5692;Snack;1537;NaN;;2018/08/19;Portugal;S-47;X;X
Product 5693;Drink;;;;2020-07-14;;;X;X
Product 5694;;4843;;;2020/12/10;;S-5;X;X
Product 5695;Food;1068;51;626,69;2020-06-29;France;;X;X
Product 5696;;;;;04-11-2024;Portugal;;X;X
Product 5697;;2917;84;1834,82;2021-05-15;Portugal;S-25;X;X
Product 5698;Drink;3613,41;;290,23;30/05/2022;Germany;S-31;X;X
Product 5699;;2863,35;NaN;3442;2022-01-16;;;X;X
;Drink;;NaN;316,82;;Germany;S-8;X;X
Product 5701;Snack;2173;17;2,635.54;2023-05-19;France;S-1;X;X
Product 5702;;;44;1,720.43;21-06-2018;Germany;;X;X
Product 5703;Food;;NaN;;2021-03-21;;;X;X
Product 5704;Food;1650,49;90;1722,63;30/03/2023;Germany;;X;X
Product 5705;;2,768.64;NaN;2,393.75;08-09-2020;France;;X;X
Product 5706;Snack;;13;4224;2020/06/09;;;X;X
Product 5707;Food;;44;4480;2019-04-16;Germany;;X;X
Product 5708;Snack;1979,94;54;4437,34;2024-07-02;France;;X;X
Product 5709;;;9;4926;05/07/2024;;;X;X
Product 5710;Snack;245.88;;;2020-05-11;;;X;X
Product 5711;Drink;;5;4708;04-11-2023;Portugal;;X;X
Product 5712;Food;4237,82;;1371,51;05/10/2023;Portugal;S-29;X;X
Product 5713;Snack;2,710.30;NaN;1866,96;2024/07/12;;;X;X
Product 5714;Food;4277,69;NaN;2529;2024-06-14;France;;X;X
;Snack;2,818.31;;3290,90;11-11-2020;Portugal;;X;X
Product 5716;Food;127;NaN;2373,63;24-09-2020;Portugal;;X;X
Product 5717;Food;2,162.43;NaN;4,571.84;22-03-2022;;;X;X
Product 5718;;1,085.07;9;4036;2020-08-05;France;;X;X
Product 5719;Snack;;NaN;2396,84;2024-02-20;Portugal;;X;X
Product 5720;;1,063.51;NaN;;;France;S-24;X;X
Product 5721;Food;;46;;2018-06-22;;;X;X
Product 5722;Snack;1445,48;NaN;1,657.32;2023-08-13;Germany;;X;X
Product 5723;Snack;930.22;;1,932.69;08/05/2023;France;;X;X
Product 5724;Drink;1,610.80;48;827;2019-10-19;Germany;;X;X
Product 5725;Food;;69;1,477.80;2023/10/28;France;;X;X
Product 5726;Drink;1,880.31;NaN;1,153.64;2019/05/23;France;;X;X
Product 5727;Drink;;;1608,00;20-09-2018;Portugal;;X;X
Product 5728;Snack;2,366.99;NaN;4308,50;2020/04/19;Portugal;S-1;X;X
Product 5729;Drink;3,109.75;21;;23-11-2023;Portugal;S-25;X;X
;Food;1119;38;3741,02;12-05-2018;;;X;X
Product 5731;;3258,53;57;140.48;28-12-2018;Germany;S-13;X;X
Product 5732;Drink;683.30;61;4126;2023/06/17;France;S-19;X;X
Product 5733;Drink;108,46;NaN;2,713.56;2021/04/03;Germany;;X;X
Product 5734;Snack;1256,81;;1653,20;16-03-2018;France;;X;X
Product 5735;Snack;326.29;;;27-01-2022;France;S-8;X;X
Product 5736;Snack;1,139.77;97;1551,04;24-08-2023;Portugal;S-25;X;X
Product 5737;;2581;75;3708;2024-02-26;Germany;;X;X
Product 5738;Snack;691;NaN;2366,81;22-04-2021;;;X;X
Product 5739;Food;2473,22;NaN;4,469.40;2023-07-26;Germany;;X;X
Product 5740;Food;3,023.25;20;;;France;;X;X
Product 5741;Snack;4447,29;;4264;2018-08-25;Germany;S-33;X;X
Product 5742;Snack;;NaN;478,67;2020/02/18;Germany;;X;X
Product 5743;;1657;51;1558;18-06-2024;Germany;;X;X
Product 5744;;4310;51;4,196.12;25-01-2024;Portugal;S-10;X;X
;Food;4213;62;4043;2018-10-21;Portugal;;X;X
Product 5746;;;81;2924,50;20/10/2020;;S-37;X;X
Product 5747;Snack;;;3,575.88;2018-09-21;Germany;S-35;X;X
Product 5748;;1618,04;;4203;2023-06-22;;S-7;X;X
Product 5749;Snack;1,008.70;;;2021/08/25;;;X;X
Product 5750;Food;621,59;;;14-05-2022;;;X;X
Product 5751;Drink;;NaN;3,130.98;12-08-2024;;;X;X
Product 5752;;3,943.01;NaN;979.28;2019/03/13;;S-17;X;X
Product 5753;Food;1,067.22;NaN;282,27;27-04-2023;Portugal;;X;X
Product 5754;Food;;22;1084,95;06/05/2024;;S-49;X;X
Product 5755;;4,964.48;30;3331;20/09/2023;Portugal;;X;X
Product 5756;Drink;;60;2737,62;2022/05/23;France;S-3;X;X
Product 5757;Snack;;69;2504;2023-11-20;Germany;S-36;X;X
Product 5758;Food;1091,72;43;3313;14/07/2020;Germany;;X;X
Product 5759;Food;2070,84;NaN;1181,01;12/03/2022;France;;X;X
;Drink;;27;;;;;X;X
Product 5761;Snack;;NaN;627.16;2024/08/12;;;X;X
Product 5762;Food;;NaN;1803,37;2021-02-15;France;S-50;X;X
Product 5763;Drink;17;87;3668;2018/05/01;France;S-33;X;X
Product 5764;;;;3061;2021/04/04;Portugal;;X;X
Product 5765;Drink;3987;33;;2020-08-08;;S-35;X;X
Product 5766;Drink;3,071.81;;4,673.89;20/06/2021;;S-31;X;X
Product 5767;Food;3119;NaN;1,068.71;2019/03/22;Portugal;;X;X
Product 5768;Snack;676;87;4,071.67;2020-09-13;;;X;X
Product 5769;;424,07;NaN;;11-09-2022;;S-24;X;X
Product 5770;Drink;3201;;3705;2021-11-30;France;;X;X
Product 5771;;3,639.62;;1681;2024/04/05;France;S-38;X;X
Product 5772;Snack;4489;38;4337,89;11/04/2018;Portugal;;X;X
Product 5773;;;83;4,277.71;2022/06/17;;;X;X
Product 5774;;2366;NaN;48,77;04/07/2018;;;X;X
;Food;;;1871;2024-06-27;Germany;;X;X
Product 5776;Snack;2,267.22;NaN;3,777.30;10-11-2022;Portugal;;X;X
Product 5777;Drink;1856,25;;2249;06/04/2024;;S-15;X;X
Product 5778;Food;;70;326.59;19/05/2020;France;;X;X
Product 5779;Food;4152,03;;4778;05/04/2022;Portugal;S-26;X;X
Product 5780;Drink;4,213.85;NaN;1981,02;;France;S-40;X;X
Product 5781;Snack;3,532.94;NaN;2730;2019-05-17;Portugal;;X;X
Product 5782;;4024;;4392,25;05/04/2018;Germany;S-38;X;X
Product 5783;Snack;;;1275,06;2024/01/20;Portugal;;X;X
Product 5784;Snack;4415;NaN;3147,12;2023/09/13;Germany;S-32;X;X
Product 5785;;4729,32;67;571;03/05/2023;;S-42;X;X
Product 5786;;;;;2024-05-05;France;S-26;X;X
Product 5787;;;NaN;2,948.04;2021/09/21;Portugal;;X;X
Product 5788;Snack;3,228.44;;1372,72;2019/02/16;Germany;;X;X
Product 5789;Drink;522.44;83;;2019-12-11;France;;X;X
;Snack;;;;07/08/2024;Portugal;;X;X
Product 5791;Drink;3742;70;3156,16;30/07/2022;Germany;S-36;X;X
Product 5792;Snack;4210,57;;3,679.94;2020-05-25;;S-37;X;X
Product 5793;Drink;;47;;2024-01-04;Portugal;S-34;X;X
Product 5794;;171;NaN;4025;09/03/2023;;S-32;X;X
Product 5795;Snack;4069,34;NaN;;2022-06-19;Portugal;S-9;X;X
Product 5796;Snack;4,333.88;60;1014,56;26-05-2023;Germany;;X;X
Product 5797;Food;;NaN;1,840.41;30/12/2018;Portugal;S-36;X;X
Product 5798;Drink;;NaN;3,252.60;05/02/2021;Germany;;X;X
Product 5799;Snack;1,482.99;25;;2018/07/25;Portugal;S-30;X;X
Product 5800;Snack;658.94;57;4318;;France;;X;X
Product 5801;;4876;NaN;;2020-11-23;Germany;;X;X
Product 5802;Drink;4465,94;10;4,910.30;24-09-2021;Portugal;;X;X
Product 5803;Drink;653.81;;;31/01/2024;France;;X;X
Product 5804;Snack;3593,01;NaN;500.25;03-09-2018;;S-28;X;X
;Drink;3302,66;65;4,676.59;25-09-2019;Portugal;S-28;X;X
Product 5806;Drink;1647;37;1276,87;2024/09/02;Germany;;X;X
Product 5807;Drink;2811;27;4488,14;2024/05/30;Portugal;S-46;X;X
Product 5808;Drink;1139,89;;164;2018-08-16;Portugal;;X;X
Product 5809;Drink;20,42;;;15/10/2023;Portugal;;X;X
Product 5810;Food;;;4195;27-04-2022;France;S-25;X;X
Product 5811;Food;2,184.69;34;4282,86;14/01/2020;France;;X;X
Product 5812;Snack;687.35;15;2665;11-04-2022;France;;X;X
Product 5813;Drink;4083;;191,52;2020-10-28;France;S-11;X;X
Product 5814;;4695;52;;07-09-2023;France;S-43;X;X
Product 5815;Snack;863.12;NaN;4765;15-02-2022;Portugal;;X;X
Product 5816;Snack;;87;;2018-06-08;Portugal;;X;X
Product 5817;Drink;;;;07/11/2019;;;X;X
Product 5818;Drink;321.07;24;4913;2024/07/14;Germany;;X;X
Product 5819;Food;4,544.97;56;4,348.81;2023-07-04;Germany;;X;X
;Snack;;;1732,06;;;;X;X
Product 5821;Snack;289;NaN;3,537.86;2020/07/03;Germany;;X;X
Product 5822;Drink;336,96;73;4022;15/08/2024;France;;X;X
Product 5823;Snack;1922,10;;906;2021/11/20;Germany;;X;X
Product 5824;;4,937.25;;2927;2020/05/18;Germany;;X;X
Product 5825;Drink;3489;;363.24;27-04-2019;Portugal;S-12;X;X
Product 5826;Snack;2877;52;4700;2022-05-12;;S-20;X;X
Product 5827;Food;;30;;22-05-2023;France;;X;X
Product 5828;Food;3737;49;2,341.75;31-05-2022;France;;X;X
Product 5829;;1957;38;;04/09/2024;;S-8;X;X
Product 5830;;;71;3,060.62;2022-09-12;Portugal;;X;X
Product 5831;Drink;;25;3,088.30;2024/09/22;France;S-1;X;X
Product 5832;;963.99;1;28;2020-02-06;Germany;;X;X
Product 5833;Snack;;61;4143;2024/07/28;France;S-8;X;X
Product 5834;Drink;;;;22/03/2022;France;;X;X
;Food;4019,92;NaN;27;11-03-2021;France;S-32;X;X
Product 5836;Snack;4197,05;;4,064.53;28-12-2022;;;X;X
Product 5837;Snack;2,869.65;;3,683.94;2020-11-20;Portugal;;X;X
Product 5838;;;;55.54;2021/11/21;;;X;X
Product 5839;Snack;2003,88;;1250;25/10/2022;;;X;X
Product 5840;Drink;494;98;2776;;France;;X;X
Product 5841;;1781;NaN;4,520.95;2020/06/11;France;;X;X
Product 5842;Snack;;NaN;;2021-05-03;;;X;X
Product 5843;Food;4755;47;1,463.60;2018-05-29;;;X;X
Product 5844;;;71;;2019-12-26;Portugal;;X;X
Product 5845;Food;1612;NaN;4,532.63;2020-01-01;Germany;S-3;X;X
Product 5846;Drink;4442;2;556;28/05/2021;France;;X;X
Product 5847;Food;499.38;;3153,33;2024/06/14;Germany;S-41;X;X
Product 5848;Snack;;;713,90;2019-08-20;Germany;;X;X
Product 5849;Food;1372,99;NaN;1136,48;2022/12/23;Germany;;X;X
;;;46;253,26;2023-08-15;France;;X;X
Product 5851;Drink;;54;3954,79;2018/10/07;Germany;;X;X
Product 5852;;4,041.78;NaN;1110,41;13-01-2022;Portugal;;X;X
Product 5853;Snack;1455,85;48;351;2019-11-11;Germany;;X;X
Product 5854;Food;;;62;22-11-2021;Germany;;X;X
Product 5855;Snack;1913;;;11/07/2021;Portugal;S-29;X;X
Product 5856;Food;1,625.48;;;02-12-2019;France;S-18;X;X
Product 5857;Drink;875;15;;19/11/2018;France;;X;X
Product 5858;Drink;4307;84;4531;2022-09-14;France;S-7;X;X
Product 5859;Snack;;NaN;2529;2023/03/16;;;X;X
Product 5860;Drink;4664,77;NaN;1171,39;;Portugal;;X;X
Product 5861;Food;718.60;;1667;2018-05-26;Germany;;X;X
Product 5862;Food;;62;;26-05-2024;France;;X;X
Product 5863;;;;4862;2023-02-17;Germany;S-33;X;X
Product 5864;Food;84.94;;105.27;02/10/2023;;;X;X
;;;;4,477.18;2020-04-24;Germany;;X;X
Product 5866;Drink;4336,31;3;2641,21;23-10-2022;France;;X;X
Product 5867;;2,263.18;NaN;4621,17;22/08/2020;Germany;;X;X
Product 5868;Snack;2041,05;22;;09/12/2023;Germany;;X;X
Product 5869;Food;4409;;3264;08-09-2023;Germany;;X;X
Product 5870;Snack;4049;;3420,66;2023-09-14;France;;X;X
Product 5871;;769.41;37;2,452.91;17/12/2022;Portugal;;X;X
Product 5872;Drink;;;4547,57;2020/03/18;Germany;S-50;X;X
Product 5873;;303,82;75;1,537.87;2020-01-16;Portugal;;X;X
Product 5874;Snack;3986;;1743;2021-12-28;Germany;S-15;X;X
Product 5875;;3,656.61;;712;19-02-2020;Germany;S-20;X;X
Product 5876;Snack;151;44;;07/09/2024;;S-44;X;X
Product 5877;Food;3,733.54;20;;03-09-2023;France;;X;X
Product 5878;Snack;1345,57;;886.07;2019-02-06;;;X;X
Product 5879;Snack;;NaN;4,786.54;07/04/2018;Germany;;X;X
;Snack;;;997.03;;France;;X;X
Product 5881;Snack;;NaN;3,821.59;10-05-2020;Portugal;;X;X
Product 5882;;674;;2407;2023-01-27;France;;X;X
Product 5883;Food;1,683.18;;3,047.97;06/01/2021;France;;X;X
Product 5884;Drink;2776,19;;4,383.14;02/10/2018;;;X;X
Product 5885;;;;2384;2021/04/10;;S-34;X;X
Product 5886;;3046,96;NaN;;2022-02-28;Germany;;X;X
Product 5887;;1494,12;NaN;1762;28/07/2022;France;;X;X
Product 5888;Snack;2320;NaN;3085;11/12/2023;Portugal;S-49;X;X
Product 5889;Drink;;;1833,53;01-01-2020;France;;X;X
Product 5890;;;NaN;827.49;2019-04-16;Germany;;X;X
Product 5891;;1495,78;32;603,43;25-02-2022;Germany;S-18;X;X
Product 5892;Drink;;62;2521;2021/08/10;;S-25;X;X
Product 5893;Food;3,201.10;41;3603,88;2024-02-14;Portugal;;X;X
Product 5894;Drink;2865,19;12;4088,78;2019-04-19;France;;X;X
;Drink;4441,36;34;1,265.79;2023-12-30;Portugal;;X;X
Product 5896;Snack;;;;2024-04-07;Germany;;X;X
Product 5897;;5;15;3178;05-08-2022;Germany;;X;X
Product 5898;Snack;1351,32;NaN;4517,66;2018-02-07;France;;X;X
Product 5899;Food;4007,15;;2931;27/04/2019;Portugal;;X;X
Product 5900;;1,768.87;;;;France;;X;X
Product 5901;Food;1660;;4962,01;2023-09-14;France;;X;X
Product 5902;Food;3052,62;28;3,609.94;12-05-2021;France;;X;X
Product 5903;;2343;87;1480,94;2019/02/08;Germany;;X;X
Product 5904;Snack;767.82;57;2032,19;2020/08/31;Germany;;X;X
Product 5905;;;;;2018-05-13;;;X;X
Product 5906;Drink;;;474.68;2019/01/05;Portugal;;X;X
Product 5907;;;NaN;;2021-03-07;Portugal;S-49;X;X
Product 5908;Drink;2301;NaN;945.68;06/04/2020;Portugal;;X;X
Product 5909;Drink;4778,34;;2,360.44;25-10-2021;Portugal;S-13;X;X
;Drink;3281,53;;4312;2024-07-18;Portugal;S-38;X;X
Product 5911;;;;;06-09-2018;Germany;;X;X
Product 5912;Snack;3,689.07;84;954,92;2018/06/10;Germany;S-27;X;X
Product 5913;;1,007.33;;4506,86;09/07/2021;Germany;;X;X
Product 5914;Food;4195;NaN;4273;10-03-2018;;S-49;X;X
Product 5915;Snack;;1;;05-07-2019;France;;X;X
Product 5916;Snack;3481;33;3320,77;2023-01-05;;S-49;X;X
Product 5917;;;NaN;3735;13-03-2024;Germany;;X;X
Product 5918;;795.87;;2,822.78;24-07-2024;France;S-2;X;X
Product 5919;Drink;;52;3,757.61;04/01/2024;;;X;X
Product 5920;Food;155;60;;;Germany;;X;X
Product 5921;Food;;50;2,070.40;2018-09-01;France;;X;X
Product 5922;Drink;3582;NaN;2662;26-12-2022;;S-41;X;X
Product 5923;Snack;;5;3513;26/09/2022;France;;X;X
Product 5924;Snack;4193;NaN;531,68;2022-07-20;France;;X;X
;;4,640.46;;2,562.50;05/11/2020;France;;X;X
Product 5926;Food;;NaN;;2023/05/20;;;X;X
Product 5927;Snack;962,35;29;;27/02/2022;Portugal;;X;X
Product 5928;;1,919.75;NaN;;2023/04/09;Portugal;;X;X
Product 5929;Drink;4,217.12;NaN;1,744.87;03-07-2022;;;X;X
Product 5930;;3286,02;;4978,75;02/03/2024;France;S-6;X;X
Product 5931;Drink;1857,65;21;2,439.21;2022-06-11;Germany;S-42;X;X
Product 5932;Food;2,343.70;;;08/07/2022;Portugal;;X;X
Product 5933;Food;1,474.51;NaN;4,158.55;2024-04-15;France;;X;X
Product 5934;Snack;4431;;2,077.38;2021-06-11;Germany;;X;X
Product 5935;;4108;;1,868.84;2023/01/16;;S-23;X;X
Product 5936;Food;2071,60;2;2,477.27;26/03/2024;Portugal;S-29;X;X
Product 5937;Snack;4,667.82;NaN;;21/06/2018;Germany;;X;X
Product 5938;;;NaN;;2020/07/08;France;S-27;X;X
Product 5939;;3,624.66;NaN;300,23;2018-07-29;Portugal;;X;X
;Snack;3268,82;;3038;;France;S-6;X;X
Product 5941;;2251,55;38;2652,23;30-05-2020;Germany;S-45;X;X
Product 5942;Food;4,903.48;;;23-04-2022;Portugal;;X;X
Product 5943;Snack;1139,99;93;1,084.77;2018-06-10;France;;X;X
Product 5944;Food;;;331.20;2020/01/07;Portugal;;X;X
Product 5945;Snack;1581;71;2017;2021-09-04;Germany;;X;X
Product 5946;Drink;;38;;2020/05/04;Portugal;S-21;X;X
Product 5947;Food;278;;1406;2022-12-04;Portugal;S-31;X;X
Product 5948;Drink;;36;3,414.92;27-01-2018;Germany;;X;X
Product 5949;Snack;2904;NaN;;16-10-2023;France;S-27;X;X
Product 5950;;;;1,139.24;2020-03-03;Portugal;;X;X
Product 5951;Drink;2103;NaN;496,86;02/04/2023;Germany;;X;X
Product 5952;Snack;1569,37;9;2601;02-11-2022;Portugal;;X;X
Product 5953;Drink;4944,16;;;03/09/2019;;;X;X
Product 5954;Food;4,214.96;;4023,63;2018-11-19;Portugal;;X;X
;Snack;2313,84;;3,088.35;2019-05-08;Portugal;S-16;X;X
Product 5956;Snack;1763,71;56;;2021/03/31;Portugal;;X;X
Product 5957;;1602,03;NaN;1,398.15;22-06-2024;Portugal;;X;X
Product 5958;Snack;2789;19;1819;2021-12-24;Germany;S-47;X;X
Product 5959;Food;;30;4,339.24;2020-10-18;Germany;;X;X
Product 5960;Snack;838.24;;4001;;Portugal;;X;X
Product 5961;Snack;;38;;23/03/2019;France;;X;X
Product 5962;Food;2055,12;96;;11-02-2018;France;S-28;X;X
Product 5963;Drink;4306,22;;2272,80;2020-07-04;Germany;S-8;X;X
Product 5964;Drink;;;4,774.02;2024-02-06;Portugal;S-39;X;X
Product 5965;Food;396.37;52;;19/03/2022;;S-25;X;X
Product 5966;Drink;2968,39;NaN;307.56;2021-03-29;Germany;;X;X
Product 5967;Snack;902,03;;2155,66;2018-12-06;France;;X;X
Product 5968;Snack;3160;NaN;;2021-10-20;Portugal;;X;X
Product 5969;Snack;3691,14;;1,093.92;05-07-2019;Germany;;X;X
;Snack;;79;;2019/11/16;;;X;X
Product 5971;Snack;4236,67;;;01-12-2022;France;;X;X
Product 5972;Food;2,553.72;;4939;08-12-2019;France;S-49;X;X
Product 5973;Snack;4077,40;;4056;2018/12/08;France;S-48;X;X
Product 5974;Drink;;19;;2023/12/18;Portugal;S-41;X;X
Product 5975;Food;;;3685,20;19-09-2020;Portugal;;X;X
Product 5976;Drink;1940,12;;3840;06/04/2019;France;S-33;X;X
Product 5977;Snack;4365,38;;1,127.87;26/07/2023;;;X;X
Product 5978;Snack;2,273.41;25;;2021/12/06;France;S-22;X;X
Product 5979;;1,097.23;;;09/02/2024;;S-18;X;X
Product 5980;;2,947.40;;;;Portugal;;X;X
Product 5981;Snack;1,938.11;;;03/04/2021;Portugal;S-31;X;X
Product 5982;Drink;;;;06/05/2021;;;X;X
Product 5983;Food;;;751;2019-08-08;France;S-32;X;X
Product 5984;Drink;4,606.60;;;2023/09/19;Germany;;X;X
;Drink;3569,24;14;3292,57;09-01-2023;Germany;;X;X
Product 5986;Drink;2103;89;3,766.41;22/11/2019;France;S-21;X;X
Product 5987;Drink;;NaN;;26/04/2022;Portugal;S-30;X;X
Product 5988;Food;4,311.26;14;2,947.54;2020-08-29;Portugal;;X;X
Product 5989;;4,982.72;NaN;1,038.97;2022-08-06;Portugal;S-22;X;X
Product 5990;;;NaN;3197,73;2020/10/20;France;S-21;X;X
Product 5991;Food;;NaN;;09/01/2018;;;X;X
Product 5992;Food;2211,30;NaN;3773;2021/06/25;Portugal;;X;X
Product 5993;Drink;3,829.71;NaN;4,318.76;24/07/2021;Portugal;;X;X
Product 5994;Food;500;;3110,57;10-10-2021;Germany;;X;X
Product 5995;;1701,32;NaN;;07-10-2023;Portugal;;X;X
Product 5996;Snack;3406;88;2770,61;2018-07-31;;;X;X
Product 5997;Snack;2199,89;;3,709.02;25/05/2022;Germany;S-31;X;X
Product 5998;Snack;1787,38;;;04-12-2021;;;X;X
Product 5999;Drink;2,623.99;NaN;2188;06/08/2019;Germany;;X;X
;;2582;;3699,16;;;;X;X
Product 6001;Snack;1317;NaN;4643;2018/06/27;;;X;X
Product 6002;Drink;1,838.22;49;;2021-06-03;Portugal;;X;X
Product 6003;Snack;523,35;NaN;1061;07-09-2020;France;;X;X
Product 6004;Food;1556;NaN;;06/12/2019;;S-3;X;X
Product 6005;Food;4438,82;30;2616,61;31/01/2019;Portugal;;X;X
Product 6006;Drink;3257,00;36;184;2022-12-02;Portugal;;X;X
Product 6007;Drink;3,762.71;NaN;2241;2022/06/25;Portugal;;X;X
Product 6008;Drink;4888;NaN;2,283.13;2020-08-07;;;X;X
Product 6009;Drink;4,254.16;NaN;;2022/07/06;;;X;X
Product 6010;Snack;;;3878,25;2024-02-25;Germany;S-22;X;X
Product 6011;Drink;;;;05-09-2018;;S-24;X;X
Product 6012;Drink;4095,68;31;4321,95;2023/11/10;France;;X;X
Product 6013;Drink;;NaN;2,723.12;2018-11-02;Germany;;X;X
Product 6014;Food;;;;2022-10-17;Portugal;S-49;X;X
;;3089,55;NaN;;2019-11-06;France;S-23;X;X
Product 6016;Food;4,368.55;;;16/09/2018;;;X;X
Product 6017;Food;1160;;;2019-08-17;Portugal;;X;X
Product 6018;Food;4021;NaN;;2019/07/15;Germany;S-30;X;X
Product 6019;;1785;62;1928;2024/01/19;Portugal;;X;X
Product 6020;;;NaN;640.43;;;;X;X
Product 6021;Food;2872;NaN;2015,14;05/07/2023;Portugal;;X;X
Product 6022;Drink;123.70;;;26-08-2020;Germany;;X;X
Product 6023;Food;;;1806,23;2021/06/29;Germany;;X;X
Product 6024;Food;;31;1284;06/09/2023;Germany;;X;X
Product 6025;Food;4768,89;NaN;571.21;2022-08-02;;S-41;X;X
Product 6026;;331.97;;4,767.29;11/06/2019;Portugal;;X;X
Product 6027;Food;4688;;3904,14;2021-10-08;Portugal;;X;X
Product 6028;Snack;;NaN;;2024-04-23;Portugal;S-12;X;X
Product 6029;Food;2,530.16;;1,586.89;2020/06/07;Portugal;;X;X
;Food;4343;3;3,969.17;2023-03-29;Germany;;X;X
Product 6031;Snack;;96;;31-05-2020;;;X;X
Product 6032;Food;1,830.26;;;30/12/2020;Germany;;X;X
Product 6033;Food;3,007.10;;;2019/03/11;Portugal;;X;X
Product 6034;Food;3,312.73;NaN;618.11;2018/11/18;France;;X;X
Product 6035;Drink;;;1868,38;2023-04-11;France;;X;X
Product 6036;Drink;4,808.66;NaN;2071;2024/05/14;Portugal;;X;X
Product 6037;Drink;3,553.35;NaN;200.67;2019-06-27;;;X;X
Product 6038;Snack;2824,67;;2761,34;2018/09/07;;S-41;X;X
Product 6039;Food;1657;NaN;655,52;2022-07-11;France;;X;X
Product 6040;Food;4608;;723.76;;;;X;X
Product 6041;Drink;3,212.66;NaN;3397;06/11/2021;Portugal;S-14;X;X
Product 6042;Snack;1133;46;;2022-07-15;Germany;;X;X
Product 6043;Snack;452;;;2019-03-29;;;X;X
Product 6044;Snack;344;NaN;;2021/05/06;Germany;;X;X
;Drink;3134;NaN;3494;14-06-2023;France;;X;X
Product 6046;Drink;;NaN;;2019/03/23;France;;X;X
Product 6047;Food;3985,48;;2,046.18;2024/06/02;Portugal;S-45;X;X
Product 6048;Food;4,733.67;94;4246;2020/03/28;Germany;S-39;X;X
Product 6049;Food;;;4867,58;2018/02/23;;;X;X
Product 6050;Drink;4232;65;1,493.53;2018-09-13;;;X;X
Product 6051;Drink;1943,88;51;2,722.45;04-08-2020;Germany;S-26;X;X
Product 6052;Snack;1726;NaN;985.63;2023-08-12;;;X;X
Product 6053;Drink;2723,85;NaN;988;2024/10/06;France;;X;X
Product 6054;Food;;;126,46;27-02-2022;France;;X;X
Product 6055;Food;1338,67;;;2021/07/12;Germany;;X;X
Product 6056;Drink;;82;4450,50;24/01/2022;;;X;X
Product 6057;;14,69;NaN;2275;2020/06/20;France;;X;X
Product 6058;Snack;4,741.52;;2880;25-02-2022;Portugal;S-3;X;X
Product 6059;Drink;384,61;NaN;2238;2019/05/30;Portugal;;X;X
;;2022,45;NaN;837.41;;Germany;;X;X
Product 6061;Food;3227;;4190;2022-02-04;Germany;S-45;X;X
Product 6062;Drink;4456,20;NaN;;2021/12/06;Germany;;X;X
Product 6063;Snack;1139;NaN;129;2019/08/26;Portugal;;X;X
Product 6064;;;NaN;1,499.83;2018-10-08;France;;X;X
Product 6065;;1933,02;NaN;240.39;14-01-2018;Germany;;X;X
Product 6066;Drink;3526;NaN;;2018/12/25;France;S-20;X;X
Product 6067;Drink;4,086.49;NaN;3,439.24;2021-06-05;Germany;S-1;X;X
Product 6068;;;;;29/04/2024;France;;X;X
Product 6069;Food;1,439.01;65;2296;08/12/2019;Portugal;;X;X
Product 6070;Snack;2,957.46;12;4510,82;31-03-2021;France;S-11;X;X
Product 6071;Food;2680;NaN;2505,10;21/06/2022;Germany;S-9;X;X
Product 6072;;3,322.19;;;10-09-2024;Germany;;X;X
Product 6073;Food;4855,47;;;2019/10/16;France;;X;X
Product 6074;Drink;;78;1161,51;21/04/2021;Portugal;;X;X
;;4808;71;3630,74;2021/12/16;France;;X;X
Product 6076;Snack;4846,22;100;143,68;2022/02/27;Portugal;;X;X
Product 6077;Snack;;27;;04/02/2023;France;;X;X
Product 6078;Food;3,535.40;11;;03/11/2022;Germany;;X;X
Product 6079;Food;582.88;;4707,21;2021/05/16;France;;X;X
Product 6080;Snack;;;261.90;;Germany;;X;X
Product 6081;;;;68.63;2021-10-07;;;X;X
Product 6082;Food;;NaN;;16/07/2018;France;;X;X
Product 6083;;2177,54;91;1,539.78;2020-10-19;France;;X;X
Product 6084;Snack;7;;1,085.89;29-10-2024;Portugal;;X;X
Product 6085;;3,733.03;;682;12-10-2019;Portugal;;X;X
Product 6086;Snack;1389,42;;1,597.87;15/02/2023;;;X;X
Product 6087;;672.14;NaN;148;29-01-2024;;S-11;X;X
Product 6088;Drink;668.20;NaN;507;2022-04-01;France;;X;X
Product 6089;;1343,32;;;04/06/2024;France;S-30;X;X
;Snack;361.85;12;929,70;2023/09/29;Germany;;X;X
Product 6091;;;36;739,35;2018/04/12;France;;X;X
Product 6092;Drink;;NaN;846;19-06-2018;Germany;;X;X
Product 6093;Food;2441,11;;4999,44;2019-06-08;Germany;;X;X
Product 6094;;;25;2885,11;2024/05/20;France;S-33;X;X
Product 6095;Snack;3071;;398.60;2020/06/15;France;S-21;X;X
Product 6096;Drink;748;;;2019-04-17;France;;X;X
Product 6097;Food;;NaN;1666;13/09/2019;Portugal;;X;X
Product 6098;;601;;796;2018-03-12;Portugal;;X;X
Product 6099;Food;134.51;24;;2020-03-13;France;;X;X
Product 6100;;1056;;1,597.49;;France;;X;X
Product 6101;;313;93;2109;2019-03-28;;;X;X
Product 6102;Food;4257;NaN;130.59;27/09/2020;;;X;X
Product 6103;Food;2171;33;;13/05/2022;France;;X;X
Product 6104;Drink;;;;08-10-2020;Germany;;X;X
;;4067,78;77;763.04;2023/10/10;France;S-14;X;X
Product 6106;;2,747.93;;3558,24;21-08-2024;Portugal;;X;X
Product 6107;Food;2,448.08;;1,433.78;12-10-2022;;;X;X
Product 6108;Drink;1898,05;NaN;;14-12-2023;;S-37;X;X
Product 6109;Food;2838;59;505.79;31/05/2023;;S-20;X;X
Product 6110;Snack;;NaN;4058;2021-02-03;;;X;X
Product 6111;Drink;4468;;4705;27/12/2021;Portugal;;X;X
Product 6112;Snack;1,780.08;;2264,00;2024-06-01;Germany;;X;X
Product 6113;Drink;;NaN;2072,71;20/01/2020;Germany;;X;X
Product 6114;;;NaN;2,760.01;2018-12-02;France;;X;X
Product 6115;Food;4254;NaN;;06/11/2020;France;;X;X
Product 6116;Drink;4059;43;357;2022-06-30;Portugal;;X;X
Product 6117;;3039,28;83;1516,50;21-07-2021;Germany;;X;X
Product 6118;;1081;NaN;2474,73;2024-05-28;;;X;X
Product 6119;Snack;12.40;;;01/01/2021;Germany;;X;X
;Snack;3714;NaN;1269,53;;Germany;;X;X
Product 6121;;1,716.38;NaN;;2022/08/19;Germany;;X;X
Product 6122;Snack;4158;;;2020/11/08;Germany;;X;X
Product 6123;;3897;NaN;2573,74;2022/04/09;France;S-35;X;X
Product 6124;;;78;946,92;23/05/2021;;;X;X
Product 6125;;2,405.56;;;2018-09-28;France;;X;X
Product 6126;Snack;2,667.23;86;;27-02-2018;Portugal;S-30;X;X
Product 6127;Drink;2863;63;3089,46;2022-12-20;Germany;;X;X
Product 6128;;2,344.11;NaN;;2024-11-05;Portugal;S-19;X;X
Product 6129;Food;4783,51;;1664;14/01/2022;;;X;X
Product 6130;Food;1263;20;1061;03/06/2018;France;S-5;X;X
Product 6131;Snack;1379,97;NaN;;02-12-2019;Portugal;S-7;X;X
Product 6132;;;81;3206,93;2019/01/03;Portugal;S-7;X;X
Product 6133;;1,462.05;NaN;;20-01-2019;France;S-48;X;X
Product 6134;Drink;744,08;10;;2019-02-25;France;S-4;X;X
;Drink;;75;1015,32;2020-11-19;Portugal;S-31;X;X
Product 6136;Food;;11;4335;2021/06/05;Germany;S-27;X;X
Product 6137;Food;2948;42;4523;2022/10/20;Germany;S-6;X;X
Product 6138;Food;1,068.28;NaN;3,338.49;30/06/2022;;S-5;X;X
Product 6139;Food;4374,24;82;;17/12/2023;France;;X;X
Product 6140;;1447;NaN;3644;;;;X;X
Product 6141;Food;;27;3178,35;2019/08/01;;;X;X
Product 6142;Drink;;14;3925;2018-06-07;;S-31;X;X
Product 6143;;2,124.63;;3,828.21;2021/06/14;;;X;X
Product 6144;Snack;258;;4070,30;2023-06-11;;S-15;X;X
Product 6145;Drink;2510,24;NaN;;19-10-2021;;S-43;X;X
Product 6146;Snack;;6;;2020/06/17;Portugal;;X;X
Product 6147;Food;4825,15;;870.34;2023-09-06;Germany;;X;X
Product 6148;Food;1560,10;;4693;2021/09/23;Portugal;S-29;X;X
Product 6149;;1622,86;;2809,06;25-03-2019;France;;X;X
;;;NaN;3077;2020-09-23;;;X;X
Product 6151;Drink;;14;4294,57;26/09/2023;;S-25;X;X
Product 6152;Snack;854,15;28;318;2022/12/22;France;S-15;X;X
Product 6153;;4726,44;94;2189;2018-06-06;France;;X;X
Product 6154;;2429,43;24;1983;21/08/2022;Germany;S-10;X;X
Product 6155;Snack;2743,96;22;;2019/02/25;;S-24;X;X
Product 6156;Snack;;;1097;2020-02-16;France;;X;X
Product 6157;Food;3154;NaN;422;2018/03/02;Germany;S-10;X;X
Product 6158;Food;2,116.22;;;07-04-2018;Germany;;X;X
Product 6159;;;;349.91;2023/06/04;France;;X;X
Product 6160;Food;;NaN;4,322.71;;France;;X;X
Product 6161;;3211,57;;1,399.13;2023-08-25;Portugal;;X;X
Product 6162;;;NaN;;2022-12-31;Portugal;;X;X
Product 6163;Snack;4,109.84;14;2,862.15;05/04/2020;Germany;;X;X
Product 6164;;1221,96;62;;14/05/2018;Germany;;X;X
;;1861;;;23/08/2024;;S-42;X;X
Product 6166;;896.03;;;2023/05/31;Germany;;X;X
Product 6167;Food;61,19;67;1,369.39;2023-09-24;;S-48;X;X
Product 6168;Food;263.97;NaN;1,637.55;2020-05-30;;;X;X
Product 6169;Drink;;22;3538,90;14/02/2019;Portugal;;X;X
Product 6170;Snack;4371;29;;03-01-2019;Portugal;;X;X
Product 6171;Drink;4549,77;NaN;2603;2018/04/05;;;X;X
Product 6172;;3,376.40;71;;2021/03/06;France;;X;X
Product 6173;;841,00;;780.24;2023-03-11;France;;X;X
Product 6174;Drink;479.19;84;;2024-01-17;;S-47;X;X
Product 6175;Snack;;67;;2020/04/26;Germany;;X;X
Product 6176;;2402,00;NaN;4050;2019-04-13;Portugal;S-19;X;X
Product 6177;;1575;;584.67;2020-01-26;Germany;S-27;X;X
Product 6178;Food;1,598.79;;1919,43;2022-11-21;Germany;;X;X
Product 6179;;;NaN;4563,57;2022-05-10;Portugal;;X;X
;;2,122.07;30;4019;;;;X;X
Product 6181;;1,029.03;NaN;4,641.52;2024/02/04;Germany;;X;X
Product 6182;Drink;643.62;;657.46;21-05-2020;;S-49;X;X
Product 6183;Food;1389,38;NaN;224.13;2018-11-11;Portugal;S-18;X;X
Product 6184;;4,956.07;NaN;722.94;25-08-2022;;;X;X
Product 6185;Snack;4,345.30;99;;26-04-2018;Portugal;;X;X
Product 6186;;920.95;70;152;11-06-2022;;;X;X
Product 6187;;;;3940,09;2023-05-25;France;;X;X
Product 6188;Snack;699,19;;;2020/01/29;France;;X;X
Product 6189;Snack;478,03;;;2023-12-07;Portugal;;X;X
Product 6190;Snack;4251,68;95;821;14-06-2019;Germany;S-21;X;X
Product 6191;Food;3790;70;;07-03-2019;Portugal;S-22;X;X
Product 6192;Food;2,670.93;13;;26/05/2023;Germany;;X;X
Product 6193;Food;1118,14;;938;10-10-2019;Portugal;;X;X
Product 6194;Drink;962.22;NaN;1,674.89;2024/01/17;Germany;;X;X
;Snack;;NaN;2867,40;2023-07-18;France;;X;X
Product 6196;Snack;4776,78;;3,073.93;2018/09/05;Germany;;X;X
Product 6197;Food;3,983.04;;2684;2019/06/12;Germany;;X;X
Product 6198;Snack;1216;;;14-09-2018;Portugal;;X;X
Product 6199;;;40;2,496.11;09-03-2024;France;;X;X
Product 6200;Food;3396;;597,32;;;S-43;X;X
Product 6201;;631;2;3,226.84;2020-08-15;Portugal;;X;X
Product 6202;Snack;;42;;2023/08/12;France;S-6;X;X
Product 6203;Snack;1492;;981;02/03/2022;;;X;X
Product 6204;;;NaN;;23-07-2021;France;S-14;X;X
Product 6205;Snack;3,965.26;67;4075;20-02-2023;Portugal;;X;X
Product 6206;Food;;;3594,35;08-06-2023;Portugal;S-25;X;X
Product 6207;Drink;2146;NaN;666,50;2024-11-04;Germany;;X;X
Product 6208;Drink;869,34;NaN;;2021/08/09;France;S-42;X;X
Product 6209;Drink;3648;NaN;3030;2019-05-18;Portugal;S-24;X;X
;Snack;;NaN;4,649.55;01-10-2022;France;;X;X
Product 6211;Food;;72;4414,22;2024-09-07;Germany;;X;X
Product 6212;Food;3,125.51;NaN;178;2018/12/20;;;X;X
Product 6213;Snack;1383;96;;2020/04/29;Germany;S-17;X;X
Product 6214;Food;;;4283;2018/03/27;Germany;;X;X
Product 6215;Snack;4151;8;;2019/08/16;Portugal;;X;X
Product 6216;Drink;2023,83;NaN;2359;23-07-2019;Portugal;;X;X
Product 6217;Food;1,673.04;;3066,87;30-09-2024;Germany;;X;X
Product 6218;Snack;;NaN;1054,76;27-07-2024;;S-14;X;X
Product 6219;Food;1854;71;567.22;24-05-2024;Germany;S-2;X;X
Product 6220;;2813,60;NaN;3037,90;;Portugal;;X;X
Product 6221;;;NaN;42.91;12-08-2022;;;X;X
Product 6222;;4802;46;4255;2024-05-25;Portugal;;X;X
Product 6223;Snack;3937,67;60;3133;28-07-2018;Germany;S-26;X;X
Product 6224;Food;;;;03/04/2024;Portugal;;X;X
;;2082,45;;1597;2023-08-24;Germany;;X;X
Product 6226;Food;1333;;1450;2022-06-28;Portugal;;X;X
Product 6227;Snack;;31;215;2020-12-07;Germany;S-23;X;X
Product 6228;;4244;96;1615;25-09-2020;;S-27;X;X
Product 6229;;;58;3003,09;14-08-2024;Germany;S-37;X;X
Product 6230;Snack;3887;;1934,94;2021-01-14;;;X;X
Product 6231;Food;;NaN;;03-04-2021;France;;X;X
Product 6232;;2171;64;2575;24/06/2018;Portugal;;X;X
Product 6233;Food;3334;NaN;3107;09/03/2024;Portugal;;X;X
Product 6234;Drink;;;3837,16;2021-06-03;;;X;X
Product 6235;Snack;636;28;1,978.03;12/01/2018;France;S-12;X;X
Product 6236;;3,739.69;12;3941,93;2018-10-15;Germany;;X;X
Product 6237;Snack;;74;2855;2018/10/25;France;;X;X
Product 6238;Drink;2,469.27;;2980,64;30-12-2021;Germany;;X;X
Product 6239;Snack;1489;90;1,726.88;2023-05-25;;;X;X
;Snack;2,374.11;NaN;526,44;;Portugal;;X;X
Product 6241;;;;936,63;12/10/2018;France;;X;X
Product 6242;Drink;4,754.51;96;;20-02-2018;Germany;S-31;X;X
Product 6243;;1,619.91;NaN;2,324.73;2023/09/11;;;X;X
Product 6244;Food;4700;;255,40;24/03/2018;Germany;;X;X
Product 6245;Drink;2054;NaN;1648,59;2020/10/23;Portugal;;X;X
Product 6246;Snack;;15;813.97;2022-03-25;Portugal;S-4;X;X
Product 6247;Snack;1231,76;NaN;;01/04/2021;;;X;X
Product 6248;Food;2064,79;8;;2019-09-16;;;X;X
Product 6249;Snack;1,966.48;;2244;04/05/2019;Portugal;S-7;X;X
Product 6250;;;80;;30/06/2018;;;X;X
Product 6251;Drink;2,951.19;60;2891;10/06/2019;;;X;X
Product 6252;Food;3079,56;100;1170;24/05/2024;Germany;S-39;X;X
Product 6253;Food;2076;NaN;505.64;2021/11/24;Portugal;;X;X
Product 6254;Snack;4302,22;NaN;;30/07/2018;France;S-20;X;X
;Snack;507.53;28;2939,70;11-03-2022;Portugal;;X;X
Product 6256;Food;3473,19;54;3,937.09;02/12/2018;Portugal;;X;X
Product 6257;;146,13;NaN;1,868.81;2020/03/23;Germany;;X;X
Product 6258;;2,485.51;18;699;28-10-2020;Germany;;X;X
Product 6259;Drink;;;2600;19-10-2019;France;S-29;X;X
Product 6260;Snack;294.65;NaN;3852,54;;France;;X;X
Product 6261;Food;3875,08;17;1519,15;2024-03-11;Germany;;X;X
Product 6262;Snack;4714;62;;2019-06-20;Portugal;;X;X
Product 6263;Snack;;;1,376.34;06-09-2024;Germany;;X;X
Product 6264;;4072,59;;485,93;07-07-2021;Portugal;;X;X
Product 6265;Snack;2,779.66;NaN;441;2020/08/08;Germany;;X;X
Product 6266;Drink;1932;39;1505;2018/12/16;France;;X;X
Product 6267;;2869,20;;1550;24-03-2021;;;X;X
Product 6268;;659,07;;76;17-07-2018;;S-6;X;X
Product 6269;Snack;;62;3782,39;2022-11-11;France;;X;X
;;3918;;91,48;08-01-2023;;;X;X
Product 6271;Drink;;42;1944,37;2022/08/07;;S-27;X;X
Product 6272;Food;1984;;;2023-06-10;;;X;X
Product 6273;Drink;3,212.22;43;;2019/08/26;France;;X;X
Product 6274;;3,743.33;NaN;;2020/05/07;Germany;;X;X
Product 6275;Drink;1943;78;1157;17/07/2022;Germany;;X;X
Product 6276;;;NaN;4700;2020/12/11;;;X;X
Product 6277;Snack;1,025.57;;;27-04-2021;Germany;S-31;X;X
Product 6278;;;NaN;52.04;2021-10-28;;;X;X
Product 6279;Food;693;82;4,326.18;07-09-2021;France;;X;X
Product 6280;Drink;;17;285,09;;Germany;S-10;X;X
Product 6281;Snack;4103;58;1,216.66;2024-09-07;;;X;X
Product 6282;;2528,14;NaN;4703;2018/04/12;;;X;X
Product 6283;Drink;4967,38;NaN;45;18/09/2023;France;;X;X
Product 6284;Drink;;;4621,66;30-08-2019;Germany;;X;X
;Drink;;NaN;;21-07-2024;;;X;X
Product 6286;Snack;;78;;02-09-2020;Germany;;X;X
Product 6287;;;;4,814.20;04-08-2018;Germany;;X;X
Product 6288;;2257,49;NaN;4500;2020-08-07;Portugal;;X;X
Product 6289;Snack;2,058.47;42;999,92;16-10-2018;France;S-37;X;X
Product 6290;Food;1,092.25;69;1369;22/10/2024;Germany;S-11;X;X
Product 6291;Drink;3000,41;NaN;4120,86;2019-01-06;France;;X;X
Product 6292;;;;781,86;10/10/2021;;;X;X
Product 6293;Snack;537;NaN;1256,31;08/08/2023;France;;X;X
Product 6294;Snack;3926,34;;;13/08/2020;Portugal;;X;X
Product 6295;Drink;567.94;;;2023/12/26;France;;X;X
Product 6296;Snack;2838;NaN;;18/03/2022;Portugal;;X;X
Product 6297;Drink;3656,91;NaN;1726;2020/12/08;Germany;;X;X
Product 6298;;3807,09;NaN;1,996.90;2019-04-22;Portugal;;X;X
Product 6299;Drink;973.44;69;1,914.00;2022-10-15;;S-6;X;X
;Food;1360;;3,818.17;;Germany;S-25;X;X
Product 6301;Drink;;;173;16-08-2018;Germany;S-27;X;X
Product 6302;Drink;4,166.15;24;2614,61;2021-11-17;France;S-5;X;X
Product 6303;Food;4784;;2032;2021-07-08;;;X;X
Product 6304;Drink;2667,40;NaN;952,98;06/06/2020;Portugal;;X;X
Product 6305;Snack;1407;47;;02/12/2019;Portugal;S-13;X;X
Product 6306;;443,05;NaN;4732,43;28/08/2022;Portugal;;X;X
Product 6307;;;;336;17-03-2020;France;S-31;X;X
Product 6308;;2,468.12;;;21/10/2021;Portugal;;X;X
Product 6309;;188;36;4413,83;29-01-2021;Germany;;X;X
Product 6310;Food;4543,55;73;3,920.11;2018/07/14;France;;X;X
Product 6311;Drink;518,65;7;2,381.87;2019-09-08;Portugal;S-37;X;X
Product 6312;Drink;4876,60;;4,450.04;24/05/2021;France;;X;X
Product 6313;Snack;3858,30;;;21/07/2021;Portugal;;X;X
Product 6314;Drink;4,242.10;NaN;2,307.80;06-04-2022;Germany;;X;X
;Food;4468,16;NaN;;2024-09-29;Portugal;S-17;X;X
Product 6316;Snack;;87;1400;2020/02/29;Portugal;S-45;X;X
Product 6317;Snack;4266,08;5;3,858.20;2019/01/09;;S-14;X;X
Product 6318;Drink;2020,99;10;1188;23-08-2023;France;;X;X
Product 6319;Food;3739,95;NaN;;2024/06/20;;S-3;X;X
Product 6320;;4380,86;;;;;S-25;X;X
Product 6321;Food;1,232.24;;4257;2018/06/04;France;S-45;X;X
Product 6322;Food;609.97;NaN;;10-10-2023;Portugal;;X;X
Product 6323;Food;1289;69;;13/11/2018;Germany;S-5;X;X
Product 6324;Snack;1511;NaN;1,064.84;2024-09-04;;;X;X
Product 6325;Snack;4440,78;62;1,245.62;2023-03-28;Portugal;S-12;X;X
Product 6326;Food;1,047.65;74;1,278.57;29-07-2023;Germany;S-41;X;X
Product 6327;;373,44;;3022,26;2022-09-14;Germany;;X;X
Product 6328;Snack;3476,79;;1,234.77;2022/01/24;Portugal;;X;X
Product 6329;Food;2428,32;NaN;1528,88;2022-01-04;France;S-45;X;X
;;;33;4632,79;2022-10-17;France;;X;X
Product 6331;Drink;293;7;2585;02-11-2023;France;S-1;X;X
Product 6332;Drink;3936,02;;2020;2018-08-04;Portugal;S-3;X;X
Product 6333;Food;4276,06;5;1,980.83;26/11/2018;Portugal;;X;X
Product 6334;Food;3953,58;NaN;4557;2022/08/21;France;;X;X
Product 6335;Snack;1,016.39;;4614,28;08/10/2018;;;X;X
Product 6336;;3913,45;;;2020-01-27;Portugal;S-36;X;X
Product 6337;Food;2914;;3,088.19;17-09-2018;France;;X;X
Product 6338;Drink;4631,11;NaN;;2020/04/08;Germany;;X;X
Product 6339;Food;4981;;3683,69;31-12-2022;France;S-5;X;X
Product 6340;Snack;4531,06;NaN;998.50;;Portugal;;X;X
Product 6341;Snack;807,86;;3143,16;2024-10-06;;S-4;X;X
Product 6342;;1446,64;;780;08-09-2020;France;;X;X
Product 6343;Drink;;53;2801,90;22-06-2021;;S-28;X;X
Product 6344;;4255;NaN;;2020/01/18;Portugal;;X;X
;Drink;;NaN;;2024/08/26;Portugal;;X;X
Product 6346;Drink;4669,43;;;2022/04/14;France;;X;X
Product 6347;Food;3,863.04;;237;2019-12-26;;;X;X
Product 6348;Drink;;;291.47;05/12/2019;;;X;X
Product 6349;Drink;4245;;1331;2023/09/29;;;X;X
Product 6350;Snack;2454;8;;2020/05/02;Portugal;;X;X
Product 6351;;4,300.93;NaN;1,575.51;2020-10-26;;;X;X
Product 6352;;3,025.98;NaN;;05/12/2020;Germany;;X;X
Product 6353;Snack;2770,54;NaN;;2018-06-01;Portugal;;X;X
Product 6354;Food;;NaN;1484,48;2024/06/17;Germany;;X;X
Product 6355;;1508,33;11;4393,33;02-01-2020;France;;X;X
Product 6356;Snack;;65;2193;05/03/2023;France;;X;X
Product 6357;Food;610;NaN;;25/06/2022;Germany;;X;X
Product 6358;Snack;846.60;;4465,84;2019/09/02;France;S-8;X;X
Product 6359;;594;46;4808;2019/03/13;Portugal;;X;X
;;4384,89;NaN;3,876.91;;Germany;;X;X
Product 6361;Drink;3549,93;48;358.86;2020-09-02;Germany;;X;X
Product 6362;Snack;4,600.41;NaN;;2018/06/29;;S-35;X;X
Product 6363;Drink;;;3,783.34;2020-07-06;France;;X;X
Product 6364;Snack;;;;2024-01-30;Portugal;S-15;X;X
Product 6365;;4,829.06;78;1,881.24;2021/04/07;Germany;;X;X
Product 6366;Snack;;40;;2020-06-26;Portugal;;X;X
Product 6367;Snack;2739;;4,554.97;2018-05-18;Portugal;;X;X
Product 6368;Food;1685;;1,525.64;2019/12/01;Portugal;S-36;X;X
Product 6369;Food;;;4,472.83;2024-11-02;;;X;X
Product 6370;Food;3697,97;33;2413;23-04-2021;Germany;;X;X
Product 6371;Drink;10;;3912,97;2022/03/04;Portugal;;X;X
Product 6372;Snack;1414,98;;;23-05-2023;Portugal;S-12;X;X
Product 6373;;;;3202,17;2024-09-12;;;X;X
Product 6374;Snack;2918;NaN;668.13;2023-03-23;Germany;;X;X
;Snack;2602;;2133,31;2020/06/19;Germany;S-25;X;X
Product 6376;Food;2129;25;;2024/05/01;France;S-48;X;X
Product 6377;Drink;2,533.42;81;2241;2018/10/04;Germany;;X;X
Product 6378;;4905,81;89;3293,61;2022-08-18;;;X;X
Product 6379;;1846;100;2914,14;23/04/2023;Germany;;X;X
Product 6380;Food;2163;90;2035,27;;;;X;X
Product 6381;;;NaN;;2023/09/15;;;X;X
Product 6382;Snack;1041;;1734,93;2023-04-22;Germany;;X;X
Product 6383;Snack;3891;61;3616;13-08-2019;Portugal;;X;X
Product 6384;Food;4,432.56;;;03/04/2019;France;;X;X
Product 6385;Drink;2241,27;;2,361.01;27/06/2023;;;X;X
Product 6386;Snack;;;;2021-05-30;Portugal;;X;X
Product 6387;Drink;2021;;2516;13-10-2024;Portugal;;X;X
Product 6388;Drink;2025,47;;2603,17;14/01/2024;France;;X;X
Product 6389;;1294,95;NaN;1,892.14;07/09/2020;Portugal;;X;X
;Snack;2382,05;;1379,52;2020-05-14;France;;X;X
Product 6391;;415;NaN;;2022/10/01;France;S-49;X;X
Product 6392;Food;556.16;NaN;;16-11-2021;Portugal;;X;X
Product 6393;Snack;;98;;2022-06-15;Portugal;S-42;X;X
Product 6394;Food;;NaN;4462,85;2020/09/17;;;X;X
Product 6395;;4305;40;4649,56;05/11/2021;Portugal;;X;X
Product 6396;;;NaN;1681,43;2019-07-23;France;S-36;X;X
Product 6397;;3890,15;30;1,774.15;23/09/2019;France;;X;X
Product 6398;Snack;4384,74;66;;23-12-2022;Germany;;X;X
Product 6399;;;12;2505;11-02-2019;;S-11;X;X
Product 6400;Food;2045,89;NaN;;;France;;X;X
Product 6401;Drink;3361,58;;;2023-02-15;;;X;X
Product 6402;Snack;2,429.31;NaN;;2018-05-19;Portugal;;X;X
Product 6403;Food;;;4994,40;2019-12-07;France;S-48;X;X
Product 6404;Snack;842,50;;4,424.71;2024/03/07;France;;X;X
;;608.57;NaN;3,317.04;2021-11-03;Germany;S-24;X;X
Product 6406;Snack;700.03;91;;29/01/2023;;S-15;X;X
Product 6407;;2,761.07;NaN;;2024/08/16;France;;X;X
Product 6408;Food;874.95;NaN;1,855.87;15/02/2024;Germany;S-45;X;X
Product 6409;Food;1419;;3368,04;2020-06-26;Germany;;X;X
Product 6410;Drink;2,355.21;74;;12-01-2019;Portugal;;X;X
Product 6411;;2630;;2700;05/03/2024;Germany;;X;X
Product 6412;Drink;4999;NaN;4,726.21;2022/01/24;;;X;X
Product 6413;Food;159;;4686;2018/05/19;France;;X;X
Product 6414;;461;3;1,473.12;2019/07/21;Germany;S-12;X;X
Product 6415;Drink;2261,86;NaN;1827,11;2022/06/13;Portugal;;X;X
Product 6416;Snack;1140,87;;813,41;27-03-2018;France;;X;X
Product 6417;Snack;3,522.66;NaN;;2018/04/09;Germany;S-49;X;X
Product 6418;Food;1735,15;;1095;2022/06/12;Portugal;;X;X
Product 6419;Food;4130;NaN;4194;03/05/2020;Portugal;;X;X
;Drink;;NaN;689,74;;Germany;S-43;X;X
Product 6421;Drink;4,638.23;;1697,71;2024-10-22;;S-42;X;X
Product 6422;Drink;3,830.72;NaN;285;2018/07/22;;;X;X
Product 6423;;4617,68;;3944,65;2018-02-11;;S-50;X;X
Product 6424;Snack;;72;;30-09-2021;France;;X;X
Product 6425;;1446;;3820,57;02-01-2020;Germany;;X;X
Product 6426;;4782,51;97;1866,99;2021-08-28;France;;X;X
Product 6427;Drink;;;2,893.32;31/10/2022;;;X;X
Product 6428;Snack;2620,95;NaN;3,206.60;19/08/2022;;S-14;X;X
Product 6429;Drink;638,13;;2895,93;17/09/2019;;S-7;X;X
Product 6430;Snack;4257,44;;1,684.42;2019/10/25;;;X;X
Product 6431;Snack;4474,77;;815;2018/02/19;;;X;X
Product 6432;Drink;3110;;4132,69;27-09-2020;Portugal;S-13;X;X
Product 6433;Food;1212,92;68;842,80;02/08/2021;;;X;X
Product 6434;;3,066.32;42;;18/01/2019;Portugal;;X;X
;Snack;3933,22;36;2011,88;2020/03/12;France;;X;X
Product 6436;Drink;4649;45;803.54;2024/04/10;;;X;X
Product 6437;;;73;2623,31;2023/10/27;;;X;X
Product 6438;;3999;;;2019-09-23;Germany;S-10;X;X
Product 6439;Drink;3,663.82;;;2024/05/30;Portugal;;X;X
Product 6440;Food;2,753.01;NaN;4301,36;;Portugal;S-37;X;X
Product 6441;Food;425.01;;;2019/01/18;Portugal;S-48;X;X
Product 6442;Drink;112.86;;2759;2021/04/25;;;X;X
Product 6443;Food;;;4,955.80;02/11/2022;France;;X;X
Product 6444;;4906,69;;4831,14;2018/07/01;Germany;S-4;X;X
Product 6445;Drink;3,368.44;;3701,87;2020/02/07;France;;X;X
Product 6446;Snack;2323,30;97;1,579.66;12-10-2021;Germany;S-10;X;X
Product 6447;Drink;3338,17;NaN;;24-07-2024;Portugal;;X;X
Product 6448;Food;;NaN;1943;04-02-2020;;;X;X
Product 6449;;1,252.91;NaN;1,424.53;2020-02-27;;;X;X
;;;;1413;19/09/2020;Portugal;;X;X
Product 6451;Snack;2981,31;;1,143.54;2018-12-27;Portugal;S-42;X;X
Product 6452;Drink;1594;33;1,472.25;2023-09-19;Portugal;;X;X
Product 6453;Food;2762;NaN;;20/09/2023;France;;X;X
Product 6454;Snack;4574;NaN;2736;18/08/2024;;S-17;X;X
Product 6455;Drink;2961;79;;2024-02-01;;;X;X
Product 6456;Food;3489,36;;2171,22;2023/02/19;Germany;;X;X
Product 6457;Food;2723;NaN;544;2020/05/28;;;X;X
Product 6458;;932,86;64;;21/02/2023;Germany;;X;X
Product 6459;;;;2811,33;2024-10-26;;S-49;X;X
Product 6460;;2832,19;;4469,96;;Germany;;X;X
Product 6461;Food;3447;NaN;;11/08/2020;Germany;;X;X
Product 6462;Drink;;15;1536,86;11-12-2018;;;X;X
Product 6463;Drink;73,86;;;2021-10-01;;S-22;X;X
Product 6464;Drink;;;;2021/07/23;France;;X;X
;Snack;;94;137,32;15-10-2022;Germany;;X;X
Product 6466;Snack;;NaN;2,355.04;28/08/2020;France;;X;X
Product 6467;;3780;NaN;;03-12-2022;France;;X;X
Product 6468;;2220,26;;4266;2018-10-26;Portugal;S-21;X;X
Product 6469;Drink;414;NaN;;05/02/2023;;;X;X
Product 6470;;;;;05-12-2022;;S-2;X;X
Product 6471;Drink;466.17;;1461,82;31-03-2024;;;X;X
Product 6472;Drink;2091,27;62;;2022/09/08;Germany;;X;X
Product 6473;Snack;1494,20;35;3,653.52;19-10-2024;Germany;S-29;X;X
Product 6474;Drink;700.07;;;20/08/2020;Portugal;S-15;X;X
Product 6475;;3175;60;1011,57;06-04-2021;;;X;X
Product 6476;Drink;;;;2018/04/21;Portugal;;X;X
Product 6477;;3,079.83;96;3124;2023-05-06;Portugal;;X;X
Product 6478;Drink;;90;1976;2021-12-02;;S-37;X;X
Product 6479;Food;1478;;3,975.57;2019-07-11;Germany;;X;X
;Snack;;;528;;Germany;S-34;X;X
Product 6481;Snack;4,298.41;;;25/01/2019;;;X;X
Product 6482;Drink;1615,54;NaN;1571;2021-09-17;Portugal;S-9;X;X
Product 6483;;2,657.52;NaN;;23/02/2022;Portugal;S-14;X;X
Product 6484;Drink;1,201.94;NaN;2810;12/06/2022;France;;X;X
Product 6485;Snack;4,504.77;;4212,86;2021-09-10;Germany;;X;X
Product 6486;;1062,96;42;3339;2023-02-22;;;X;X
Product 6487;Food;3833;;531;2019/08/31;France;;X;X
Product 6488;Food;400.08;81;1869;2021/12/17;Germany;;X;X
Product 6489;;1539;;;28-08-2019;;S-14;X;X
Product 6490;Drink;;NaN;985,03;2023/02/03;;;X;X
Product 6491;Snack;3001;;;18/11/2022;Portugal;;X;X
Product 6492;;2672;;;2021/03/15;Germany;;X;X
Product 6493;Drink;2292,68;;3215,90;16/02/2020;Portugal;;X;X
Product 6494;;;NaN;;24/06/2019;Portugal;;X;X
;;;;419,31;06/03/2024;Germany;S-23;X;X
Product 6496;Snack;74;NaN;625.59;30/12/2022;;;X;X
Product 6497;Food;;53;;01/11/2018;France;;X;X
Product 6498;Food;307.17;;;02/02/2018;Germany;;X;X
Product 6499;Food;1,108.12;;1078,07;19/07/2023;Germany;;X;X
Product 6500;Food;3102;24;1971;;;;X;X
Product 6501;Snack;3378;;;03/02/2020;;S-48;X;X
Product 6502;Drink;1,794.18;NaN;;2018/05/06;;;X;X
Product 6503;;4241;44;;2021/05/25;Portugal;S-12;X;X
Product 6504;Snack;3,200.18;100;;2018-02-08;France;;X;X
Product 6505;Food;2,626.80;;;2018/02/19;;;X;X
Product 6506;Food;230,45;;;26/12/2021;Germany;;X;X
Product 6507;Snack;4,558.24;;546,84;2021/05/13;France;;X;X
Product 6508;;;NaN;;28-01-2021;Portugal;S-1;X;X
Product 6509;Snack;919,10;NaN;1,782.00;28/01/2020;Germany;S-8;X;X
;;2213,11;90;;10/08/2023;Portugal;;X;X
Product 6511;Snack;2,426.86;;;2023-08-12;Portugal;;X;X
Product 6512;Drink;3,001.19;;3861;15/07/2023;Portugal;;X;X
Product 6513;Food;132,21;NaN;;06/06/2023;France;;X;X
Product 6514;Drink;2,036.35;;1,580.33;04/02/2021;France;;X;X
Product 6515;Snack;4525;NaN;4108;2020/03/19;;S-39;X;X
Product 6516;Drink;3,422.49;NaN;4105,20;31-03-2023;;;X;X
Product 6517;;;35;2,062.26;2019-11-17;;;X;X
Product 6518;Snack;;NaN;589,52;2020/12/23;France;;X;X
Product 6519;;4292,19;;4,431.89;20/03/2021;;;X;X
Product 6520;Drink;1,981.08;3;;;Portugal;;X;X
Product 6521;Food;4097,03;;;26-06-2023;Germany;S-11;X;X
Product 6522;Snack;4855,88;NaN;4,617.34;20/08/2019;Portugal;;X;X
Product 6523;;4,195.01;NaN;;2021/10/10;;;X;X
Product 6524;Drink;2500;;3,940.81;2024/05/28;Portugal;S-33;X;X
;Snack;2658;NaN;1,073.44;2024/04/02;France;S-22;X;X
Product 6526;Food;37.95;;1,896.40;08/04/2024;;;X;X
Product 6527;Snack;225,42;70;4,875.61;2023/07/26;Germany;S-15;X;X
Product 6528;Food;3357,12;NaN;;22-06-2024;Germany;;X;X
Product 6529;Drink;531.21;37;3,983.34;2022/02/02;Germany;;X;X
Product 6530;;3,214.93;;;04-09-2024;France;S-35;X;X
Product 6531;Snack;1,868.36;6;2907,91;2022/11/12;France;;X;X
Product 6532;Snack;;NaN;3771,87;12/03/2019;;;X;X
Product 6533;;423,76;51;;2018-04-11;Germany;S-31;X;X
Product 6534;Snack;10,31;;;06-09-2023;;S-18;X;X
Product 6535;Snack;919;;;2019-01-18;Germany;;X;X
Product 6536;Snack;;;602;25/09/2022;Portugal;;X;X
Product 6537;Snack;731;NaN;4825,38;2020/06/19;France;;X;X
Product 6538;;1882;33;;2024-10-27;Germany;;X;X
Product 6539;Drink;3500,07;;4028,82;03/06/2022;;;X;X
;Snack;2570;;364.52;;Portugal;S-22;X;X
Product 6541;;1769;NaN;4760;19/03/2019;France;;X;X
Product 6542;Drink;;NaN;3428;2020/12/16;Germany;;X;X
Product 6543;;2,896.84;;;2022/05/03;Germany;;X;X
Product 6544;Food;1134;NaN;1378,41;2024/07/06;Germany;;X;X
Product 6545;Drink;3969;NaN;2437,35;24-06-2022;;;X;X
Product 6546;Drink;3,634.78;43;1755,97;29-09-2021;France;;X;X
Product 6547;Food;683.58;;;2022-08-26;France;;X;X
Product 6548;Drink;;;1,736.28;2020-01-24;Portugal;;X;X
Product 6549;Drink;;78;2,743.25;17-07-2023;France;S-33;X;X
Product 6550;Food;2327,37;45;250;2019/08/03;Portugal;;X;X
Product 6551;;;;;2021-07-04;Germany;;X;X
Product 6552;Snack;1448;78;;2020-08-31;France;;X;X
Product 6553;Drink;;;2669;10-07-2024;Germany;;X;X
Product 6554;;64,24;;3,092.80;04/04/2019;;S-14;X;X
;;3074;68;757.57;01/03/2023;Portugal;;X;X
Product 6556;Food;979,06;NaN;4328,59;2021/04/13;France;;X;X
Product 6557;;;66;;2023/05/24;Germany;;X;X
Product 6558;Food;;27;4634;2021-05-07;Portugal;;X;X
Product 6559;;;NaN;;2024/03/30;France;;X;X
Product 6560;Snack;1699;6;3233;;;S-5;X;X
Product 6561;;;68;3208;06/05/2021;France;S-5;X;X
Product 6562;;;26;1360,70;2022/11/20;France;;X;X
Product 6563;;334,48;NaN;414,86;2021/02/09;Portugal;;X;X
Product 6564;Food;3,918.77;NaN;1054;01-07-2020;Germany;S-35;X;X
Product 6565;Drink;2768;75;4726,64;2018/06/14;;S-47;X;X
Product 6566;Food;2383,95;19;;2023/04/15;Portugal;;X;X
Product 6567;Snack;2033,90;;4,239.89;2021/01/18;;S-19;X;X
Product 6568;Food;3985,77;39;;2018/12/04;Portugal;S-3;X;X
Product 6569;Drink;779.40;;;30-09-2023;Germany;S-15;X;X
;Snack;346,24;NaN;;2021/06/12;Portugal;S-22;X;X
Product 6571;Drink;;;3210,10;2024-09-08;Germany;;X;X
Product 6572;Drink;;;4795,75;2021-10-28;Germany;S-3;X;X
Product 6573;Snack;3,163.06;NaN;;11/12/2019;Germany;;X;X
Product 6574;Drink;1,676.50;1;708,29;2019/10/05;;S-26;X;X
Product 6575;Food;;;;2018/10/03;Germany;;X;X
Product 6576;Drink;615;NaN;543.45;21-04-2024;France;;X;X
Product 6577;;2928,87;;;2022-03-21;Portugal;;X;X
Product 6578;Food;;NaN;3,482.34;03-11-2018;Portugal;S-8;X;X
Product 6579;Drink;4093;16;;2021/07/16;France;;X;X
Product 6580;;3235;NaN;4032,75;;Portugal;;X;X
Product 6581;Food;;NaN;3738,74;2018-01-23;Portugal;;X;X
Product 6582;Snack;418;;;2021-06-24;Germany;S-3;X;X
Product 6583;Food;4229;34;1789,83;18-11-2023;Portugal;;X;X
Product 6584;Snack;962,83;32;;2022-09-25;;S-10;X;X
;Food;144.59;NaN;3,992.61;01-03-2022;Germany;;X;X
Product 6586;;2267;NaN;835.45;2021-02-15;;;X;X
Product 6587;Snack;3,864.55;NaN;4796,99;2018/09/03;;;X;X
Product 6588;Food;2,848.99;;2715,87;29-08-2023;Germany;S-6;X;X
Product 6589;Snack;4368,51;;3,424.29;2024-06-20;France;;X;X
Product 6590;Drink;1035;;502,37;2023-11-21;Germany;;X;X
Product 6591;Food;;13;3545;28-09-2019;Germany;;X;X
Product 6592;Food;1,899.95;84;;02/08/2023;Portugal;;X;X
Product 6593;;;4;4151;2019/10/22;France;;X;X
Product 6594;;3774;NaN;2,424.33;2024-06-05;;S-35;X;X
Product 6595;;516.41;96;4464,73;03/10/2024;Germany;S-48;X;X
Product 6596;Snack;;NaN;;24/06/2021;Germany;;X;X
Product 6597;Food;2063,67;;31.52;2023/08/10;France;;X;X
Product 6598;Snack;4411;;;02-10-2024;Portugal;;X;X
Product 6599;Food;4,477.58;NaN;;2023/08/27;;;X;X
;;206,22;33;2832;;Portugal;;X;X
Product 6601;Snack;3894,72;NaN;4627;2023/02/16;Germany;S-12;X;X
Product 6602;Drink;4072;38;1558,29;01/12/2019;Portugal;;X;X
Product 6603;Drink;;NaN;;2023-08-28;;;X;X
Product 6604;Food;1,964.60;NaN;;2022/02/27;Germany;;X;X
Product 6605;Snack;2,155.41;;;2018/11/14;;S-17;X;X
Product 6606;Snack;4357;NaN;;22/07/2022;Portugal;;X;X
Product 6607;Food;318.07;37;929.13;06/05/2021;Germany;S-6;X;X
Product 6608;Food;2439;NaN;851.23;28/06/2023;;;X;X
Product 6609;;1579;;2,918.48;2024/08/22;Germany;;X;X
Product 6610;Food;1,103.04;;3102,76;2019-07-10;;S-20;X;X
Product 6611;;2445;;;21/01/2021;Germany;;X;X
Product 6612;Snack;3363;;4049,82;2018-05-20;;;X;X
Product 6613;Drink;;NaN;199.29;2022-07-17;France;;X;X
Product 6614;Drink;;;673,07;27/03/2021;France;S-16;X;X
;;;NaN;1960,35;24/08/2022;;;X;X
Product 6616;Food;;32;;2023/07/18;;;X;X
Product 6617;Food;798;94;;22-09-2024;Portugal;S-37;X;X
Product 6618;Drink;4070;;3393;2020/01/20;Portugal;;X;X
Product 6619;Drink;3540,79;NaN;3293,92;2022/05/19;;;X;X
Product 6620;;;;3,099.97;;;;X;X
Product 6621;;3127;74;4649,70;2023/09/15;Portugal;S-8;X;X
Product 6622;Snack;;;3013;17-02-2023;Germany;S-49;X;X
Product 6623;Drink;;;1708,07;2018/05/04;;;X;X
Product 6624;Food;1634;;;2018/03/13;Portugal;S-5;X;X
Product 6625;Snack;4,293.74;46;4188,13;2023/04/10;France;;X;X
Product 6626;;4092,12;;3,003.71;06-09-2024;;S-29;X;X
Product 6627;;4,331.84;NaN;49.06;16/01/2022;Germany;;X;X
Product 6628;Snack;;78;3897,99;2019-10-31;Portugal;;X;X
Product 6629;Drink;3,554.81;NaN;437;2023-12-23;Germany;S-39;X;X
;Snack;2,986.39;;2928;2020-11-06;;S-32;X;X
Product 6631;Food;3698,48;NaN;800.39;2021/11/09;Portugal;;X;X
Product 6632;Snack;3,069.44;66;;2023/08/14;Portugal;;X;X
Product 6633;Drink;1287;;4386;2022/08/22;Portugal;;X;X
Product 6634;;4332,36;;;2019-12-08;;;X;X
Product 6635;;654,95;NaN;4,613.39;29/12/2023;France;S-42;X;X
Product 6636;;1505;NaN;1,373.06;2022-01-18;Germany;;X;X
Product 6637;;4,505.17;NaN;2553;05/02/2022;;;X;X
Product 6638;Snack;736.72;NaN;3,637.82;26-07-2018;Portugal;;X;X
Product 6639;;;NaN;4803;28/04/2022;Germany;;X;X
Product 6640;Food;2307,35;NaN;624,30;;;;X;X
Product 6641;;1434;NaN;4696;2018/01/07;Germany;;X;X
Product 6642;Snack;;11;4,025.40;25/10/2020;France;;X;X
Product 6643;Drink;4,289.85;;798;2022-06-21;Germany;;X;X
Product 6644;;1867;57;2926;2019/08/03;;S-26;X;X
;;3490,57;;1274;02/02/2021;Portugal;;X;X
Product 6646;Food;2,294.78;;;2019-05-10;France;S-20;X;X
Product 6647;Food;1,150.89;NaN;2160,62;04/06/2023;Germany;;X;X
Product 6648;Snack;;NaN;4,260.34;2023/08/23;Portugal;;X;X
Product 6649;;2,777.50;11;3,467.12;27/04/2022;Portugal;S-12;X;X
Product 6650;Drink;3,870.86;38;;2023/01/20;Portugal;;X;X
Product 6651;Drink;2,223.54;;4134;18-10-2020;France;S-27;X;X
Product 6652;;3467;91;;2024/04/11;Portugal;;X;X
Product 6653;Food;;;329.33;2024/01/28;France;;X;X
Product 6654;Snack;;;3,743.49;20-05-2018;Germany;S-39;X;X
Product 6655;;58.75;41;1742;2018-04-01;Germany;S-22;X;X
Product 6656;;2,034.98;;3443,26;2020/09/08;Germany;;X;X
Product 6657;Food;;NaN;1,473.14;24/07/2019;Portugal;S-17;X;X
Product 6658;;1002,31;;4025,50;2020/07/22;;;X;X
Product 6659;Snack;336.82;29;3,541.76;2021-07-22;France;S-48;X;X
;Drink;4,416.40;NaN;;;;;X;X
Product 6661;Drink;135,33;7;3679;2021/02/06;;;X;X
Product 6662;Snack;4456;;385.36;2018/04/14;France;;X;X
Product 6663;Drink;2516;;277,27;2023-08-10;Portugal;;X;X
Product 6664;;632;NaN;2762,03;04-08-2018;France;;X;X
Product 6665;Snack;3,866.17;;;2019-06-14;France;S-46;X;X
Product 6666;Food;1,022.96;NaN;4698,78;2023-09-19;Germany;;X;X
Product 6667;Food;;9;2631,40;2019-09-18;Portugal;;X;X
Product 6668;Food;;;998.63;2019-04-10;Germany;;X;X
Product 6669;Food;114.70;NaN;4806;2018/07/29;;S-28;X;X
Product 6670;;;;2,211.70;28/12/2018;France;;X;X
Product 6671;;2493,83;8;747;21-01-2022;Portugal;;X;X
Product 6672;Food;;;774,90;2018/06/30;Portugal;S-7;X;X
Product 6673;;43;NaN;4443;13-09-2024;;;X;X
Product 6674;Snack;3200;;2,321.38;02/01/2018;Germany;;X;X
;Snack;3032;;2154;2019/10/24;Germany;;X;X
Product 6676;Snack;4,453.26;;2902;01/07/2018;;S-18;X;X
Product 6677;Food;120;41;;2018-05-08;Portugal;;X;X
Product 6678;Food;4586;NaN;;2019/03/07;France;S-12;X;X
Product 6679;Food;2841,30;;4,210.35;08/10/2021;;;X;X
Product 6680;;568.62;27;3006;;;S-5;X;X
Product 6681;Drink;727;85;3542,00;2022-06-05;Portugal;;X;X
Product 6682;Drink;3817,99;4;4483,55;30/06/2023;Germany;S-44;X;X
Product 6683;;4,540.48;;3,642.50;16/10/2023;Portugal;S-17;X;X
Product 6684;Food;1871,00;;4,570.87;2023-06-29;;S-47;X;X
Product 6685;Food;387;;2,400.61;08-06-2019;France;;X;X
Product 6686;;1458,87;57;3511,46;04/05/2019;Portugal;;X;X
Product 6687;Snack;2375,97;12;1914,57;11/03/2022;;S-2;X;X
Product 6688;Snack;2704,47;62;;08-12-2022;France;;X;X
Product 6689;;1083,69;89;;2022-07-21;Portugal;S-33;X;X
;;1429,21;NaN;267.42;2020-10-26;;S-34;X;X
Product 6691;Snack;306,26;92;3653,06;17-01-2020;;S-28;X;X
Product 6692;Snack;1359,70;NaN;189.29;26/03/2019;Germany;;X;X
Product 6693;Drink;;;2089,11;2018-02-26;;S-34;X;X
Product 6694;Drink;4468;73;82.78;2018-02-15;Portugal;S-15;X;X
Product 6695;Drink;379.24;;66.32;2023/10/13;Germany;;X;X
Product 6696;Food;4,168.19;;4171,96;2024/07/16;France;;X;X
Product 6697;Snack;2612,20;;3821,14;2019/08/24;;;X;X
Product 6698;Food;1,372.20;30;1,519.19;2020-12-04;;;X;X
Product 6699;;;24;3,186.62;05/02/2018;Portugal;;X;X
Product 6700;Food;1598,59;NaN;2679;;Portugal;S-44;X;X
Product 6701;Food;985,42;57;4216;2022-02-01;;;X;X
Product 6702;;;59;4,005.85;19/03/2024;;S-46;X;X
Product 6703;Food;2581;NaN;4946,38;2021/02/09;Portugal;;X;X
Product 6704;Food;;NaN;3,534.02;12-07-2023;Portugal;;X;X
;Drink;;85;;2021/03/08;Portugal;;X;X
Product 6706;;2744,57;11;4110,21;18-12-2022;Portugal;S-43;X;X
Product 6707;;456,05;NaN;;27-09-2019;France;;X;X
Product 6708;;;NaN;;2024-07-03;France;S-27;X;X
Product 6709;;3951,55;;;08-12-2018;Portugal;;X;X
Product 6710;Snack;2,023.99;21;4649,00;22-11-2018;France;S-4;X;X
Product 6711;Snack;2418,66;NaN;1051,90;23-11-2020;Germany;S-24;X;X
Product 6712;;2179,66;21;1,513.25;14-04-2022;Portugal;;X;X
Product 6713;Snack;;NaN;;06/06/2020;France;;X;X
Product 6714;Food;;34;2521,64;19-11-2022;Germany;;X;X
Product 6715;Drink;;;3707,92;2020-07-03;;S-48;X;X
Product 6716;Drink;;10;;02/10/2023;Germany;S-50;X;X
Product 6717;Food;2,192.70;;;09-09-2024;Portugal;;X;X
Product 6718;Drink;3,319.98;;3083;25-08-2023;Portugal;;X;X
Product 6719;Food;;NaN;;15/04/2022;Portugal;;X;X
;Food;4348;;4381,10;;France;;X;X
Product 6721;Drink;4324;7;;2021/04/14;Portugal;;X;X
Product 6722;Food;4,848.23;;2649;2023/10/30;Portugal;;X;X
Product 6723;Drink;1874;;745.90;2023/09/05;Germany;S-36;X;X
Product 6724;;1782,69;;4210,61;20-12-2018;Germany;;X;X
Product 6725;Drink;;NaN;941;29/10/2022;Portugal;S-24;X;X
Product 6726;Drink;1,635.75;;4257,83;12/10/2022;Germany;;X;X
Product 6727;;2,727.16;61;;07-11-2021;;;X;X
Product 6728;Drink;1,823.73;NaN;3135;2021/08/18;France;;X;X
Product 6729;Food;4,936.94;92;1251;2023/09/21;;;X;X
Product 6730;Snack;;;4043,24;13/09/2021;Germany;S-29;X;X
Product 6731;;2,000.90;44;3975;2021-05-11;Germany;;X;X
Product 6732;Drink;;;1,263.75;2021/11/18;Portugal;;X;X
Product 6733;;1675,76;96;3,355.49;06-04-2019;;;X;X
Product 6734;;332;NaN;1300,99;03/01/2024;Germany;S-24;X;X
;Food;2697;NaN;876;2020-03-27;France;;X;X
Product 6736;Food;;NaN;3964,32;22/12/2020;Germany;S-28;X;X
Product 6737;Drink;2,740.27;;46.49;2019/04/14;Germany;S-7;X;X
Product 6738;Drink;21.50;8;3167,02;30/03/2023;;;X;X
Product 6739;;32;;2218,63;2020-08-30;;;X;X
Product 6740;;;77;;;Portugal;S-22;X;X
Product 6741;;;;1367;19/02/2020;Germany;S-28;X;X
Product 6742;Food;2,149.99;;1216;2023-01-20;Portugal;;X;X
Product 6743;;1275,23;NaN;;2021/08/28;Germany;S-4;X;X
Product 6744;Drink;3189,86;;;2021/05/09;;;X;X
Product 6745;Drink;823.03;;;04/02/2018;France;S-45;X;X
Product 6746;Snack;4373;NaN;3402;2023/06/08;Portugal;;X;X
Product 6747;;;;;18/01/2019;Germany;S-25;X;X
Product 6748;Food;532.48;;4866;21/10/2020;Portugal;S-26;X;X
Product 6749;Snack;;;1180,90;2019-10-01;France;S-13;X;X
;Food;4090,92;;;21/09/2021;Germany;;X;X
Product 6751;Food;;22;2684;01-05-2018;;S-9;X;X
Product 6752;;625,31;;949;2024-11-01;Portugal;S-1;X;X
Product 6753;;3,194.54;34;2357,86;04/12/2020;;;X;X
Product 6754;;2,777.85;NaN;4038,66;26-04-2022;France;;X;X
Product 6755;Snack;;NaN;57,79;31/01/2019;France;;X;X
Product 6756;Food;2345,71;NaN;3,965.50;03-04-2022;Germany;;X;X
Product 6757;;604;;;31/08/2022;Portugal;S-37;X;X
Product 6758;;701.04;97;1277;2021/06/10;France;;X;X
Product 6759;;;NaN;2,107.03;2019/06/27;France;;X;X
Product 6760;;;;450,07;;Germany;;X;X
Product 6761;Drink;992,10;;4032;2019/08/23;France;S-38;X;X
Product 6762;Food;43,10;NaN;3389,39;2023-10-05;;;X;X
Product 6763;Food;732,13;67;1941,64;2020-04-30;France;S-1;X;X
Product 6764;;4136;;3566,49;2019-09-05;;S-47;X;X
;Snack;704;14;2467;27/03/2019;;;X;X
Product 6766;Food;;NaN;4519;21-11-2019;Germany;S-39;X;X
Product 6767;Snack;1083,03;72;;13-10-2024;Portugal;S-22;X;X
Product 6768;;;49;1,442.99;2023/10/01;Portugal;;X;X
Product 6769;;;NaN;1193,73;18-02-2022;Germany;;X;X
Product 6770;Food;4927,28;3;;12/08/2021;Portugal;;X;X
Product 6771;;;;326,00;2018-11-13;France;S-25;X;X
Product 6772;Snack;;;572;05-05-2023;Portugal;;X;X
Product 6773;;541;;3908;2024-03-07;Portugal;S-10;X;X
Product 6774;;;NaN;819;16/02/2018;;;X;X
Product 6775;Food;;;;2023-08-13;France;S-23;X;X
Product 6776;Drink;;NaN;;2018/08/13;Portugal;;X;X
Product 6777;Snack;2033,60;;596.73;26/04/2024;Portugal;S-44;X;X
Product 6778;Drink;;42;311;2024-10-12;;;X;X
Product 6779;;2,620.08;;;2020-10-04;Germany;;X;X
;Snack;973;;4561,84;;France;;X;X
Product 6781;;80;;;2022/03/28;;S-43;X;X
Product 6782;Drink;761;NaN;1763;19-05-2019;;S-17;X;X
Product 6783;Drink;;NaN;2,667.36;2023-08-08;;S-36;X;X
Product 6784;Snack;3410;34;809;2019-11-07;;;X;X
Product 6785;;;;4818;19/05/2021;;;X;X
Product 6786;Drink;3,120.71;NaN;3334;13-08-2018;;;X;X
Product 6787;Snack;635,92;NaN;4578,56;04/10/2023;France;;X;X
Product 6788;;2897;69;1,178.60;2021-02-03;Portugal;;X;X
Product 6789;;1219,39;;;2019-02-16;;S-19;X;X
Product 6790;Snack;2293;6;3714;07-03-2023;Portugal;;X;X
Product 6791;;;43;4,536.56;2019/06/30;Portugal;S-42;X;X
Product 6792;Drink;;;666.92;24/02/2018;Germany;;X;X
Product 6793;Drink;250,34;NaN;1,379.30;2019-05-15;France;;X;X
Product 6794;Snack;1672,87;;1753,72;2024/07/24;Germany;;X;X
;Food;413;99;;19/07/2024;Portugal;;X;X
Product 6796;;185,71;NaN;2,758.15;20-08-2018;Portugal;;X;X
Product 6797;Drink;;NaN;;2018/01/06;;S-13;X;X
Product 6798;Drink;3,544.20;57;;17/03/2020;France;;X;X
Product 6799;Drink;2095,30;38;2,409.55;07/01/2019;;;X;X
Product 6800;Drink;2,519.60;33;3800;;Germany;;X;X
Product 6801;;2,006.63;NaN;;12/03/2022;;;X;X
Product 6802;Food;;NaN;4280;2024/08/18;France;S-2;X;X
Product 6803;;;65;708,58;2019-01-04;France;S-49;X;X
Product 6804;;4,317.59;38;;03-10-2023;Portugal;S-49;X;X
Product 6805;Snack;1103;;1581;08-08-2019;;S-35;X;X
Product 6806;Drink;2,538.00;NaN;4645;17/01/2021;;S-1;X;X
Product 6807;Drink;1790,78;69;3,668.99;17/10/2024;Portugal;;X;X
Product 6808;Food;3000,62;NaN;2604,76;2020-08-02;Portugal;S-47;X;X
Product 6809;Food;;2;4367;2023/03/21;Germany;;X;X
;Snack;2359,97;NaN;;2022-11-07;;;X;X
Product 6811;Snack;;;1498;16-02-2020;France;;X;X
Product 6812;Snack;;;3468;2020-03-22;Germany;;X;X
Product 6813;Drink;;NaN;;2019/04/12;Germany;;X;X
Product 6814;Drink;4,265.32;61;2588;22-08-2024;Portugal;;X;X
Product 6815;Food;4061,57;86;747.47;2024/10/26;Germany;;X;X
Product 6816;Food;4382,98;NaN;807.64;2022/01/17;;;X;X
Product 6817;Snack;;;1,984.43;2024-08-31;Germany;S-21;X;X
Product 6818;;;;27,22;2023-02-21;France;;X;X
Product 6819;Food;2,116.41;95;;2024/02/17;;;X;X
Product 6820;Drink;3,893.40;88;874.28;;Germany;;X;X
Product 6821;Food;1551;;2,838.60;02-11-2021;France;;X;X
Product 6822;Drink;1,319.35;;3,644.28;29/05/2022;;S-35;X;X
Product 6823;;;;178,97;2020-12-08;Germany;;X;X
Product 6824;Snack;3349;5;;09/11/2022;Germany;S-23;X;X
;Snack;13,07;;3135;09/03/2022;Portugal;;X;X
Product 6826;Snack;3,446.03;2;2,237.14;01-04-2019;Germany;;X;X
Product 6827;Food;;;;2020-12-25;Portugal;;X;X
Product 6828;Snack;3320,35;45;;09/12/2019;Portugal;;X;X
Product 6829;Drink;;NaN;3668,29;21/01/2023;;;X;X
Product 6830;Food;3949;69;;08/06/2024;Portugal;S-2;X;X
Product 6831;Food;430,08;;349,33;2018/08/09;France;S-30;X;X
Product 6832;;2797;NaN;4,421.30;16-02-2022;Portugal;;X;X
Product 6833;;1,399.02;33;;2021-02-17;Germany;;X;X
Product 6834;Food;2477,54;;3386,07;31-05-2019;;;X;X
Product 6835;Food;2,003.22;;3451;26/03/2018;Portugal;;X;X
Product 6836;Food;3,648.17;;4728,79;29-04-2023;Germany;;X;X
Product 6837;Food;4941;NaN;3909;2024-05-05;Germany;;X;X
Product 6838;Food;4,493.00;;3725,44;2021/10/05;Portugal;;X;X
Product 6839;Drink;1,906.95;;2560;2019/10/02;Germany;S-7;X;X
;Food;4059,12;;;;;;X;X
Product 6841;Drink;4535,37;;4,541.64;2020-06-16;France;;X;X
Product 6842;Snack;3611,91;NaN;1,770.91;2023-05-05;France;S-48;X;X
Product 6843;Drink;2,631.62;NaN;4037;14-06-2019;Portugal;;X;X
Product 6844;Snack;;93;2935;12-03-2023;Portugal;S-20;X;X
Product 6845;;2605,21;NaN;319.76;2019-12-09;France;S-22;X;X
Product 6846;;4047;98;912;19-02-2023;;;X;X
Product 6847;Food;4268,04;NaN;1,773.15;24-09-2019;Portugal;S-29;X;X
Product 6848;Drink;867.45;;4,107.59;14/09/2023;France;;X;X
Product 6849;Snack;1679;27;2111,90;2022/05/09;France;;X;X
Product 6850;Snack;322.34;NaN;4,770.83;2018-02-07;;S-16;X;X
Product 6851;Drink;3124,97;20;1,115.33;2020-04-17;;S-49;X;X
Product 6852;Food;3,108.19;47;4357,32;02/12/2019;;;X;X
Product 6853;Drink;246;58;2,489.10;2022/03/09;Germany;;X;X
Product 6854;;;;4998,67;03/10/2023;France;;X;X
;;2085,80;;588.99;17-11-2022;;S-22;X;X
Product 6856;Food;;69;4789,21;2019/10/04;Germany;;X;X
Product 6857;Drink;1969,54;;1239;19-07-2020;France;;X;X
Product 6858;;2559,22;;370.98;2023-07-02;Portugal;;X;X
Product 6859;Snack;701.65;89;2266,88;02/03/2024;;;X;X
Product 6860;Snack;;NaN;1758,12;;Germany;;X;X
Product 6861;Drink;2599;74;;26/08/2019;Germany;S-21;X;X
Product 6862;Food;4265;NaN;3338;2024/08/06;Portugal;;X;X
Product 6863;Snack;3899;99;1,884.93;2020-03-19;Portugal;S-50;X;X
Product 6864;Snack;3845,52;NaN;4,884.68;2019-08-28;Germany;;X;X
Product 6865;;4,359.07;;176;2021/10/31;France;;X;X
Product 6866;Snack;368,25;NaN;;2024/05/21;;S-46;X;X
Product 6867;Drink;181;NaN;2019;02/02/2020;;;X;X
Product 6868;Drink;3,404.40;;3,630.61;23/05/2020;Germany;;X;X
Product 6869;;3,371.72;NaN;;2019/03/09;Germany;;X;X
;Drink;;NaN;3993;2024-09-13;;;X;X
Product 6871;Drink;2,485.97;4;1,624.27;2018/05/24;Portugal;;X;X
Product 6872;;3023;NaN;3052;2019/01/18;France;;X;X
Product 6873;;4893,66;100;2,014.54;22-06-2018;Germany;;X;X
Product 6874;;2788,50;;;11-05-2024;;;X;X
Product 6875;;3,734.98;17;1,038.81;28/05/2019;;S-19;X;X
Product 6876;Snack;3,336.33;69;4685,66;2023-09-13;;S-28;X;X
Product 6877;Food;;54;1113,63;2018-07-23;Germany;;X;X
Product 6878;;3667;96;1362,08;04-04-2024;Germany;;X;X
Product 6879;Drink;3238,19;NaN;;2018/02/03;Portugal;;X;X
Product 6880;Food;;5;4,061.09;;France;S-26;X;X
Product 6881;Food;2135,70;;1,177.84;2018-07-18;;S-23;X;X
Product 6882;Food;;85;1829,86;21/07/2018;Portugal;;X;X
Product 6883;Snack;1,990.64;;4,908.90;2023-12-01;France;S-1;X;X
Product 6884;Snack;3,291.01;84;3167,09;20/02/2019;France;S-3;X;X
;;2,045.84;92;2964,87;2019-06-11;Portugal;;X;X
Product 6886;Drink;2162;NaN;3760,10;06-08-2020;Germany;;X;X
Product 6887;;;NaN;448;31-03-2018;;;X;X
Product 6888;Food;4,395.49;;;30/04/2018;France;S-16;X;X
Product 6889;;;8;3318,92;17-07-2020;France;;X;X
Product 6890;Food;859.49;;2676;04-02-2021;Germany;S-35;X;X
Product 6891;Drink;;;;21/10/2018;France;;X;X
Product 6892;Food;2174,91;80;;2022-07-05;Germany;;X;X
Product 6893;Snack;2,849.38;41;;20/01/2023;Portugal;;X;X
Product 6894;;;;222,14;2023-08-20;;S-8;X;X
Product 6895;;;49;3,158.38;11/04/2023;Portugal;S-16;X;X
Product 6896;Snack;4947;NaN;;2021/03/20;;;X;X
Product 6897;Snack;845,04;53;;26-10-2022;France;;X;X
Product 6898;Snack;2,319.00;;3519,33;2024-10-22;Portugal;;X;X
Product 6899;Food;4042,12;NaN;1276;2024-06-29;Germany;;X;X
;Snack;677;NaN;4802;;France;;X;X
Product 6901;Drink;;;1757;16/07/2018;Portugal;;X;X
Product 6902;;;7;2,140.07;2020-06-04;Germany;;X;X
Product 6903;;;;630;23/06/2024;Portugal;S-12;X;X
Product 6904;Drink;1900,91;;;2022-12-19;;;X;X
Product 6905;;2,745.22;;1935,03;2021/01/13;;;X;X
Product 6906;Snack;4560;25;3056;2022-07-10;France;S-32;X;X
Product 6907;;4797,96;NaN;3911,40;23-01-2018;Portugal;S-38;X;X
Product 6908;Drink;1585,44;19;2877,74;2024-06-13;France;;X;X
Product 6909;Snack;4592;;;2024/10/12;Germany;;X;X
Product 6910;Food;;47;539.35;29/07/2024;France;;X;X
Product 6911;Food;;71;1867,61;2020/06/02;Portugal;;X;X
Product 6912;Snack;1,648.31;NaN;1843;2019-10-15;Portugal;;X;X
Product 6913;;2,858.29;35;482;27-12-2019;Germany;;X;X
Product 6914;Drink;2951;;3110;2020-05-11;;;X;X
;Snack;4337;;283;18-06-2021;France;;X;X
Product 6916;Drink;;NaN;;2023-12-10;France;S-11;X;X
Product 6917;Food;401,39;;1675,77;2021/09/06;Germany;;X;X
Product 6918;Snack;4207;NaN;;2018-07-11;France;;X;X
Product 6919;Snack;2627,91;NaN;2815;2021/05/02;Portugal;S-15;X;X
Product 6920;Drink;280;37;3351;;Portugal;S-21;X;X
Product 6921;Food;3869,34;97;;2020-06-16;Germany;S-34;X;X
Product 6922;Food;3,592.00;NaN;4787;2019-02-07;Germany;;X;X
Product 6923;Snack;1,309.45;;1842,81;02-10-2018;France;;X;X
Product 6924;Drink;;;802;2023-06-17;;S-38;X;X
Product 6925;Snack;;;86,38;2021-11-14;Germany;;X;X
Product 6926;;;;3773;2019-07-17;Germany;;X;X
Product 6927;Food;4,962.09;NaN;667,52;23-08-2018;;;X;X
Product 6928;Food;3,212.80;NaN;4411,59;08/07/2021;France;S-24;X;X
Product 6929;Snack;2948,25;30;3144;10/08/2021;;;X;X
;Snack;617.46;97;;2021/12/22;France;S-28;X;X
Product 6931;Snack;1699,48;;824;18/11/2019;;;X;X
Product 6932;Food;;8;853,32;2022/10/15;Portugal;;X;X
Product 6933;Food;4178,07;;738,96;11-05-2020;;S-11;X;X
Product 6934;Food;2,467.04;NaN;2,295.06;2021/11/25;Portugal;S-46;X;X
Product 6935;;2858,10;54;210;2023/12/21;;;X;X
Product 6936;Snack;2007;NaN;1,112.37;2024-10-22;Portugal;S-39;X;X
Product 6937;Food;746.17;NaN;937.15;29/05/2019;;S-6;X;X
Product 6938;;810.25;;1485,58;2022/04/22;Germany;;X;X
Product 6939;Snack;2,040.37;;3366;2020/01/22;France;S-25;X;X
Product 6940;Drink;4104,20;NaN;;;Germany;;X;X
Product 6941;Drink;1922,21;88;1055,03;2024-05-13;Portugal;S-49;X;X
Product 6942;Snack;;;3,347.15;2021/01/06;France;;X;X
Product 6943;Snack;3194,69;80;4,801.05;2022-06-21;France;;X;X
Product 6944;Snack;4702;;;2023/09/09;Portugal;;X;X
;Drink;;NaN;;2022/07/19;;S-43;X;X
Product 6946;;;NaN;497.79;2023/12/24;Portugal;;X;X
Product 6947;Drink;;NaN;1950,97;07-11-2020;France;S-43;X;X
Product 6948;Food;;71;;02/07/2020;;;X;X
Product 6949;Snack;4725;;;2018-03-04;France;;X;X
Product 6950;Drink;4970;61;2570;2022-10-11;Germany;S-3;X;X
Product 6951;Snack;2474,09;;1044;02-01-2020;Germany;S-20;X;X
Product 6952;;4033;NaN;4,538.58;22/10/2024;France;S-7;X;X
Product 6953;Food;1525;74;1604;05/05/2021;Germany;;X;X
Product 6954;Drink;;;4341;29/03/2022;France;;X;X
Product 6955;;;;1618;2023-10-12;Germany;;X;X
Product 6956;;;48;599;2018/09/28;Germany;;X;X
Product 6957;Food;3944;25;526;22-03-2018;;;X;X
Product 6958;Food;3229;88;1240,72;08-05-2019;France;;X;X
Product 6959;Food;4,698.72;NaN;;18/12/2023;;S-9;X;X
;;1271,93;7;635;;;;X;X
Product 6961;Drink;;NaN;1176;26/04/2020;Portugal;S-46;X;X
Product 6962;;;;;29-04-2019;France;S-18;X;X
Product 6963;Drink;1,769.68;;;2019-04-03;Germany;S-28;X;X
Product 6964;;3331;62;4255,54;17-02-2021;Germany;;X;X
Product 6965;Food;2533;NaN;4642;2023/03/18;Portugal;S-44;X;X
Product 6966;Snack;2,807.82;100;1,501.27;2020-05-07;Germany;S-41;X;X
Product 6967;;3306;;1813,95;2019/01/09;France;;X;X
Product 6968;;;;;2023-06-17;France;;X;X
Product 6969;Snack;;40;2,894.96;2021/09/14;;;X;X
Product 6970;;4,160.62;49;3905;2023-01-10;Portugal;S-16;X;X
Product 6971;;;66;3497,67;2019/02/26;;;X;X
Product 6972;;4149;;504;2020-09-30;;;X;X
Product 6973;;1201,69;;4785,67;22-08-2019;;S-29;X;X
Product 6974;;;;4,339.62;22-05-2022;Germany;S-7;X;X
;Drink;;41;2864;2024-05-26;Germany;;X;X
Product 6976;Drink;22;24;1661;27/09/2023;;S-2;X;X
Product 6977;Drink;;NaN;33;2021/01/28;;;X;X
Product 6978;;3,857.27;NaN;4,485.04;2018/02/02;Germany;;X;X
Product 6979;;3284;47;;03/08/2019;;;X;X
Product 6980;Drink;;;;;Germany;S-47;X;X
Product 6981;Food;4984;8;229;2019/06/11;;S-7;X;X
Product 6982;Drink;4332,60;;2370,56;2019-11-24;;;X;X
Product 6983;;1780;;3041;2018/06/18;;;X;X
Product 6984;;1595,64;60;;2020-12-25;;S-22;X;X
Product 6985;Food;1805,89;;2741;2018/06/09;France;;X;X
Product 6986;Drink;2979;NaN;271,02;02-06-2019;Germany;S-30;X;X
Product 6987;Snack;2,004.47;NaN;4,120.56;16-10-2024;Portugal;S-27;X;X
Product 6988;Food;3664,08;;1382,25;25-04-2023;Germany;;X;X
Product 6989;;255.68;NaN;911;28/04/2021;France;S-43;X;X
;Food;1,401.82;47;;11/08/2022;Portugal;;X;X
Product 6991;Food;;NaN;3382,76;25/07/2020;;S-9;X;X
Product 6992;Snack;;NaN;4,558.89;18/05/2019;Portugal;;X;X
Product 6993;Snack;4534;NaN;4426;2019/10/09;Germany;;X;X
Product 6994;Food;1348;;102.84;30/08/2022;;;X;X
Product 6995;Drink;3334,77;NaN;2,139.08;15/12/2018;France;;X;X
Product 6996;Food;1208,45;;1,904.06;2023/03/22;France;;X;X
Product 6997;Snack;317.18;96;1,495.74;2018/12/06;France;;X;X
Product 6998;Snack;1675;38;4381,59;2018/02/25;;S-27;X;X
Product 6999;Snack;549,69;17;144;2022-02-19;France;S-28;X;X
Product 7000;Snack;3382,92;92;1490,41;;Germany;S-46;X;X
Product 7001;Snack;1499;;3140;13/11/2022;Germany;;X;X
Product 7002;;115.80;81;;14-10-2024;;S-7;X;X
Product 7003;Food;4797,11;NaN;1797;29/03/2023;Portugal;;X;X
Product 7004;Drink;1558;48;3,173.47;09-10-2018;Germany;;X;X
;Drink;1134,88;;;22-05-2019;Germany;S-45;X;X
Product 7006;;;NaN;;06/08/2024;Germany;S-21;X;X
Product 7007;Food;2,983.13;28;4,559.05;16-02-2021;France;;X;X
Product 7008;Snack;;99;1549,50;24-12-2018;Germany;S-13;X;X
Product 7009;Snack;3102;;2076,28;18-06-2021;Portugal;;X;X
Product 7010;Drink;940,45;NaN;1868;29-10-2020;Portugal;;X;X
Product 7011;Drink;558.38;;2,464.88;25/08/2023;Portugal;;X;X
Product 7012;;3284,10;NaN;4248,88;19-08-2018;;;X;X
Product 7013;Food;1,373.86;;1304;2024/07/28;;;X;X
Product 7014;Food;2,005.53;58;3,188.16;2019-09-05;Germany;;X;X
Product 7015;Snack;4424;;2,081.36;2023/08/05;;;X;X
Product 7016;Food;;79;4,027.24;2023-04-20;Portugal;S-50;X;X
Product 7017;Food;;NaN;403.11;24-12-2020;;;X;X
Product 7018;;4530;NaN;369.11;31/01/2021;France;;X;X
Product 7019;;555,05;48;3430,51;2023-03-08;;S-15;X;X
;Snack;;NaN;2776,57;;Portugal;;X;X
Product 7021;;1,117.22;;3409,78;26/07/2021;;;X;X
Product 7022;Snack;2770;;;05/09/2018;Germany;;X;X
Product 7023;;1742;53;2356,44;17-06-2023;France;;X;X
Product 7024;;4772;53;;2020-02-19;Germany;;X;X
Product 7025;Drink;;57;3703,68;2023/06/18;;S-14;X;X
Product 7026;Drink;4884,00;;;2023-09-02;Germany;S-15;X;X
Product 7027;;2923;16;;31-07-2022;Portugal;;X;X
Product 7028;;;62;;31/10/2020;Portugal;;X;X
Product 7029;;3327;;;28/02/2019;France;S-2;X;X
Product 7030;Drink;1720;79;2546;12/05/2019;Portugal;S-36;X;X
Product 7031;Snack;1,563.32;NaN;4,654.71;26/02/2023;;S-43;X;X
Product 7032;Food;3443,19;NaN;;01-12-2021;Germany;S-21;X;X
Product 7033;;;NaN;1,602.22;05/02/2023;Germany;S-32;X;X
Product 7034;;678.56;;1125,78;30-04-2021;Portugal;;X;X
;Drink;2719,08;NaN;;23/07/2021;Germany;;X;X
Product 7036;;2,078.67;37;701;05-03-2019;France;;X;X
Product 7037;Snack;1237;;3031,82;2024/04/20;Portugal;;X;X
Product 7038;Food;1,926.36;;540;01-12-2018;;S-20;X;X
Product 7039;;4229;NaN;272;21-10-2020;Germany;;X;X
Product 7040;Snack;4152;89;996.20;;Portugal;;X;X
Product 7041;Food;4,816.61;NaN;1397;18-10-2021;;;X;X
Product 7042;Drink;3805;NaN;2,392.27;2018-04-06;France;;X;X
Product 7043;Food;4,414.85;NaN;2576;15-09-2021;Germany;;X;X
Product 7044;Snack;3766,29;;1240;2022/02/14;;;X;X
Product 7045;Food;2568,48;;;2019/03/05;;;X;X
Product 7046;Food;;71;889;04-02-2023;France;;X;X
Product 7047;Drink;1961,27;48;3608,29;2019/05/07;Portugal;;X;X
Product 7048;Food;2945,78;NaN;451;14/09/2019;;;X;X
Product 7049;Drink;2,119.48;;3853;2020/08/03;Portugal;S-5;X;X
;;;;;18/07/2019;France;;X;X
Product 7051;Food;1,202.49;NaN;763,96;02-09-2018;;;X;X
Product 7052;Food;4614;NaN;176.37;28-11-2023;Portugal;S-47;X;X
Product 7053;Drink;;NaN;4199,69;28/05/2019;;S-8;X;X
Product 7054;Food;3723,66;NaN;811,98;2020/10/15;Germany;;X;X
Product 7055;Snack;1553,82;NaN;4,564.22;2020/07/31;Germany;S-37;X;X
Product 7056;Drink;3,561.38;;;06/01/2020;;;X;X
Product 7057;Drink;4,588.43;100;302,71;04/05/2019;France;S-33;X;X
Product 7058;;;NaN;2456;01-10-2019;France;S-45;X;X
Product 7059;Food;2203,57;98;1616;02-01-2024;Portugal;;X;X
Product 7060;Snack;4,738.21;17;1817,35;;;;X;X
Product 7061;;1,401.99;;1728,06;27-07-2024;Portugal;;X;X
Product 7062;Food;4138,92;20;;14/06/2020;Portugal;;X;X
Product 7063;;1542;31;;04-09-2021;Germany;;X;X
Product 7064;Food;4251,05;NaN;4678,16;31/07/2018;France;;X;X
;Snack;3,287.85;NaN;;2024/09/14;Germany;;X;X
Product 7066;;285;98;3,956.68;2023/07/18;France;S-14;X;X
Product 7067;Drink;3,039.03;NaN;1,479.25;2024/02/18;;;X;X
Product 7068;;2003;;;07/09/2023;Portugal;;X;X
Product 7069;Food;230.99;1;3810,91;2021/05/22;Portugal;;X;X
Product 7070;Snack;2,764.89;42;4136,18;04/09/2020;France;;X;X
Product 7071;;535;NaN;434,11;2023-10-13;Portugal;;X;X
Product 7072;Snack;662;NaN;266.79;2019/02/12;Portugal;;X;X
Product 7073;Food;;;;2018/02/27;Portugal;S-37;X;X
Product 7074;Food;1,892.98;;4467,68;2022-02-05;;S-47;X;X
Product 7075;Food;3031,89;1;1014;04-12-2022;Germany;S-8;X;X
Product 7076;Drink;551;;;2024-08-21;France;;X;X
Product 7077;Snack;1464,02;NaN;1293;21-03-2019;;;X;X
Product 7078;Drink;3742;;4719;2018/11/01;Portugal;S-41;X;X
Product 7079;Drink;970,41;NaN;698.28;2021/03/05;Germany;S-24;X;X
;Snack;2,606.69;;2,458.28;;France;;X;X
Product 7081;Food;3,234.48;;;2024/05/08;France;;X;X
Product 7082;Drink;2179;84;3770,60;2018/08/10;;;X;X
Product 7083;Snack;1125,12;50;33.42;20-10-2020;;;X;X
Product 7084;;4,432.99;95;2208;02/06/2019;Portugal;;X;X
Product 7085;Drink;;;;2022-11-02;France;;X;X
Product 7086;Food;2418,22;NaN;1,119.96;15-12-2022;;S-10;X;X
Product 7087;Snack;;NaN;2483;25/03/2024;France;;X;X
Product 7088;Drink;735,39;;957;08/11/2022;;S-37;X;X
Product 7089;Food;;;2733,38;2022/12/29;Germany;;X;X
Product 7090;Food;;65;3088,24;18-03-2018;Germany;;X;X
Product 7091;Snack;4516;46;3799,83;2023/08/20;France;;X;X
Product 7092;;;63;4,621.06;23-05-2024;France;;X;X
Product 7093;Food;1,068.15;68;1253,77;22-10-2020;France;S-23;X;X
Product 7094;Snack;;NaN;4568,62;03/02/2022;;;X;X
;Drink;706,27;19;;2018/10/02;Germany;S-40;X;X
Product 7096;;;25;2310,94;06/06/2023;Germany;;X;X
Product 7097;Snack;1,142.94;;;2021/03/27;;S-24;X;X
Product 7098;Snack;783.65;4;4,953.63;10-04-2022;Germany;;X;X
Product 7099;;1985,35;NaN;1866;2021/08/25;France;;X;X
Product 7100;Food;;70;;;;S-42;X;X
Product 7101;Food;;;2720;2022/09/26;France;S-13;X;X
Product 7102;Drink;;64;1491,65;29-05-2020;;;X;X
Product 7103;Drink;569,54;NaN;646;20/09/2024;;S-2;X;X
Product 7104;Drink;;;2,506.36;17-01-2018;;;X;X
Product 7105;;;NaN;467.33;2018-01-19;France;;X;X
Product 7106;;3217;;;25-02-2021;Portugal;;X;X
Product 7107;Food;4252,21;18;1,267.51;05-08-2022;France;;X;X
Product 7108;Snack;1,865.80;NaN;388;2018/08/31;France;;X;X
Product 7109;Food;282;NaN;274;03/11/2019;;;X;X
;Snack;1588,98;NaN;;2022-08-09;Portugal;;X;X
Product 7111;;4,044.32;53;2785,13;2019/07/14;France;;X;X
Product 7112;;;;;2023-06-11;Portugal;S-1;X;X
Product 7113;Food;3,712.01;NaN;553,58;2020-03-11;;S-43;X;X
Product 7114;;2802,31;NaN;3152;15/09/2021;Germany;;X;X
Product 7115;Food;4435;NaN;3797,28;16-01-2018;Portugal;S-46;X;X
Product 7116;;3189,76;;;2021-01-01;;;X;X
Product 7117;Drink;850;NaN;4,365.19;2024-04-26;Germany;S-25;X;X
Product 7118;Food;;50;2257;21-11-2018;Germany;;X;X
Product 7119;Snack;3806,16;;433;26-02-2018;Portugal;;X;X
Product 7120;Food;1188,70;;3226;;;;X;X
Product 7121;Drink;1,361.00;NaN;;06/11/2022;France;S-20;X;X
Product 7122;Drink;;68;1,196.25;2021/07/25;France;;X;X
Product 7123;Snack;3397;;978,54;2023-09-20;Portugal;S-42;X;X
Product 7124;;3,127.17;76;;05/04/2018;Germany;;X;X
;;;NaN;232.20;2018-12-24;Portugal;;X;X
Product 7126;Food;2708,52;;3,521.82;2020-12-22;;;X;X
Product 7127;Drink;223.27;NaN;4552;2024-08-12;;;X;X
Product 7128;Drink;4,150.52;;;2021/07/11;Portugal;;X;X
Product 7129;Snack;2232,04;;;2023-12-28;;;X;X
Product 7130;Drink;242;65;3,134.94;01-07-2022;Germany;;X;X
Product 7131;Drink;500.64;NaN;1388;05/03/2020;Germany;;X;X
Product 7132;;1404,09;100;;08-08-2020;Germany;;X;X
Product 7133;;502;;4394;2018/01/08;France;;X;X
Product 7134;Food;798,42;77;;21/10/2023;France;;X;X
Product 7135;Food;492.70;NaN;;01-08-2021;Portugal;S-40;X;X
Product 7136;;1,808.31;37;4256,65;29/08/2020;Portugal;S-12;X;X
Product 7137;Snack;869.06;NaN;1247,01;01-05-2023;Portugal;S-43;X;X
Product 7138;Drink;3425,71;;72;13/07/2018;Germany;S-6;X;X
Product 7139;Food;;;635.55;2022-07-20;Portugal;S-38;X;X
;Food;;2;3596,40;;;;X;X
Product 7141;;1111,32;16;1755;23/07/2024;France;;X;X
Product 7142;Snack;1187,80;72;4688,33;05-09-2019;Portugal;;X;X
Product 7143;Snack;;68;;30/10/2021;Portugal;;X;X
Product 7144;;;NaN;;22-07-2021;;;X;X
Product 7145;Snack;;93;1,921.02;16-10-2022;Germany;;X;X
Product 7146;Drink;3745;NaN;1,160.99;25/11/2021;;;X;X
Product 7147;Snack;;NaN;4693,72;2022/07/21;France;;X;X
Product 7148;Food;2410,71;;357;20-10-2020;France;;X;X
Product 7149;Drink;213;;3,551.57;06-09-2024;;S-11;X;X
Product 7150;Food;647;NaN;1613;22-08-2024;;S-9;X;X
Product 7151;Snack;3493,75;;2876;12/10/2021;Portugal;;X;X
Product 7152;Food;;69;1807,98;2021/10/09;Germany;;X;X
Product 7153;;;;;2019-06-19;Germany;S-17;X;X
Product 7154;Food;570.70;;2010,64;2023-03-01;;;X;X
;Drink;1344;;279,62;2024-10-08;;;X;X
Product 7156;Snack;4356,81;;4,969.07;2022/08/29;;;X;X
Product 7157;;3972;NaN;4153;2024/10/15;France;;X;X
Product 7158;Drink;521.00;;;18/05/2024;Germany;;X;X
Product 7159;Snack;2293;8;940,10;29/03/2022;;;X;X
Product 7160;Snack;404,63;13;1462;;Germany;;X;X
Product 7161;Snack;4410,76;NaN;902.49;2021/06/24;Germany;;X;X
Product 7162;;3111;NaN;;2021-07-06;;;X;X
Product 7163;Snack;1809;;4749;27/08/2021;France;;X;X
Product 7164;Drink;;;3403;2023/03/19;France;;X;X
Product 7165;Snack;;NaN;4316,43;2021-01-13;France;;X;X
Product 7166;Snack;;;;2021/02/02;Portugal;;X;X
Product 7167;Drink;4,113.51;;3,798.40;2019-05-04;France;;X;X
Product 7168;;;NaN;3,788.38;2020-11-11;Portugal;S-31;X;X
Product 7169;Snack;;;;2018-02-12;Germany;;X;X
;Food;2230,74;NaN;1693;28-01-2018;France;;X;X
Product 7171;Drink;;39;;18-11-2019;;;X;X
Product 7172;Food;;82;;2024-05-28;Portugal;;X;X
Product 7173;;1202;;2653;2021/12/09;Germany;;X;X
Product 7174;Food;2,003.96;NaN;3683,33;2023-01-16;;;X;X
Product 7175;Food;;NaN;2103;31-03-2020;;;X;X
Product 7176;Drink;;;1678,81;28/02/2020;;;X;X
Product 7177;;2719,51;68;3,953.42;21-03-2022;Portugal;S-34;X;X
Product 7178;;;;;2022/10/10;France;;X;X
Product 7179;;1037,37;91;1252,77;2023-09-17;Portugal;S-12;X;X
Product 7180;Food;;57;;;France;;X;X
Product 7181;Food;3737,20;;264,92;11/12/2023;Germany;;X;X
Product 7182;Food;829.37;NaN;2400,85;2023-04-19;;S-3;X;X
Product 7183;;1087;;;2020/02/21;France;;X;X
Product 7184;Food;3336,08;;4,555.87;22/07/2023;France;S-14;X;X
;Snack;;;4,399.71;22/03/2019;France;;X;X
Product 7186;;4,428.73;;4,078.17;2021/09/10;Portugal;S-48;X;X
Product 7187;Snack;2,471.20;NaN;3036;2023-07-23;France;;X;X
Product 7188;;3637,61;13;1653,18;2023/07/23;France;S-11;X;X
Product 7189;Drink;1484,28;NaN;2821;2019/01/27;;S-16;X;X
Product 7190;Food;;57;406;04-05-2024;Portugal;;X;X
Product 7191;Food;2080,48;92;3962,79;14-09-2022;Portugal;;X;X
Product 7192;;3,420.99;37;2736,19;2021-06-22;Portugal;;X;X
Product 7193;Snack;3131,05;;3909;23/08/2018;;S-46;X;X
Product 7194;Drink;1872;;4278,57;24-12-2023;Portugal;;X;X
Product 7195;;2556,79;50;2,595.11;2023/06/12;France;S-36;X;X
Product 7196;Food;;;2588,64;26-01-2019;Germany;;X;X
Product 7197;Drink;;NaN;3323;03-05-2018;Germany;;X;X
Product 7198;Food;1309,66;NaN;3846,45;2020-09-06;Germany;;X;X
Product 7199;Snack;;33;;2024/07/19;Portugal;;X;X
;Snack;;26;;;;;X;X
Product 7201;Drink;;NaN;3466,13;2018/07/05;;S-20;X;X
Product 7202;Food;4,634.86;;;05/05/2023;France;;X;X
Product 7203;Snack;1,887.02;NaN;;2021/10/18;France;;X;X
Product 7204;Drink;14;;1645,71;28-04-2022;Germany;;X;X
Product 7205;Drink;;NaN;1130,80;06/03/2019;Germany;S-28;X;X
Product 7206;;3,414.56;;;24/01/2024;France;;X;X
Product 7207;Snack;2,007.82;56;;2021-05-03;;;X;X
Product 7208;Food;3450,48;NaN;2596,61;02/11/2023;Germany;;X;X
Product 7209;Snack;3,827.54;40;1667;22-03-2024;France;S-33;X;X
Product 7210;;3,734.10;NaN;3470,43;28-06-2019;Germany;;X;X
Product 7211;Drink;3897,32;NaN;;2021-04-02;;S-38;X;X
Product 7212;Food;3,306.60;;336;2022/03/29;Germany;;X;X
Product 7213;Drink;2412,77;2;2167,86;2023-08-06;;S-30;X;X
Product 7214;;1,916.51;;;22-12-2023;France;;X;X
;Food;1400,80;;2152;2018/05/18;Portugal;S-20;X;X
Product 7216;Snack;4539,21;;;2021-04-06;Germany;;X;X
Product 7217;;1,885.60;18;2752,08;2022-07-26;Portugal;S-3;X;X
Product 7218;Drink;2895,05;NaN;1006;29/05/2023;Germany;;X;X
Product 7219;Drink;2,716.08;;729;13/03/2018;France;S-44;X;X
Product 7220;Drink;641.41;NaN;2340;;;;X;X
Product 7221;Food;1403,83;;4041,59;2023/05/18;;S-29;X;X
Product 7222;Drink;2592,97;NaN;4349;23-12-2023;;;X;X
Product 7223;Food;437,53;;4739;2024/08/02;;;X;X
Product 7224;Drink;;NaN;4667,90;23/02/2020;;;X;X
Product 7225;Snack;;39;3332,39;2018/02/13;Germany;;X;X
Product 7226;Drink;;;1994;2018-07-10;;;X;X
Product 7227;Snack;2629;;447,21;2018/06/09;Germany;;X;X
Product 7228;Drink;;;;10-06-2020;Portugal;S-39;X;X
Product 7229;Food;;NaN;;08-10-2021;;;X;X
;Snack;3121,41;NaN;998,53;08-01-2018;Portugal;;X;X
Product 7231;;1,578.62;78;2797;2021/10/13;Portugal;S-11;X;X
Product 7232;Food;532,28;60;583;2021/11/14;France;S-11;X;X
Product 7233;;;NaN;;05/02/2020;Portugal;S-36;X;X
Product 7234;Food;;;;16/05/2020;France;S-36;X;X
Product 7235;Snack;1779,73;;1872,54;2022-11-27;;;X;X
Product 7236;;2764,46;;;2022/09/03;Germany;;X;X
Product 7237;;4974,50;86;2856;2020/02/28;Portugal;;X;X
Product 7238;Snack;;;121.43;22/12/2022;Portugal;;X;X
Product 7239;Food;1056;;469.30;23-07-2024;;;X;X
Product 7240;;2,031.91;14;3803;;France;;X;X
Product 7241;;;67;;01/07/2024;France;;X;X
Product 7242;Snack;1000,58;NaN;;2019-10-07;Germany;;X;X
Product 7243;Food;;NaN;2939;13/09/2021;Germany;;X;X
Product 7244;Drink;4905;NaN;2,309.46;2024/06/09;Germany;S-44;X;X
;Food;;NaN;4065;07-06-2024;Portugal;S-10;X;X
Product 7246;Snack;;28;2319,91;20-11-2018;France;;X;X
Product 7247;;516;79;531;2018/05/25;Portugal;;X;X
Product 7248;;3,044.01;NaN;1,738.21;2021-01-02;France;S-46;X;X
Product 7249;Snack;2440,02;NaN;841;11/04/2024;France;;X;X
Product 7250;Food;443.40;;4422,64;2022/11/06;France;;X;X
Product 7251;;2627,78;18;;2024-10-08;;;X;X
Product 7252;Drink;1,959.82;NaN;4,042.76;2024/08/12;;;X;X
Product 7253;Snack;3488,50;;221,20;12/12/2018;Germany;;X;X
Product 7254;Food;3818,05;NaN;;2022/02/28;France;;X;X
Product 7255;Food;;;1962,31;05/06/2023;Germany;;X;X
Product 7256;Drink;4955;NaN;;05-05-2021;France;;X;X
Product 7257;;942.63;;4,372.02;15/04/2020;Germany;;X;X
Product 7258;Food;574.60;12;;18/05/2018;Portugal;S-3;X;X
Product 7259;Drink;4,012.38;;721.06;2021/05/24;;S-3;X;X
;Drink;2107,96;;753;;;;X;X
Product 7261;Drink;4,011.65;;;2024/01/15;Germany;;X;X
Product 7262;Snack;384;NaN;840,76;2018/01/18;;S-12;X;X
Product 7263;Snack;1338,80;NaN;3621;2020-02-24;Germany;;X;X
Product 7264;Food;3771,56;40;;2023/09/06;;S-14;X;X
Product 7265;Food;1552,36;NaN;647.08;08-10-2020;Germany;;X;X
Product 7266;Food;1,213.36;NaN;3986,70;11-08-2022;Germany;;X;X
Product 7267;;3006;NaN;;28-04-2021;;S-47;X;X
Product 7268;;1857;;1843;2018/06/09;Portugal;;X;X
Product 7269;Food;2517;;4402,84;22-06-2021;Portugal;S-46;X;X
Product 7270;Snack;3,474.22;NaN;;03-02-2019;;S-4;X;X
Product 7271;Snack;3400,41;47;1069,46;28/04/2019;Germany;S-14;X;X
Product 7272;Drink;765;;1202;09-07-2018;Germany;S-3;X;X
Product 7273;Food;4,995.95;5;;2024/09/08;;;X;X
Product 7274;;3,018.78;94;3876;2023-05-24;France;;X;X
;Drink;727;;4913,72;2023-04-15;;;X;X
Product 7276;Snack;3885;;4,740.91;2020-07-01;Portugal;S-39;X;X
Product 7277;Food;529;NaN;;2023-08-22;Germany;S-39;X;X
Product 7278;Snack;348.70;NaN;2,803.62;26-09-2019;France;;X;X
Product 7279;Drink;1613,36;56;2818,34;2023/12/16;Germany;S-38;X;X
Product 7280;Food;3146;NaN;4276,56;;Germany;S-15;X;X
Product 7281;;;NaN;;16-10-2019;;;X;X
Product 7282;Food;4490,15;11;2440;2019/07/01;Germany;S-20;X;X
Product 7283;;4,094.50;NaN;678,13;2021-06-26;Portugal;S-45;X;X
Product 7284;Food;;;4550,51;2022/09/02;;S-11;X;X
Product 7285;Food;4055,49;;2,145.16;2020/02/24;Portugal;S-33;X;X
Product 7286;Food;;NaN;2259,90;28-10-2018;;;X;X
Product 7287;Food;1166;;;25-11-2018;Germany;S-40;X;X
Product 7288;;1790,04;;730.81;2019-05-26;Germany;S-3;X;X
Product 7289;Snack;4124;93;3,464.04;19/03/2024;France;S-42;X;X
;Food;1591,70;5;;2019-08-09;;S-27;X;X
Product 7291;Drink;1,569.76;;;2020-10-12;;S-47;X;X
Product 7292;Food;3,879.90;;;23/12/2022;Portugal;S-6;X;X
Product 7293;;;52;2380,46;06-08-2020;;;X;X
Product 7294;Food;2989;NaN;1,580.03;15/10/2018;Germany;;X;X
Product 7295;Snack;3875,85;NaN;4466;2019-05-30;Germany;S-41;X;X
Product 7296;;;NaN;3430;2018-03-29;France;S-26;X;X
Product 7297;Food;3478;89;1418,22;2019/03/06;France;;X;X
Product 7298;Food;;NaN;222.15;2024/10/26;France;;X;X
Product 7299;Food;678;41;3,103.17;18-01-2018;;;X;X
Product 7300;Food;4573,33;92;4056,25;;;;X;X
Product 7301;Snack;2,812.02;NaN;108.22;2020/11/01;Germany;S-26;X;X
Product 7302;;;NaN;;06/05/2018;France;;X;X
Product 7303;;2,417.28;NaN;3265;2020/04/13;;;X;X
Product 7304;Food;1643,11;NaN;4084,27;18-08-2022;Germany;;X;X
;;2092,69;26;2943;2018/04/30;Portugal;;X;X
Product 7306;Drink;332.71;64;4114;22-02-2023;;S-26;X;X
Product 7307;Food;;21;735,04;05-04-2020;;;X;X
Product 7308;;;;3,967.09;2020-12-28;France;;X;X
Product 7309;;;;539,30;2021-03-05;Portugal;;X;X
Product 7310;;3462,05;73;4720,26;19/12/2019;France;S-12;X;X
Product 7311;;2,394.11;NaN;1185;2022/05/08;;S-50;X;X
Product 7312;Food;3533,06;58;;05/10/2022;;;X;X
Product 7313;Snack;3,531.74;NaN;523.19;2018/01/20;France;S-43;X;X
Product 7314;Food;1,528.15;NaN;4406;2023/09/19;Germany;;X;X
Product 7315;;3231;52;3733;2022-05-27;Portugal;S-39;X;X
Product 7316;Snack;470.29;;1,726.34;2024-04-02;Germany;;X;X
Product 7317;Drink;4053,79;12;4622;01/09/2019;;S-27;X;X
Product 7318;Food;2,058.97;;;2020/06/09;Portugal;;X;X
Product 7319;Food;924.14;NaN;2592,22;02-03-2020;Germany;;X;X
;Food;2169;;;;Portugal;S-33;X;X
Product 7321;Food;4508,94;5;1400;07/04/2023;;S-37;X;X
Product 7322;Drink;4457,80;;;2019-03-02;;;X;X
Product 7323;Drink;3244;23;1,291.38;26/09/2023;;;X;X
Product 7324;Snack;1,450.95;;853.63;2018/10/14;;S-15;X;X
Product 7325;Snack;1482;33;;16-12-2018;France;S-21;X;X
Product 7326;;776,51;NaN;4852;06/07/2021;Germany;;X;X
Product 7327;;786;;825;17-05-2018;France;S-7;X;X
Product 7328;;1223;NaN;;2019-11-10;France;;X;X
Product 7329;Drink;36;;;25-11-2020;France;;X;X
Product 7330;Drink;2196;;;2024-01-15;France;S-13;X;X
Product 7331;Drink;3507,76;NaN;;23/02/2024;France;;X;X
Product 7332;Food;;46;1809;2018/08/07;France;S-43;X;X
Product 7333;Food;3286;41;;18/10/2018;Germany;S-43;X;X
Product 7334;Drink;2082;;2177,38;07/09/2024;;S-4;X;X
;Snack;40;NaN;4561;2021-09-14;France;;X;X
Product 7336;;;34;1724,78;28/08/2022;;S-30;X;X
Product 7337;Snack;1757,77;;350,94;2019-12-30;France;;X;X
Product 7338;Snack;;2;4,052.36;2020/11/12;;;X;X
Product 7339;Drink;194;;4002;05-02-2022;Portugal;;X;X
Product 7340;Drink;4,154.09;NaN;3519,28;;Portugal;;X;X
Product 7341;;1500;46;4169,45;06-04-2024;Portugal;;X;X
Product 7342;Snack;4950,59;NaN;;2020-06-01;France;S-2;X;X
Product 7343;Snack;2,542.85;NaN;;21-06-2021;Portugal;;X;X
Product 7344;Snack;1927,72;;893,00;22-03-2024;;;X;X
Product 7345;Snack;3336,99;NaN;;2018/01/26;Portugal;S-41;X;X
Product 7346;Food;135.81;NaN;3,052.09;2018-11-17;Germany;;X;X
Product 7347;Drink;1591;;2,043.52;2022-01-28;Germany;;X;X
Product 7348;Food;3,082.51;NaN;461;13-09-2022;Germany;S-26;X;X
Product 7349;Drink;3,746.74;24;2344,86;2024/07/19;Portugal;S-33;X;X
;Food;176.16;NaN;;08/07/2021;;S-23;X;X
Product 7351;;;NaN;974;03/11/2024;France;;X;X
Product 7352;Snack;;;338,82;2018-12-18;France;;X;X
Product 7353;Drink;;NaN;4,589.90;19/03/2019;Portugal;;X;X
Product 7354;Drink;2,999.74;95;1,406.19;24-03-2021;Portugal;S-28;X;X
Product 7355;Drink;2,849.24;98;910;2020-10-23;Portugal;;X;X
Product 7356;Food;;7;3735;2023-01-18;France;;X;X
Product 7357;Snack;466;;21;2023-08-08;Germany;;X;X
Product 7358;Drink;464,33;94;;18-03-2023;France;S-23;X;X
Product 7359;;3,125.56;NaN;;2020-08-19;;;X;X
Product 7360;;3044,15;NaN;;;Germany;;X;X
Product 7361;Snack;4,178.87;NaN;864;24/06/2024;Germany;;X;X
Product 7362;Snack;3917;;;13/11/2019;Portugal;;X;X
Product 7363;Snack;634.08;;4,537.22;09/01/2020;France;;X;X
Product 7364;;;NaN;4,018.89;2019-05-11;;;X;X
;Snack;2,123.20;;;2019-07-20;France;;X;X
Product 7366;Drink;2,561.94;30;185,41;06/12/2021;Germany;;X;X
Product 7367;Food;1,350.79;NaN;;2020/03/13;Portugal;;X;X
Product 7368;;1007;NaN;710.59;2023/11/25;Germany;S-50;X;X
Product 7369;Food;3,372.73;;2214;16-05-2019;;;X;X
Product 7370;;4761;NaN;;23/03/2019;Portugal;S-50;X;X
Product 7371;Drink;1043;NaN;366,50;28/05/2019;Germany;;X;X
Product 7372;Food;;;;18-09-2021;;S-39;X;X
Product 7373;Drink;2180;NaN;999.81;06-01-2019;France;S-48;X;X
Product 7374;Drink;;;4264,90;2023-01-30;;S-40;X;X
Product 7375;;3880;91;1271,24;2023/10/11;Portugal;;X;X
Product 7376;Drink;4,059.68;;496,31;24-06-2018;Portugal;;X;X
Product 7377;Drink;1,421.39;59;2317,76;2021-06-08;France;S-33;X;X
Product 7378;;1,918.60;NaN;;30-08-2024;Germany;S-17;X;X
Product 7379;Snack;2772;;3317;01/08/2023;Germany;S-5;X;X
;;104;;2987,67;;France;S-48;X;X
Product 7381;Drink;1021,01;;2,473.07;2019-06-19;;S-32;X;X
Product 7382;;2888;NaN;2,588.08;07-06-2020;Portugal;;X;X
Product 7383;Drink;815;66;4243;21-02-2018;;S-34;X;X
Product 7384;Food;;;864,73;2019/04/25;Germany;S-27;X;X
Product 7385;Snack;4217,64;NaN;4,252.72;26-06-2024;Portugal;;X;X
Product 7386;Food;;;3,636.06;04/06/2018;Portugal;;X;X
Product 7387;Food;;NaN;1488,21;2023/01/28;;S-13;X;X
Product 7388;Snack;1,416.90;85;2080;2021/02/12;;;X;X
Product 7389;Food;1613,58;3;3,327.39;26-04-2023;France;;X;X
Product 7390;Food;;NaN;641.01;25-03-2023;;;X;X
Product 7391;Drink;2024,29;NaN;;2020-05-29;France;;X;X
Product 7392;Snack;1293,07;;3991,85;2021-03-02;France;;X;X
Product 7393;;4,012.84;NaN;2105;2020-05-04;France;;X;X
Product 7394;Drink;22;66;247,81;02/11/2024;France;S-14;X;X
;Snack;;NaN;1400;13/10/2024;;;X;X
Product 7396;Food;1061;32;4112;02/02/2020;;S-35;X;X
Product 7397;Food;;NaN;586.01;2020/07/20;Portugal;;X;X
Product 7398;Drink;;34;3185;2023-07-10;Portugal;;X;X
Product 7399;Drink;2148;16;;2018-06-18;France;;X;X
Product 7400;Snack;;65;4,582.54;;Portugal;S-44;X;X
Product 7401;Drink;;;3017,59;2021-12-14;France;;X;X
Product 7402;Drink;3501,40;;4069,18;19-10-2022;France;;X;X
Product 7403;Snack;;;4,203.47;2019/04/17;;S-5;X;X
Product 7404;Drink;2921,21;100;3660,51;19-03-2022;Germany;S-17;X;X
Product 7405;Snack;;99;1,928.32;10-05-2020;Germany;S-11;X;X
Product 7406;Drink;4540,93;NaN;;2023/12/22;France;;X;X
Product 7407;Drink;131.58;76;;2022-10-29;;S-20;X;X
Product 7408;Drink;3992;;;2018-09-16;France;;X;X
Product 7409;Food;;;;28-06-2024;Portugal;S-1;X;X
;Drink;;NaN;;2020/04/20;;S-11;X;X
Product 7411;Snack;2402;NaN;;29/12/2023;Germany;;X;X
Product 7412;Food;2094;;;2018/07/14;Germany;;X;X
Product 7413;Food;0;NaN;4677;2022-01-16;France;S-7;X;X
Product 7414;Drink;;;4821,08;16-01-2022;;;X;X
Product 7415;;4718,41;;1098,70;14/05/2020;;;X;X
Product 7416;Food;1921;;1965;02-08-2022;;;X;X
Product 7417;Snack;1,303.80;;4,547.70;2020-03-24;Portugal;S-10;X;X
Product 7418;Drink;1,022.05;NaN;830.16;08-01-2022;Germany;S-1;X;X
Product 7419;Snack;4848;19;;2019/09/15;Portugal;S-38;X;X
Product 7420;;;37;4968;;Portugal;;X;X
Product 7421;Drink;2877;;3,714.53;27-08-2024;Portugal;;X;X
Product 7422;Snack;93;NaN;3508;29/08/2019;France;;X;X
Product 7423;Snack;1621,03;NaN;3607;15-04-2020;;;X;X
Product 7424;Drink;;NaN;3,455.91;2018-04-10;Germany;;X;X
;;2,042.64;99;;2021/01/08;France;;X;X
Product 7426;Food;2422;NaN;475,43;2019/10/17;Germany;S-34;X;X
Product 7427;Food;227;28;1,420.27;10/10/2021;;;X;X
Product 7428;Drink;;94;1576,94;18-01-2019;Portugal;;X;X
Product 7429;Drink;360.50;;4183;2018/01/30;Portugal;;X;X
Product 7430;Drink;;NaN;4213,94;19-09-2024;;S-31;X;X
Product 7431;Drink;621,86;38;3,821.95;2018-06-13;;;X;X
Product 7432;;4222;;2112,34;08/02/2020;Portugal;;X;X
Product 7433;Snack;278.49;NaN;;04-02-2018;Germany;;X;X
Product 7434;Snack;;;2906;09/03/2023;France;;X;X
Product 7435;;2,139.16;NaN;2976,84;20/05/2022;France;;X;X
Product 7436;Drink;3777;NaN;2,684.65;05/09/2024;;;X;X
Product 7437;Food;2570,81;61;2406;01-09-2023;Germany;;X;X
Product 7438;Drink;3,145.93;NaN;;2021-11-27;Germany;;X;X
Product 7439;Snack;2586;16;2883,29;2021/04/26;Portugal;S-22;X;X
;Drink;;67;;;Portugal;;X;X
Product 7441;Snack;4297,26;NaN;4,952.49;10/08/2020;Germany;S-35;X;X
Product 7442;Drink;3,355.87;13;3828,04;09/12/2023;;;X;X
Product 7443;Food;1615;;85,13;2021/05/23;Germany;S-50;X;X
Product 7444;Snack;1103,67;NaN;2489,69;2023-09-28;;;X;X
Product 7445;Drink;108,68;20;4842;2019/07/26;Germany;;X;X
Product 7446;;4,250.77;NaN;294.58;25-02-2023;Germany;S-26;X;X
Product 7447;Drink;;;4994;2024/07/12;France;S-12;X;X
Product 7448;Food;3005,41;;4514;01/10/2023;Portugal;;X;X
Product 7449;;4,834.19;;;04-10-2024;;;X;X
Product 7450;Food;7;NaN;4885,58;2019/09/27;;;X;X
Product 7451;Drink;3213;75;628;2019-02-24;;;X;X
Product 7452;;;;876.29;04-01-2024;Portugal;;X;X
Product 7453;Snack;;;3442,13;2022/11/27;France;;X;X
Product 7454;;3794,93;;3326;19-12-2018;Germany;;X;X
;;;;2928,52;2019/11/27;Germany;;X;X
Product 7456;Drink;1,637.74;;4715,23;2022-02-21;Germany;;X;X
Product 7457;Snack;258.03;NaN;724,53;2023/12/28;France;S-31;X;X
Product 7458;Snack;3,736.79;NaN;1799;02/09/2021;Germany;;X;X
Product 7459;;1268;93;2873;2024/09/15;Germany;;X;X
Product 7460;;1056;;2,852.57;;Germany;;X;X
Product 7461;;;;4565,05;19/11/2021;France;;X;X
Product 7462;Snack;3,736.04;86;;2021/02/07;Portugal;;X;X
Product 7463;;1163,15;;;21/11/2019;;;X;X
Product 7464;Food;3,371.33;52;1,690.36;2023/11/20;Portugal;;X;X
Product 7465;Drink;980;NaN;1895,39;2019-11-25;;S-38;X;X
Product 7466;Drink;;85;590,41;15-04-2021;Germany;;X;X
Product 7467;Drink;443,89;;;2019-05-25;France;;X;X
Product 7468;;2,242.47;;3,835.69;2018-11-24;France;S-41;X;X
Product 7469;Drink;;20;649,18;2022/02/18;France;;X;X
;;1507;;3,352.90;02-09-2024;Germany;S-7;X;X
Product 7471;Drink;;NaN;3,469.35;2024/05/17;France;S-37;X;X
Product 7472;Snack;;;;27/01/2020;Portugal;S-9;X;X
Product 7473;;;;354;2020/10/06;Portugal;S-5;X;X
Product 7474;;;;1337,58;04/03/2019;France;;X;X
Product 7475;Drink;2222;NaN;2,348.72;2019/08/21;France;;X;X
Product 7476;Snack;;NaN;;24-10-2019;;S-3;X;X
Product 7477;Snack;4068;;1689;04/11/2019;France;;X;X
Product 7478;Food;3917;NaN;4171,80;2022/03/20;France;;X;X
Product 7479;Drink;3066;;4373,52;2019/04/17;France;S-34;X;X
Product 7480;Food;3250;;4321;;;;X;X
Product 7481;Snack;4196;NaN;;2022/08/17;;;X;X
Product 7482;;691;84;2,765.19;2021/02/09;;S-3;X;X
Product 7483;Snack;;NaN;1896,94;2022-07-27;;;X;X
Product 7484;Drink;3749;;;2020/07/14;France;S-43;X;X
;Food;4390,89;;72,42;13-07-2022;Portugal;;X;X
Product 7486;;4,811.52;73;1874;17-05-2019;France;S-20;X;X
Product 7487;Snack;;;1,750.48;02-03-2020;Germany;;X;X
Product 7488;;;;;2020-12-04;Portugal;S-10;X;X
Product 7489;;1406;35;4,634.69;15-05-2023;France;;X;X
Product 7490;;4360,60;NaN;440,03;19-10-2021;Germany;;X;X
Product 7491;;;NaN;759.09;17-01-2018;;;X;X
Product 7492;;2106;NaN;4016,58;2023/01/14;Germany;;X;X
Product 7493;Snack;;;4,851.29;2024-07-11;France;;X;X
Product 7494;;1753;NaN;1551;2019-12-06;France;;X;X
Product 7495;Snack;441;NaN;;24/07/2018;Germany;S-36;X;X
Product 7496;Snack;3,771.91;;;2019/06/17;Portugal;S-23;X;X
Product 7497;;3,258.70;NaN;640,69;30-09-2023;France;;X;X
Product 7498;Food;296,97;78;;22/03/2022;;;X;X
Product 7499;Drink;3943,83;;4864,52;2023-06-05;;;X;X
;;2854;46;1673;;France;;X;X
Product 7501;Drink;;NaN;4771;2019-12-25;Portugal;;X;X
Product 7502;Snack;1863;NaN;;15-08-2022;Germany;;X;X
Product 7503;Food;3,629.86;41;11;2018-04-23;Portugal;S-33;X;X
Product 7504;Snack;1210;;2095,45;09-09-2019;;;X;X
Product 7505;Food;3611;NaN;3477,75;07-09-2022;Germany;;X;X
Product 7506;Snack;1220;;1716;26-03-2019;Portugal;;X;X
Product 7507;Food;;;2979;08/06/2020;;;X;X
Product 7508;Snack;1827;;;30/05/2020;;;X;X
Product 7509;Drink;4,769.16;95;1,861.38;14-04-2023;France;;X;X
Product 7510;Food;4,324.60;25;2128,30;29/01/2019;Portugal;;X;X
Product 7511;Food;;NaN;139;09/04/2018;France;;X;X
Product 7512;Food;4919,27;NaN;2,578.60;2023-05-30;;;X;X
Product 7513;Snack;4308,50;100;4,251.60;2021-12-19;;;X;X
Product 7514;Food;1301,14;NaN;1,847.36;05/06/2020;Germany;;X;X
;Drink;4277,34;NaN;4,803.51;21-08-2019;;S-15;X;X
Product 7516;Snack;350.70;;4760;2024-07-27;France;;X;X
Product 7517;Drink;4074;;;14-01-2019;France;;X;X
Product 7518;Snack;4122,36;NaN;1750,71;20-02-2020;Portugal;;X;X
Product 7519;Snack;;NaN;;02-10-2020;France;;X;X
Product 7520;Snack;4167,74;;;;Germany;S-7;X;X
Product 7521;Snack;433,82;;1,837.60;17/03/2022;Germany;;X;X
Product 7522;Drink;3414;81;1680;2023/05/28;;;X;X
Product 7523;Drink;;19;1,304.55;2019-10-21;;;X;X
Product 7524;Snack;3937;3;;20-01-2024;Portugal;;X;X
Product 7525;Food;2008,97;6;441.10;2018-07-16;France;;X;X
Product 7526;Snack;1559;NaN;4459;2020-01-02;;S-13;X;X
Product 7527;Snack;;;;30/03/2019;;;X;X
Product 7528;Snack;;NaN;3048;2021-05-14;Portugal;;X;X
Product 7529;;2555,61;NaN;22.66;2022/07/14;;S-50;X;X
;;;NaN;209,56;15-01-2021;;;X;X
Product 7531;Food;;;2,406.19;01/08/2022;Portugal;;X;X
Product 7532;;;8;2828;14/11/2020;Germany;S-40;X;X
Product 7533;Drink;2,737.80;45;1,931.83;28/06/2019;Portugal;;X;X
Product 7534;;3540,85;82;;01-12-2018;France;S-36;X;X
Product 7535;Drink;3,701.87;42;2209,90;2020/12/02;France;;X;X
Product 7536;Drink;1844;NaN;4,563.79;30-08-2023;Germany;S-28;X;X
Product 7537;Drink;4889;NaN;;2020-12-14;France;S-5;X;X
Product 7538;;83,88;54;;16/03/2022;Portugal;S-8;X;X
Product 7539;Drink;1,381.13;NaN;;23/02/2018;;;X;X
Product 7540;;3,506.92;90;;;Portugal;;X;X
Product 7541;;18.04;43;115,54;2019/01/30;France;S-20;X;X
Product 7542;Snack;2,871.26;;907;2023/03/19;Germany;;X;X
Product 7543;Food;2481;77;984;2021-06-19;Germany;;X;X
Product 7544;Snack;4276;NaN;3,039.48;2022-04-03;;S-40;X;X
;Drink;;;4,477.79;2023/04/14;Germany;;X;X
Product 7546;;;NaN;2,850.18;28/06/2023;Portugal;;X;X
Product 7547;;873.68;88;4,494.59;09/10/2023;;;X;X
Product 7548;Drink;335,43;;2,558.71;05-06-2022;;;X;X
Product 7549;;1,772.77;NaN;4554,04;11-03-2021;France;;X;X
Product 7550;;;50;;07/04/2019;Portugal;S-16;X;X
Product 7551;Food;1880;;;2021/03/11;Portugal;;X;X
Product 7552;Snack;;NaN;68,69;2023/12/10;;S-48;X;X
Product 7553;Drink;4,338.07;;;2022/04/17;Portugal;S-13;X;X
Product 7554;Drink;2758,82;41;;14/03/2023;France;;X;X
Product 7555;Snack;1266;12;2323,93;2021/12/23;France;S-39;X;X
Product 7556;Food;;;1923,00;05-10-2020;Portugal;;X;X
Product 7557;;1496;NaN;1028;2021/07/18;Portugal;;X;X
Product 7558;Snack;4138,07;34;2,497.82;10-07-2021;France;;X;X
Product 7559;Snack;939;;3,089.49;2018/01/23;France;;X;X
;Drink;1410,13;NaN;1340;;;;X;X
Product 7561;;4,650.12;;4,648.22;01/08/2024;France;;X;X
Product 7562;;4,581.62;;4451,73;16/02/2020;Portugal;;X;X
Product 7563;;;78;2029;22/10/2023;Portugal;;X;X
Product 7564;Snack;3225;94;1,076.39;2021-08-03;Portugal;S-5;X;X
Product 7565;Snack;;NaN;2,952.71;2022-09-15;France;;X;X
Product 7566;Food;;;;2020-07-21;Portugal;;X;X
Product 7567;Food;2395,33;NaN;132.55;01/09/2022;;;X;X
Product 7568;Drink;1,018.93;35;4,360.87;26/02/2019;France;;X;X
Product 7569;Drink;4593,37;NaN;2,713.96;31/08/2024;;;X;X
Product 7570;Snack;2,527.41;;1150,57;2023/11/20;;S-18;X;X
Product 7571;;43;;2997;22/05/2018;France;;X;X
Product 7572;;2,570.58;NaN;;2020-11-12;France;;X;X
Product 7573;Drink;;NaN;1393;2020/02/29;France;;X;X
Product 7574;;3862,23;50;;31-05-2018;Portugal;;X;X
;Food;1746;;3583,12;05-07-2018;Portugal;;X;X
Product 7576;;3188,48;86;4299,74;2023-03-20;France;S-26;X;X
Product 7577;Drink;2444;;;2021-12-30;France;;X;X
Product 7578;;1718,64;NaN;;31/07/2021;;;X;X
Product 7579;Food;4044;92;1,802.97;04-02-2022;;;X;X
Product 7580;Snack;3529,41;;2374;;;;X;X
Product 7581;;;NaN;4630,65;2020-01-15;Germany;;X;X
Product 7582;Snack;1651,46;;4,098.67;2023-06-27;Germany;S-12;X;X
Product 7583;Food;1883;58;;02-03-2018;Germany;;X;X
Product 7584;Drink;3,789.49;NaN;1474;2023-09-08;France;;X;X
Product 7585;Food;1,075.66;NaN;2,598.44;06/03/2020;France;S-40;X;X
Product 7586;Drink;4712,32;43;2303,03;2024-07-26;;;X;X
Product 7587;Food;2937;;2829;2019-01-20;France;;X;X
Product 7588;;2662,47;;3021,42;08/04/2019;Germany;;X;X
Product 7589;Food;2738,66;87;3118;2023/03/02;;;X;X
;Drink;3,661.70;70;553.27;2018/09/09;;S-35;X;X
Product 7591;Drink;4802,59;45;1996;16/08/2023;France;S-44;X;X
Product 7592;Food;;83;;09/07/2023;Germany;;X;X
Product 7593;;945.39;4;803,94;2021/02/19;;;X;X
Product 7594;Snack;3,517.89;NaN;596;02-10-2024;France;S-7;X;X
Product 7595;Drink;1,558.78;;4314,21;23/12/2021;Portugal;;X;X
Product 7596;Drink;513;58;3669,40;2018/08/26;Germany;S-20;X;X
Product 7597;Snack;2,871.17;;;18/11/2023;France;;X;X
Product 7598;Food;4890,37;NaN;3896,88;2021/01/03;Portugal;;X;X
Product 7599;;4202,08;;2,782.96;2021-09-23;Germany;;X;X
Product 7600;Food;866;NaN;;;;S-27;X;X
Product 7601;Snack;773.69;;551.33;2020-02-11;Germany;;X;X
Product 7602;Food;1475,96;55;1,764.41;03/11/2022;France;;X;X
Product 7603;Drink;;;3413;01-07-2018;;;X;X
Product 7604;Snack;440.61;NaN;3,438.01;29/08/2020;France;S-31;X;X
;;419;NaN;4763,88;2021/11/19;France;S-37;X;X
Product 7606;;1812,22;49;3195,63;2023/02/04;Portugal;;X;X
Product 7607;Drink;4761;NaN;1323;24/10/2018;France;S-45;X;X
Product 7608;Food;1,117.29;43;3059,10;2019/12/25;Germany;S-36;X;X
Product 7609;Drink;294;;4881;09-04-2020;Germany;;X;X
Product 7610;;;;579,44;2022/09/13;;;X;X
Product 7611;;2204,76;1;;10/11/2023;France;S-3;X;X
Product 7612;Food;3358,59;1;4513;02/03/2024;Germany;S-24;X;X
Product 7613;;;NaN;4053;2020-12-03;Germany;;X;X
Product 7614;Drink;1802;;4,789.47;2018/09/11;France;;X;X
Product 7615;Drink;3318;;1957,68;2019-06-22;Portugal;S-37;X;X
Product 7616;Drink;;;4,261.47;2023-01-05;Portugal;S-36;X;X
Product 7617;Snack;;;;2018-06-10;Germany;S-24;X;X
Product 7618;;1186;NaN;;20-11-2021;Germany;S-40;X;X
Product 7619;;1627;;211.12;26/06/2020;Germany;;X;X
;Drink;598.40;NaN;;;;S-11;X;X
Product 7621;Snack;2988,18;59;3,818.33;2024-07-06;Portugal;;X;X
Product 7622;Drink;706;93;;2023-11-13;;;X;X
Product 7623;;1706,22;NaN;3,930.60;2023/04/21;Portugal;;X;X
Product 7624;Snack;2084,88;;554.82;01-08-2023;Germany;S-22;X;X
Product 7625;Drink;4674,68;39;36.94;2021/02/12;Portugal;S-4;X;X
Product 7626;Food;114,54;98;4892;16/04/2020;Portugal;S-15;X;X
Product 7627;Drink;;44;2,571.91;22/08/2019;France;;X;X
Product 7628;;;NaN;;2020-02-10;Portugal;;X;X
Product 7629;Food;3450,11;NaN;4932;2023/08/09;Portugal;;X;X
Product 7630;;86.35;NaN;;28/10/2019;Portugal;S-41;X;X
Product 7631;Drink;800;20;3169;03/09/2019;Portugal;;X;X
Product 7632;Snack;669,99;32;1871;2018-12-31;Germany;S-39;X;X
Product 7633;;2,022.49;;156;2021-06-26;Portugal;;X;X
Product 7634;;2,087.02;NaN;;2022/09/14;;S-31;X;X
;;759,72;24;868;2021-01-13;France;;X;X
Product 7636;Food;;NaN;2976;27/07/2022;Germany;;X;X
Product 7637;Food;;NaN;3877;04/03/2023;France;;X;X
Product 7638;Snack;;;782.80;13/11/2018;Portugal;;X;X
Product 7639;;;;;06-11-2022;Portugal;S-50;X;X
Product 7640;Snack;4773,02;43;2412,99;;Portugal;S-12;X;X
Product 7641;Snack;2645;60;910;2019/04/27;Portugal;;X;X
Product 7642;;2482,85;;1775;16/10/2024;;S-3;X;X
Product 7643;Drink;3728,78;;4566;22/04/2024;Portugal;S-38;X;X
Product 7644;;1,726.31;NaN;680,26;2020/01/12;Germany;;X;X
Product 7645;Drink;695;77;;08-08-2024;;;X;X
Product 7646;Drink;2,461.38;NaN;4666,85;02/10/2020;France;S-35;X;X
Product 7647;;;68;;11-02-2022;;;X;X
Product 7648;;245.78;;2,239.66;23-09-2024;;;X;X
Product 7649;;789,50;NaN;3,259.74;25-01-2019;France;S-1;X;X
;Drink;;26;;2024-09-26;France;;X;X
Product 7651;Food;4564;NaN;3,731.87;2023/02/01;;;X;X
Product 7652;;;49;1030,50;2022/02/13;Portugal;S-40;X;X
Product 7653;Food;3675;46;;03/01/2019;Germany;;X;X
Product 7654;Drink;;62;427;2020-06-05;Portugal;;X;X
Product 7655;Drink;4,696.38;;4831;2023-10-09;;;X;X
Product 7656;Snack;3050,30;51;;2022-02-20;Portugal;;X;X
Product 7657;Snack;1,476.21;NaN;3,974.52;11/10/2018;Germany;;X;X
Product 7658;Food;4504,84;7;662;2018-05-07;France;S-11;X;X
Product 7659;Drink;1655,91;;3245,65;2018-11-25;France;;X;X
Product 7660;;3,532.49;;;;France;;X;X
Product 7661;;;74;631;2021-09-25;Portugal;;X;X
Product 7662;Food;;35;;2019/03/18;France;;X;X
Product 7663;Snack;219,59;;;13/11/2020;France;;X;X
Product 7664;Food;867.51;NaN;1025;10/05/2021;Germany;;X;X
;Food;;NaN;4082,89;2020/10/25;Germany;S-27;X;X
Product 7666;Snack;3915;;1183,83;2018/10/05;Germany;;X;X
Product 7667;;4432;;;2022-05-05;Portugal;;X;X
Product 7668;;;87;;2020/03/02;Portugal;;X;X
Product 7669;Drink;3462;NaN;3339,13;17-06-2021;France;S-16;X;X
Product 7670;Snack;208,29;;;24/03/2022;;;X;X
Product 7671;Drink;1285,88;;;2024-04-23;France;;X;X
Product 7672;Food;3172;NaN;1667;12/12/2022;;S-22;X;X
Product 7673;;2178;;4539,33;15-09-2023;;;X;X
Product 7674;Food;1021,19;87;1668,39;09-10-2021;;S-24;X;X
Product 7675;Food;4502;;;08-07-2021;France;S-42;X;X
Product 7676;;3135;NaN;1660;2019-05-11;Portugal;;X;X
Product 7677;;2,157.08;54;;17/01/2019;Portugal;S-8;X;X
Product 7678;Snack;;20;1951,33;2024/10/21;Germany;;X;X
Product 7679;;;NaN;;2024-06-20;Portugal;;X;X
;Drink;;29;;;France;S-31;X;X
Product 7681;;1,737.97;NaN;289.75;2021-04-28;;;X;X
Product 7682;Food;;;4387,98;22/10/2018;;;X;X
Product 7683;Food;3295,01;NaN;0;16/05/2023;Germany;S-21;X;X
Product 7684;Snack;2,083.45;NaN;4,328.14;2021-06-06;Portugal;;X;X
Product 7685;Food;4,425.25;;;2023/07/17;France;S-6;X;X
Product 7686;Drink;4216,73;NaN;140.26;02/05/2018;Portugal;;X;X
Product 7687;Snack;4423,60;NaN;;16-09-2023;;S-14;X;X
Product 7688;;3,996.82;;432;22/03/2020;;;X;X
Product 7689;;2780,06;100;;2024-03-17;Portugal;S-33;X;X
Product 7690;;;;1290,00;2022/12/26;France;;X;X
Product 7691;Food;4153;;4224,80;2021/12/02;France;;X;X
Product 7692;Food;;NaN;3019,12;2024/01/07;Germany;;X;X
Product 7693;Drink;4512,75;NaN;2136;21/08/2022;France;S-43;X;X
Product 7694;;3768,33;;;2023/04/03;Germany;S-50;X;X
;Drink;1071,60;;3300,05;10-12-2022;;;X;X
Product 7696;;1036,57;NaN;3200;22-01-2023;France;;X;X
Product 7697;Snack;3799;NaN;1143;15/03/2024;Portugal;S-25;X;X
Product 7698;Drink;4284;30;4840,72;2019-11-20;Germany;;X;X
Product 7699;Drink;3,649.26;100;484;30-11-2023;;;X;X
Product 7700;Food;4753;NaN;3,129.74;;;;X;X
Product 7701;Food;1540,20;57;4172;29/01/2023;Portugal;S-47;X;X
Product 7702;Drink;1298,08;;3,147.34;19-04-2020;France;;X;X
Product 7703;Snack;4,785.17;;4,738.09;31-08-2019;Germany;S-32;X;X
Product 7704;Food;1,538.13;;269;18-07-2021;Portugal;;X;X
Product 7705;;2803;3;2762,31;27/11/2023;;;X;X
Product 7706;Drink;;25;1145,51;24/01/2023;France;;X;X
Product 7707;Food;2371,16;;4,468.98;2018-08-11;France;;X;X
Product 7708;Food;4100;NaN;2,972.57;2021/03/29;;;X;X
Product 7709;Snack;3,643.56;85;;24-09-2018;Germany;;X;X
;Drink;;;3188;2022/02/21;Germany;;X;X
Product 7711;;2467;;3177,71;2018/09/20;Portugal;;X;X
Product 7712;Snack;;NaN;1,761.83;11-10-2018;Germany;;X;X
Product 7713;Drink;;67;734.42;28/01/2024;;S-25;X;X
Product 7714;Drink;4173;36;1314,47;06/12/2022;;S-47;X;X
Product 7715;Food;1,899.99;69;;2020/06/15;;;X;X
Product 7716;Drink;2,965.01;69;;07/08/2018;France;;X;X
Product 7717;;1,837.80;;3,923.62;2019/04/11;France;;X;X
Product 7718;Food;4,363.19;NaN;;2019-11-02;Portugal;;X;X
Product 7719;Food;2,627.69;83;;08/06/2023;France;;X;X
Product 7720;;3584,52;83;60,52;;Germany;;X;X
Product 7721;Snack;3800,68;58;1920,21;25/12/2018;Portugal;S-8;X;X
Product 7722;;2,634.71;;2139;19-06-2020;Germany;S-13;X;X
Product 7723;Food;1,227.35;NaN;3584,51;15/07/2019;;;X;X
Product 7724;Food;208;NaN;3557;14/11/2020;Germany;;X;X
;Food;2135;82;139,89;24/09/2023;Germany;S-3;X;X
Product 7726;;;85;440.55;2020/03/16;;;X;X
Product 7727;Drink;;85;889;18/11/2020;Portugal;S-41;X;X
Product 7728;Drink;3195,69;NaN;109,98;22-08-2018;France;;X;X
Product 7729;Snack;;NaN;3297;10/05/2019;;;X;X
Product 7730;Drink;1,392.71;;203,51;18/08/2019;;S-30;X;X
Product 7731;Drink;2398;69;1,367.08;06/05/2018;Germany;S-6;X;X
Product 7732;Food;3670;29;1606,39;17/10/2021;France;S-6;X;X
Product 7733;Food;;NaN;2,272.58;2018-02-18;;;X;X
Product 7734;;1673,61;;;07/04/2023;Portugal;;X;X
Product 7735;Food;1,155.26;NaN;545;10/07/2020;France;;X;X
Product 7736;Food;;94;781;2021/03/12;Portugal;S-6;X;X
Product 7737;Snack;1611;91;3255,33;2021/01/07;Portugal;S-20;X;X
Product 7738;Drink;3418;NaN;333;2021-02-13;;;X;X
Product 7739;Food;2,998.50;3;394,61;2021-10-21;France;S-46;X;X
;Drink;;;691.65;;Portugal;S-37;X;X
Product 7741;Food;;77;;21-03-2020;Portugal;;X;X
Product 7742;Drink;4826,84;;1,849.59;26-02-2021;Germany;S-8;X;X
Product 7743;Drink;4834,84;;1,639.71;2018/08/17;France;S-42;X;X
Product 7744;Food;3528;NaN;2,358.61;2021/10/15;Portugal;S-12;X;X
Product 7745;;;34;;2023-12-06;Germany;;X;X
Product 7746;Food;3,419.52;;3939;2018/07/06;;S-26;X;X
Product 7747;Snack;2142;NaN;;02/04/2023;France;;X;X
Product 7748;Snack;3803,06;;4846;09/09/2021;;;X;X
Product 7749;Drink;;NaN;;2024/06/10;France;;X;X
Product 7750;Drink;2122;98;2553;08/06/2021;Portugal;;X;X
Product 7751;;;;2,195.38;04/08/2018;France;;X;X
Product 7752;;1777;;4390;26/03/2020;France;;X;X
Product 7753;Food;359;NaN;;2019-07-29;Germany;S-1;X;X
Product 7754;Drink;;NaN;1652,00;02/12/2021;France;;X;X
;Drink;1553,40;81;902.14;18/11/2019;France;;X;X
Product 7756;Food;;NaN;2971;03/06/2020;;;X;X
Product 7757;Snack;;;4352;2019-09-15;Germany;;X;X
Product 7758;Snack;1187,91;NaN;3083,95;12-12-2018;;;X;X
Product 7759;Drink;4567,57;7;2314;18-03-2019;;S-26;X;X
Product 7760;Food;2,828.62;NaN;1644;;;;X;X
Product 7761;;1,754.81;NaN;1252,24;05-12-2019;Germany;;X;X
Product 7762;Snack;305,13;NaN;3,675.77;2021/03/20;Portugal;S-45;X;X
Product 7763;Food;1,980.01;NaN;4,045.37;2022-05-03;France;S-20;X;X
Product 7764;;4185,62;;;2024-07-29;Portugal;;X;X
Product 7765;Drink;3793;40;572;18-02-2023;Portugal;S-48;X;X
Product 7766;;2,878.04;NaN;3278;2019-06-04;Germany;;X;X
Product 7767;Drink;862;NaN;4603,32;19/09/2018;Portugal;;X;X
Product 7768;Food;722;50;3,268.00;2024/03/19;;S-29;X;X
Product 7769;Snack;3,796.62;;2780,80;2023-06-15;;;X;X
;Snack;1,526.55;;4197,66;2021-06-11;France;;X;X
Product 7771;Food;;88;;16/01/2020;Portugal;;X;X
Product 7772;Food;2766;;2042,94;2023/06/23;Germany;;X;X
Product 7773;Drink;2179,47;21;157,88;2020-03-17;Germany;S-4;X;X
Product 7774;;4774,59;;3925,46;05/08/2018;;S-14;X;X
Product 7775;Snack;1,372.97;NaN;3,475.37;04/10/2023;;;X;X
Product 7776;;982;;2363,87;2022/02/20;Portugal;S-41;X;X
Product 7777;Food;2767,74;NaN;562,69;16-07-2020;Germany;;X;X
Product 7778;Drink;4192;;1424,43;2020-07-12;France;;X;X
Product 7779;Snack;;71;2543;23-11-2021;;;X;X
Product 7780;Food;3738;NaN;1385;;Portugal;;X;X
Product 7781;Snack;;;1,276.33;23-08-2020;;S-50;X;X
Product 7782;;;NaN;3,873.40;27/06/2018;Portugal;;X;X
Product 7783;Drink;521;;;2024/03/26;Germany;S-40;X;X
Product 7784;Snack;1631;NaN;669,37;21-01-2023;Portugal;;X;X
;Drink;2084,14;NaN;2814;11-06-2019;France;;X;X
Product 7786;Snack;1,725.25;NaN;379,30;16/01/2018;Portugal;;X;X
Product 7787;;4462,48;62;37;29/05/2020;Germany;;X;X
Product 7788;Food;;37;1,811.32;2022-03-23;;;X;X
Product 7789;Snack;2422;5;2,010.05;29/09/2022;Germany;;X;X
Product 7790;Food;;8;354;2021-11-13;Germany;;X;X
Product 7791;;3,164.96;;1783;18-04-2022;Germany;S-15;X;X
Product 7792;;2478,86;NaN;4,027.65;28/02/2018;;S-31;X;X
Product 7793;Drink;3,145.63;;3402,17;2020-06-22;France;;X;X
Product 7794;Food;1975;;4250,04;2023/02/17;;S-18;X;X
Product 7795;Drink;3120,25;NaN;;2018-07-04;Germany;;X;X
Product 7796;Food;535.43;NaN;3210;2018/03/09;Portugal;;X;X
Product 7797;Food;3552;56;3723,72;2020/09/27;France;S-39;X;X
Product 7798;Snack;2,043.84;99;;2019-07-09;;;X;X
Product 7799;Drink;4015;;4,482.78;14/11/2022;Germany;;X;X
;;3,689.32;;800;;;;X;X
Product 7801;Drink;4905;;;09-06-2019;;S-47;X;X
Product 7802;Food;4,849.25;;3,945.20;03/01/2022;France;;X;X
Product 7803;Food;2785,41;83;390;2019-10-08;Germany;S-6;X;X
Product 7804;Drink;;;2818;26-03-2019;;S-35;X;X
Product 7805;Snack;1700;;1436,70;2021/07/03;Germany;S-2;X;X
Product 7806;;2745,11;65;;2023-04-29;Portugal;;X;X
Product 7807;Snack;;;;03/03/2020;Germany;S-23;X;X
Product 7808;Drink;911;NaN;2080,95;2021-02-11;;S-25;X;X
Product 7809;Drink;1087;74;2954,33;2023-10-29;Germany;S-20;X;X
Product 7810;;1988;11;;2019-10-15;France;;X;X
Product 7811;Drink;;;2256,53;21-03-2022;Portugal;;X;X
Product 7812;Food;12,64;30;487.05;28-07-2018;;S-8;X;X
Product 7813;Drink;4155;NaN;4090;2020/01/12;France;;X;X
Product 7814;;410,93;18;3,451.75;26-05-2020;Germany;S-11;X;X
;Snack;3035,75;;3912;20/10/2018;;;X;X
Product 7816;Drink;2280;;4,290.22;2023-10-28;France;;X;X
Product 7817;Snack;1,851.63;NaN;1042;2023/10/27;Portugal;;X;X
Product 7818;Snack;2862;NaN;571;07-10-2023;Portugal;S-39;X;X
Product 7819;Food;1494;NaN;3335;24-11-2023;France;;X;X
Product 7820;;3,020.08;;2873,01;;Germany;S-22;X;X
Product 7821;Snack;1695,27;65;;08-08-2023;France;S-28;X;X
Product 7822;Food;2147;NaN;;2023-03-19;France;S-22;X;X
Product 7823;Drink;3,099.56;NaN;;2018-11-01;Portugal;;X;X
Product 7824;Snack;2,600.07;NaN;;2024-07-09;France;;X;X
Product 7825;Snack;2586;;3862,92;26/07/2024;France;S-24;X;X
Product 7826;Drink;;NaN;520.50;24/03/2020;Portugal;S-30;X;X
Product 7827;Drink;;;481,29;13-02-2018;Portugal;;X;X
Product 7828;Food;;69;2196,16;18/06/2022;;;X;X
Product 7829;Drink;3900,66;12;1620;31-01-2022;Portugal;;X;X
;Drink;2407;NaN;;2020-05-22;;S-19;X;X
Product 7831;;1630;1;4970,53;2022/05/01;;;X;X
Product 7832;Snack;3,243.21;;1258;27/10/2022;France;;X;X
Product 7833;Drink;3193;;;2024/03/18;;S-33;X;X
Product 7834;;;;;2024-04-24;Germany;;X;X
Product 7835;Food;;;;2022-07-21;Portugal;;X;X
Product 7836;Food;;100;2,392.56;08/01/2022;;;X;X
Product 7837;;4,003.52;;654;2018-04-20;Germany;;X;X
Product 7838;Food;4753,75;14;;2018-03-11;Portugal;S-45;X;X
Product 7839;Drink;4150;NaN;;22-08-2020;France;;X;X
Product 7840;Food;3838,41;;3,923.98;;;;X;X
Product 7841;Drink;2,434.38;48;;05-11-2022;Germany;S-46;X;X
Product 7842;Drink;1492,29;21;;2021-09-02;Portugal;S-1;X;X
Product 7843;Drink;1728;;4,195.71;31/01/2024;;;X;X
Product 7844;Food;;NaN;2749;12/05/2023;;S-10;X;X
;Drink;624,95;98;2,278.64;19-06-2020;France;;X;X
Product 7846;Drink;3319,95;;;09-02-2023;France;S-23;X;X
Product 7847;Drink;615;32;;2020-04-16;Germany;;X;X
Product 7848;Food;;;;20/11/2021;;S-3;X;X
Product 7849;;2,274.27;;2,612.29;2022/07/21;France;S-39;X;X
Product 7850;;3832;NaN;2387;2023/04/20;France;;X;X
Product 7851;Snack;1201,96;92;845,54;2023/10/19;Portugal;;X;X
Product 7852;Drink;4093;;3268;01-10-2023;France;S-26;X;X
Product 7853;Drink;;;850;2023/11/05;Portugal;S-41;X;X
Product 7854;Drink;667;90;3691;25-01-2024;Portugal;;X;X
Product 7855;;;NaN;1452,98;23/07/2020;;;X;X
Product 7856;Drink;4809;NaN;;05-02-2022;France;;X;X
Product 7857;Drink;2006,45;NaN;4986;2021/04/24;;S-43;X;X
Product 7858;Snack;1116;NaN;4,687.10;31/07/2020;Germany;;X;X
Product 7859;Snack;;;4920,05;11-01-2024;France;;X;X
;;;56;3,117.46;;;;X;X
Product 7861;Drink;2669;71;943,08;27/09/2019;France;;X;X
Product 7862;Snack;2337;63;4605;2020-10-28;Germany;;X;X
Product 7863;;758.24;;;03/11/2020;Portugal;S-23;X;X
Product 7864;Food;2682;3;3,024.98;28/08/2024;;;X;X
Product 7865;Snack;1747,59;NaN;1498;2024-06-21;Portugal;S-22;X;X
Product 7866;;4169;NaN;2081;24-11-2018;;;X;X
Product 7867;;2429;;3740;17-08-2023;Germany;;X;X
Product 7868;Drink;4164;NaN;1,560.96;2020-02-03;;;X;X
Product 7869;;4639,83;;1291;31/01/2019;;;X;X
Product 7870;;;67;3424;2023/06/28;Portugal;;X;X
Product 7871;;221;;4984,71;09-10-2024;;;X;X
Product 7872;;3140,35;;2,023.63;28-02-2021;Germany;;X;X
Product 7873;Drink;;NaN;;2019-12-18;France;S-14;X;X
Product 7874;;838.22;NaN;3839;25-03-2022;Germany;;X;X
;Food;3708;49;;21-10-2024;Germany;S-39;X;X
Product 7876;;2220;NaN;274,85;18/11/2019;France;S-46;X;X
Product 7877;;91,21;NaN;;2024/04/20;Germany;;X;X
Product 7878;Food;;NaN;2930;2019-09-17;;;X;X
Product 7879;Snack;3167,99;NaN;;05/10/2023;Germany;S-39;X;X
Product 7880;Drink;;NaN;1,328.81;;Portugal;S-23;X;X
Product 7881;Drink;;;583,83;2022/06/15;Germany;S-48;X;X
Product 7882;Snack;3,601.82;;;2021-03-29;;S-45;X;X
Product 7883;;4870,97;97;107,39;2018-09-06;Portugal;;X;X
Product 7884;;2779;NaN;3468;28/04/2018;Portugal;S-27;X;X
Product 7885;Snack;2859,53;NaN;2093,91;2023-11-18;;;X;X
Product 7886;;2,591.01;NaN;3763,23;14/02/2019;Portugal;S-30;X;X
Product 7887;Snack;2496;;3136,63;26/01/2019;;;X;X
Product 7888;;;NaN;2504,01;2020/11/19;;;X;X
Product 7889;;;;2,194.69;11/07/2022;Portugal;;X;X
;Food;;NaN;1377,54;2020-03-27;;;X;X
Product 7891;Snack;503,86;NaN;2,386.86;27-11-2019;;S-26;X;X
Product 7892;Drink;2300,59;;;2020/07/22;France;S-11;X;X
Product 7893;;3295,27;19;4,356.27;29/07/2024;France;;X;X
Product 7894;Drink;;NaN;;2023/06/30;France;S-31;X;X
Product 7895;Drink;;;;11/07/2018;France;S-24;X;X
Product 7896;Drink;2300;;4,653.55;20/07/2020;;S-18;X;X
Product 7897;Food;;3;1394;24/10/2018;France;;X;X
Product 7898;Food;2,714.98;;;13/09/2019;France;;X;X
Product 7899;Snack;4720;26;4868,95;2024-10-25;France;S-39;X;X
Product 7900;;1569,08;;3684,03;;Germany;S-11;X;X
Product 7901;;1,989.34;96;224;2022/08/08;Portugal;;X;X
Product 7902;;549;100;3943;2018-06-11;Germany;S-21;X;X
Product 7903;;2,891.50;39;3794,32;2021-07-28;France;;X;X
Product 7904;Snack;;;;31-08-2021;France;S-15;X;X
;;2,225.85;;;18/04/2020;Germany;;X;X
Product 7906;;1,764.70;;4,482.66;2022-02-08;Germany;S-1;X;X
Product 7907;Snack;;NaN;4,795.66;2020-08-26;Germany;;X;X
Product 7908;Food;4999;NaN;2205;2020/08/13;France;;X;X
Product 7909;;4395;;708,81;22/05/2024;France;;X;X
Product 7910;Food;;NaN;;2018-06-24;Germany;S-25;X;X
Product 7911;Food;227,38;63;;16/02/2020;Portugal;S-7;X;X
Product 7912;;2,272.27;;;25/07/2018;;;X;X
Product 7913;Drink;2,669.89;NaN;701,59;23/06/2021;France;;X;X
Product 7914;Drink;1350,45;;;2019/11/27;France;;X;X
Product 7915;;4,835.19;NaN;1276;23/01/2019;France;;X;X
Product 7916;Snack;4004,23;NaN;;01/04/2021;Portugal;;X;X
Product 7917;Snack;3766,41;43;391.15;2019/05/31;;;X;X
Product 7918;;372.05;65;670;2022/04/23;France;;X;X
Product 7919;Snack;;NaN;;2018/03/04;;;X;X
;Food;4553;NaN;1043,96;;France;;X;X
Product 7921;;824;10;1140,59;2024/02/28;;;X;X
Product 7922;;4,877.90;91;1,518.51;2022/08/04;Portugal;;X;X
Product 7923;Drink;2,161.07;84;4,419.50;2022/01/14;;S-12;X;X
Product 7924;Drink;;NaN;;2022-09-22;Germany;;X;X
Product 7925;;2208,15;;2835;26/05/2020;Portugal;S-4;X;X
Product 7926;Food;4753;NaN;1,228.75;2022/06/22;France;S-19;X;X
Product 7927;Snack;2600,80;;38,23;2021/02/19;Portugal;;X;X
Product 7928;Food;980,09;NaN;;2020-10-01;France;S-44;X;X
Product 7929;Drink;;;3,464.44;31-10-2021;;S-28;X;X
Product 7930;Snack;3,367.72;;4590,92;11/06/2021;Portugal;;X;X
Product 7931;;;43;;16-05-2021;Portugal;S-16;X;X
Product 7932;Drink;4,217.40;NaN;1889,80;19-08-2024;;S-30;X;X
Product 7933;Snack;1949,16;;4196,65;26-02-2022;Portugal;;X;X
Product 7934;Drink;2568;20;2173,79;20/04/2021;France;S-39;X;X
;Drink;;20;2863,43;26-09-2019;Portugal;;X;X
Product 7936;Food;;NaN;3964,82;13/04/2020;;;X;X
Product 7937;Food;4048;;2,646.00;24-09-2019;Germany;;X;X
Product 7938;Food;3537,71;;;2018/08/13;France;;X;X
Product 7939;;;NaN;;11/09/2020;;S-45;X;X
Product 7940;;2145,82;35;4954,44;;Germany;;X;X
Product 7941;Food;442.30;NaN;1494,70;05-09-2018;Germany;;X;X
Product 7942;Drink;3,361.10;NaN;3350,46;2019-04-29;Portugal;;X;X
Product 7943;;3,983.82;50;2807;2019-09-22;;;X;X
Product 7944;Drink;377.79;NaN;4,374.19;2023-02-07;France;S-2;X;X
Product 7945;;1,611.36;;4072;13/01/2021;Germany;S-15;X;X
Product 7946;Snack;4025,52;NaN;3,761.41;25-04-2023;Germany;;X;X
Product 7947;Snack;;;1923,91;2021-12-04;France;;X;X
Product 7948;;3,948.59;NaN;884,02;2024/04/06;;;X;X
Product 7949;Snack;4214;NaN;;30/03/2020;France;;X;X
;;1971;NaN;4375,05;08/03/2023;Germany;;X;X
Product 7951;Food;2257;NaN;652,16;2020-10-22;Portugal;;X;X
Product 7952;Food;3145;;1,639.35;2023/01/23;Germany;;X;X
Product 7953;Snack;1887;44;333,82;2024-08-05;Portugal;S-2;X;X
Product 7954;Drink;3,500.33;;3,971.37;13/12/2022;Portugal;S-16;X;X
Product 7955;Snack;1873;NaN;3,952.04;07-06-2023;Germany;S-26;X;X
Product 7956;Drink;1400,82;NaN;2,731.58;2024-10-24;Germany;S-35;X;X
Product 7957;;546,88;93;;2023-05-24;;S-44;X;X
Product 7958;Snack;3986;79;194.59;2022/09/10;Germany;;X;X
Product 7959;Food;;;;2019-08-18;;S-43;X;X
Product 7960;Drink;4,606.83;NaN;3010;;;;X;X
Product 7961;;2556,05;NaN;4,736.11;2023/06/13;Portugal;S-12;X;X
Product 7962;Food;3,435.75;49;;14-07-2020;Portugal;;X;X
Product 7963;Food;289,69;NaN;1837;2021-07-16;France;;X;X
Product 7964;Food;3,450.08;;3217,21;01-03-2023;France;S-9;X;X
;;;;2750;2023/07/04;Germany;;X;X
Product 7966;;2564,96;;1849,70;2019/06/27;;S-5;X;X
Product 7967;Snack;2685;14;2393;2019-04-27;Portugal;;X;X
Product 7968;;4309,78;;3045;2024-04-09;Portugal;;X;X
Product 7969;Drink;1,300.85;84;3,721.32;2022/11/08;;S-22;X;X
Product 7970;Drink;829,06;82;2476;24-08-2023;Germany;;X;X
Product 7971;Snack;1,305.18;;2922,01;09-04-2024;Germany;S-36;X;X
Product 7972;Drink;991;;966.63;2018-11-11;Germany;;X;X
Product 7973;Drink;1334,81;NaN;4704;28-05-2024;Germany;;X;X
Product 7974;Drink;4497,00;;3659;2023/05/08;;;X;X
Product 7975;;922.92;;778.93;08-07-2023;France;;X;X
Product 7976;Drink;;81;4114;28/10/2021;France;;X;X
Product 7977;Food;57,09;NaN;1451;20-11-2018;Germany;S-43;X;X
Product 7978;;;NaN;4,046.20;28-08-2019;France;;X;X
Product 7979;Drink;;39;2547,60;2023-05-22;Germany;;X;X
;Drink;4539,69;18;1,296.28;;France;S-42;X;X
Product 7981;Drink;3661,57;41;3,761.89;01-11-2022;;;X;X
Product 7982;Food;;NaN;739;2024/05/23;Portugal;S-48;X;X
Product 7983;Drink;2,177.45;NaN;;2021-12-08;Germany;;X;X
Product 7984;Drink;;NaN;4,283.82;2021/10/12;France;;X;X
Product 7985;Snack;721;NaN;1,055.40;02/09/2018;;S-5;X;X
Product 7986;;;NaN;4,638.64;12/09/2019;Portugal;;X;X
Product 7987;;3271,03;NaN;;16/11/2022;Portugal;;X;X
Product 7988;Food;3,182.54;50;497.70;07-04-2021;Germany;;X;X
Product 7989;Drink;;68;539,46;24/09/2021;;;X;X
Product 7990;Food;736;12;3,355.51;23-07-2022;France;S-30;X;X
Product 7991;Snack;;59;2,463.24;2022-07-21;Germany;;X;X
Product 7992;Food;2804;NaN;;2019/10/29;Portugal;;X;X
Product 7993;;;96;2346,87;2022-08-05;;S-10;X;X
Product 7994;Food;4,069.61;NaN;2558,15;2021/03/25;;;X;X
;Snack;223.58;52;4726;2021/07/22;Portugal;;X;X
Product 7996;Food;1935;;3,630.38;2022-03-01;France;;X;X
Product 7997;Snack;;66;3,700.21;05-04-2019;;S-43;X;X
Product 7998;Food;;NaN;382,03;2021/11/06;Portugal;;X;X
Product 7999;Drink;2336,34;NaN;382,99;2024/07/11;France;S-11;X;X
Product 8000;;2944,11;NaN;4,722.88;;;;X;X
Product 8001;;2006;;3313,20;12/10/2023;Germany;;X;X
Product 8002;Food;3,589.62;;2,536.86;02/06/2024;Portugal;S-46;X;X
Product 8003;Food;3046,13;;4,425.38;2019/01/18;;;X;X
Product 8004;Food;1934;18;233,54;2022-12-09;France;;X;X
Product 8005;Snack;3980,42;26;941,22;2024/08/23;Germany;;X;X
Product 8006;Food;;NaN;;2022/09/21;France;S-27;X;X
Product 8007;Food;3,225.86;;4109,67;14/04/2022;;S-8;X;X
Product 8008;Food;1491;;808.61;2024/10/20;France;S-42;X;X
Product 8009;Drink;4071,75;NaN;;09-07-2022;France;;X;X
;Food;;29;3285,69;25/01/2020;France;;X;X
Product 8011;;3413,39;NaN;2728;2018/01/14;Germany;;X;X
Product 8012;Snack;2761;NaN;1181;2021/08/09;France;;X;X
Product 8013;;2793,27;65;;21/04/2021;Portugal;;X;X
Product 8014;;939.14;39;896.18;2022/08/13;Portugal;;X;X
Product 8015;Snack;;;4415;23/02/2021;Portugal;S-20;X;X
Product 8016;;;90;2527,44;2023/05/09;Germany;;X;X
Product 8017;Snack;1386,36;NaN;;2023-06-07;;;X;X
Product 8018;Snack;4,803.63;NaN;;30-03-2024;;S-25;X;X
Product 8019;Snack;334.92;;;26/10/2022;;;X;X
Product 8020;Snack;;;;;Germany;;X;X
Product 8021;Drink;3643;NaN;2,844.34;2023/10/05;Germany;S-31;X;X
Product 8022;Snack;;34;;2024-07-10;France;S-37;X;X
Product 8023;;3,979.45;NaN;1,306.34;24-10-2022;;;X;X
Product 8024;;;NaN;4640;2019/05/10;Portugal;;X;X
;Food;2856,93;98;;28-11-2022;;;X;X
Product 8026;Snack;;NaN;1358;2019/08/14;France;;X;X
Product 8027;Snack;1834;;141.27;2024-03-30;Portugal;;X;X
Product 8028;Food;2,572.00;;;19/06/2022;Portugal;;X;X
Product 8029;Food;4,324.20;NaN;146.41;2020/06/04;Germany;;X;X
Product 8030;;994;NaN;;29-12-2018;France;S-27;X;X
Product 8031;;2726;89;4536;02-08-2019;France;;X;X
Product 8032;Drink;960,62;14;4,918.49;25-11-2020;France;S-20;X;X
Product 8033;Food;21;;4632;2023-06-30;;;X;X
Product 8034;Food;2243;NaN;2772,12;10/06/2024;France;S-34;X;X
Product 8035;Snack;;;;19-11-2022;Portugal;;X;X
Product 8036;Drink;1557;;1,934.33;15-04-2022;Germany;;X;X
Product 8037;Snack;1,886.91;1;4,124.20;03-03-2019;Germany;;X;X
Product 8038;;3857;8;3237,23;15/02/2023;Germany;;X;X
Product 8039;;610.59;88;;2018-09-06;;;X;X
;;3672;14;;;Portugal;;X;X
Product 8041;Drink;235,42;;2082,90;13/11/2019;Germany;;X;X
Product 8042;Food;752.71;68;1,365.77;04/04/2019;France;S-39;X;X
Product 8043;Snack;946;58;4174;2024-10-10;France;S-3;X;X
Product 8044;Food;;40;4437;2019-10-22;Germany;;X;X
Product 8045;Snack;2831,31;91;;2018-03-31;Germany;S-8;X;X
Product 8046;Food;4658;;2,273.38;2021/02/14;Germany;;X;X
Product 8047;Snack;;NaN;3,259.59;2018-05-09;Portugal;;X;X
Product 8048;;;NaN;4,535.47;08/11/2022;;;X;X
Product 8049;Drink;;12;1089;2021/03/02;;;X;X
Product 8050;;3,496.29;;3411,87;2021-06-16;Germany;;X;X
Product 8051;;;79;2533,99;2018-04-20;;S-28;X;X
Product 8052;Food;2501,59;;;22-07-2020;;;X;X
Product 8053;Snack;4466;28;;08/06/2019;;;X;X
Product 8054;;368;34;2039,91;27-05-2021;Portugal;S-35;X;X
;;;;4761;2019/10/23;;;X;X
Product 8056;Food;24,06;;;2019/09/08;Germany;;X;X
Product 8057;;4815;;1944;2020-07-08;Portugal;;X;X
Product 8058;Snack;2,704.35;NaN;4671,73;13-12-2021;Germany;S-1;X;X
Product 8059;Drink;3803;73;2623;30-07-2024;France;S-16;X;X
Product 8060;Drink;;NaN;2352,97;;Portugal;;X;X
Product 8061;Food;1925;45;;2018/03/22;Portugal;S-11;X;X
Product 8062;Drink;;13;581;2024-01-14;Portugal;;X;X
Product 8063;;;3;4,344.15;18/04/2024;Portugal;;X;X
Product 8064;Food;;NaN;833.77;2020-04-06;;;X;X
Product 8065;Snack;4288,54;85;4131;29-04-2018;France;;X;X
Product 8066;;1,938.87;;;22/03/2023;Portugal;S-10;X;X
Product 8067;Drink;;9;57;2023/08/21;France;;X;X
Product 8068;;3,381.61;NaN;2605;28/05/2022;France;;X;X
Product 8069;Food;;22;868;2024/07/01;Germany;;X;X
;;3801,52;NaN;114;2021/10/10;;;X;X
Product 8071;Drink;1,138.23;84;;2022/04/17;France;S-43;X;X
Product 8072;Drink;;10;92;07/12/2019;;;X;X
Product 8073;Drink;;;2670;2022-05-22;France;;X;X
Product 8074;Drink;;5;;2023-12-21;;;X;X
Product 8075;Food;4480;NaN;3599,52;2023/01/07;France;S-3;X;X
Product 8076;Food;4972;NaN;;28-09-2024;Portugal;;X;X
Product 8077;;581,55;NaN;;2018-01-16;Germany;S-36;X;X
Product 8078;Food;1510;40;;2019-01-13;Portugal;;X;X
Product 8079;Drink;4484,53;;2,013.28;2023-09-01;Germany;;X;X
Product 8080;Snack;;NaN;2,161.35;;Germany;;X;X
Product 8081;;3,626.81;50;3979,45;21-02-2021;Germany;;X;X
Product 8082;Snack;4218,49;91;;2024/09/23;France;;X;X
Product 8083;Drink;;52;4,715.47;2024-07-06;;;X;X
Product 8084;Snack;97;;3241,72;2021-12-25;;S-22;X;X
;;4,225.63;;1103;2022/03/07;;;X;X
Product 8086;Food;;21;4830,78;19/10/2023;Germany;S-41;X;X
Product 8087;Drink;2971;NaN;2325;2022-03-08;Germany;;X;X
Product 8088;;4088;;2118;2020-01-28;;S-37;X;X
Product 8089;Food;;NaN;1075;04-02-2020;Portugal;;X;X
Product 8090;Snack;4159,78;NaN;;2019/11/02;France;;X;X
Product 8091;Drink;;71;268;2023-09-08;;;X;X
Product 8092;Food;;NaN;1686,19;2018/10/25;Portugal;;X;X
Product 8093;Snack;;NaN;551.00;11-03-2019;Germany;S-46;X;X
Product 8094;;1810;;1033;2023/10/08;Portugal;S-39;X;X
Product 8095;;;30;4,321.22;02-06-2018;Germany;;X;X
Product 8096;;;;;04-12-2021;Portugal;S-50;X;X
Product 8097;Drink;;4;;2020-02-16;Germany;S-12;X;X
Product 8098;Drink;3,415.62;NaN;;29/07/2020;Germany;;X;X
Product 8099;Snack;1480;;3477,45;2024/01/13;Portugal;S-26;X;X
;Food;1341,82;;2504;;France;;X;X
Product 8101;Snack;3791,06;9;1171;2018/12/29;;;X;X
Product 8102;Food;3044;NaN;101.24;16/03/2022;France;;X;X
Product 8103;Food;;;1956,10;30-04-2024;France;;X;X
Product 8104;Food;2642;;4131,09;21/12/2020;Germany;S-38;X;X
Product 8105;Snack;3708,21;32;611;02-11-2023;Germany;S-26;X;X
Product 8106;Drink;;NaN;4,836.04;12-08-2022;Portugal;;X;X
Product 8107;Food;3,617.82;NaN;1,905.57;2023-04-02;Germany;;X;X
Product 8108;Snack;;44;1040,16;2024-10-07;;;X;X
Product 8109;Drink;338.40;27;229;13/12/2019;France;;X;X
Product 8110;Snack;;85;2348;10-02-2020;Germany;S-15;X;X
Product 8111;;;NaN;2094,00;14/04/2024;France;S-37;X;X
Product 8112;Food;;;1858;11-03-2024;Germany;;X;X
Product 8113;Snack;2195;26;672,26;2023-12-13;;;X;X
Product 8114;Food;2,341.94;76;;20-02-2024;;S-48;X;X
;Drink;;38;1,962.79;13-04-2018;France;S-15;X;X
Product 8116;;721.58;;;2024/07/14;France;;X;X
Product 8117;;2,485.01;NaN;1134;06/07/2023;;;X;X
Product 8118;Snack;;;231,02;2018/08/09;France;;X;X
Product 8119;Snack;348,80;NaN;;2019-06-29;France;S-10;X;X
Product 8120;Drink;;;;;France;;X;X
Product 8121;Drink;3796;;3614,75;18-07-2023;;S-34;X;X
Product 8122;Food;;31;2748,63;2021-12-13;Portugal;S-5;X;X
Product 8123;;861,96;73;4,108.12;18-01-2024;;;X;X
Product 8124;Food;2,034.33;;2315;31/07/2020;Portugal;;X;X
Product 8125;;1,437.10;NaN;4772,22;31-07-2023;France;;X;X
Product 8126;Snack;1,159.14;;3872,99;2022/06/19;Germany;;X;X
Product 8127;Drink;259.43;;2,949.69;2020-02-10;;;X;X
Product 8128;Snack;1,078.38;26;3,700.41;22/03/2019;;S-10;X;X
Product 8129;Drink;;78;2,334.43;2021-03-21;;;X;X
;;;;1350;02-02-2024;Germany;;X;X
Product 8131;;4071,98;65;2160;2018/01/24;France;;X;X
Product 8132;Drink;;90;2233,47;02-10-2020;Germany;;X;X
Product 8133;Snack;2829;NaN;;2022/08/31;;;X;X
Product 8134;Drink;3538,59;39;3,183.96;2023-07-15;Germany;;X;X
Product 8135;Food;1994;51;1586;2021-03-09;Portugal;;X;X
Product 8136;Snack;3,271.83;;2,362.57;2019/03/08;France;;X;X
Product 8137;Snack;;;4189;2020/07/19;Germany;S-36;X;X
Product 8138;Food;1,615.59;6;1664,41;2022/10/02;;S-39;X;X
Product 8139;Snack;2993,93;;;30/05/2019;Germany;S-37;X;X
Product 8140;;682;NaN;925;;Germany;;X;X
Product 8141;Drink;1212,20;NaN;;24-10-2018;France;S-32;X;X
Product 8142;;;;2,977.32;18/11/2020;Germany;S-46;X;X
Product 8143;Snack;4307;;619,64;16-05-2019;;;X;X
Product 8144;;1269;1;2,210.99;2020/09/20;;;X;X
;Food;;NaN;;2022-06-19;;;X;X
Product 8146;Snack;3899;NaN;2216,11;09-02-2018;;;X;X
Product 8147;Drink;1227,04;;3418,49;01-08-2021;France;;X;X
Product 8148;Drink;4809,23;NaN;1657;09-04-2018;;S-18;X;X
Product 8149;Drink;1279;NaN;4,685.86;09-01-2024;Portugal;;X;X
Product 8150;Food;1750;;;2020-08-27;Germany;S-44;X;X
Product 8151;Drink;4522,57;NaN;;2019/11/13;France;;X;X
Product 8152;;;NaN;2260,42;2018/05/25;;;X;X
Product 8153;;2050;21;1355,49;20/05/2023;France;S-38;X;X
Product 8154;Snack;4853;NaN;1252;29/04/2022;France;;X;X
Product 8155;Drink;1665,11;NaN;;07/01/2021;Portugal;S-4;X;X
Product 8156;Food;;77;;2023/04/20;Portugal;;X;X
Product 8157;;;18;1,350.10;24-12-2018;;S-37;X;X
Product 8158;Snack;2721,78;22;1217,74;02-08-2018;France;;X;X
Product 8159;;3393,68;;1,992.42;2018/09/27;;;X;X
;;1,143.42;45;;;;;X;X
Product 8161;Snack;843.92;NaN;2258;09/07/2018;France;;X;X
Product 8162;;;NaN;4712;2021-09-04;;S-31;X;X
Product 8163;;170,91;;187,39;2024/08/02;Portugal;S-22;X;X
Product 8164;Food;3107;96;1413,71;21/01/2023;Portugal;;X;X
Product 8165;Snack;;77;;2018-06-04;France;;X;X
Product 8166;Snack;4,612.52;;2953;2023/04/25;Germany;;X;X
Product 8167;Drink;;;2295,55;2022/08/14;;S-43;X;X
Product 8168;;;44;;2019/06/28;Germany;;X;X
Product 8169;Food;;NaN;;02/11/2023;;;X;X
Product 8170;Drink;1014,91;;3,435.73;10/05/2021;Portugal;;X;X
Product 8171;Snack;1,257.99;;4,113.33;2018-12-16;France;;X;X
Product 8172;Food;4027;;2,467.08;2021/06/21;;;X;X
Product 8173;Snack;3,986.02;;1943,06;10-03-2018;;;X;X
Product 8174;;2881,39;52;;2021/06/22;France;S-16;X;X
;Drink;;NaN;2907,86;13/08/2020;;S-2;X;X
Product 8176;Drink;1548,55;NaN;;2021/05/11;Germany;;X;X
Product 8177;;2,135.55;NaN;3,679.91;28/07/2022;Portugal;;X;X
Product 8178;;973.49;NaN;;2021-02-04;;S-10;X;X
Product 8179;Snack;2709,51;;3,294.54;26/02/2019;France;;X;X
Product 8180;Drink;2355,04;NaN;4,732.81;;France;S-41;X;X
Product 8181;Drink;1620,91;NaN;2601,65;2023/10/19;Portugal;;X;X
Product 8182;Drink;;;540.63;23-09-2024;Germany;;X;X
Product 8183;Drink;1561,10;NaN;2,019.07;12-12-2020;Portugal;S-50;X;X
Product 8184;Food;750,31;NaN;1,402.38;2023/12/02;;S-36;X;X
Product 8185;Snack;735.70;NaN;408;2023-11-04;Germany;;X;X
Product 8186;Food;3653,11;64;3,951.19;2023/09/11;Portugal;;X;X
Product 8187;Drink;;2;;16/07/2019;Portugal;S-39;X;X
Product 8188;;1804;;;06/02/2024;;S-37;X;X
Product 8189;;4735,58;;2409;19-05-2021;France;S-44;X;X
;Drink;;11;;15/04/2021;France;S-39;X;X
Product 8191;Food;3097,57;;3,455.48;06/08/2019;;;X;X
Product 8192;Food;277;;3,636.86;16/08/2022;France;;X;X
Product 8193;Snack;2,028.95;;722;09/09/2023;Portugal;;X;X
Product 8194;;4372;;112;2021/07/07;France;;X;X
Product 8195;Drink;3251,17;;;2021-09-09;Portugal;S-17;X;X
Product 8196;Food;3899;;3682;2019/01/30;France;S-9;X;X
Product 8197;Food;;38;2504,25;12-05-2018;France;;X;X
Product 8198;Snack;1,264.31;NaN;3760;2023/11/09;Portugal;S-47;X;X
Product 8199;;4,126.18;;2890;2018-08-04;Portugal;;X;X
Product 8200;Drink;;NaN;2,395.75;;;S-40;X;X
Product 8201;;277;;36.90;20-01-2018;Portugal;;X;X
Product 8202;Drink;1,461.77;;2,665.89;2023/04/26;France;;X;X
Product 8203;Food;1008;28;1,122.31;2023-03-28;Portugal;S-3;X;X
Product 8204;Food;;;3309,13;2024-06-04;Germany;S-23;X;X
;Drink;708.79;;4,843.38;2019-09-10;France;S-13;X;X
Product 8206;;3,443.97;46;4253;2019-03-19;Portugal;S-48;X;X
Product 8207;;1989,48;72;962,61;18-03-2019;;;X;X
Product 8208;Snack;2131,22;7;3,944.72;23/08/2019;Germany;;X;X
Product 8209;Drink;4322;NaN;;2018/07/12;;;X;X
Product 8210;;2,227.17;;4,330.07;01-03-2022;France;S-4;X;X
Product 8211;Food;;NaN;3,300.01;2021-02-24;France;;X;X
Product 8212;;2427;;2677;2024-08-29;Germany;;X;X
Product 8213;;3707;61;;06-08-2020;France;;X;X
Product 8214;Snack;2500,84;;;09-02-2018;;S-43;X;X
Product 8215;;;33;1,582.58;2018/06/05;Germany;;X;X
Product 8216;Snack;34;NaN;2644;02/08/2019;France;;X;X
Product 8217;Food;221,42;NaN;;2019-01-22;Portugal;S-1;X;X
Product 8218;Food;;33;1574,19;08-09-2021;France;;X;X
Product 8219;Food;;NaN;879.02;30/09/2018;Germany;;X;X
;Food;3346,55;12;59.56;;Portugal;;X;X
Product 8221;Food;3087;79;429;16-02-2019;;;X;X
Product 8222;;368.07;NaN;3983,86;29/11/2021;Germany;;X;X
Product 8223;Drink;231.10;;1649,81;2022/01/27;;;X;X
Product 8224;Food;2748;42;886.58;2023-06-08;France;;X;X
Product 8225;;631.64;NaN;;10/12/2022;France;;X;X
Product 8226;Snack;;;3,259.65;2022/01/31;;;X;X
Product 8227;Food;4208;;843,78;19-01-2021;Germany;;X;X
Product 8228;Drink;2,876.75;;1,184.05;2019/06/08;Portugal;S-29;X;X
Product 8229;;3769;57;2319,78;08/02/2019;France;S-17;X;X
Product 8230;;2527,60;20;297;11/05/2019;Portugal;S-10;X;X
Product 8231;;1718;54;;25-03-2018;;;X;X
Product 8232;Snack;4572,43;;1,388.79;2022/01/21;;S-32;X;X
Product 8233;Drink;386.63;;2,861.74;2018-01-23;Germany;S-16;X;X
Product 8234;Food;;;2801;2023-05-15;Portugal;;X;X
;Snack;416.41;2;1633,09;2019/03/04;Portugal;;X;X
Product 8236;Food;;;2,194.07;2020-05-16;;;X;X
Product 8237;Drink;;;876,31;2022/02/13;Germany;;X;X
Product 8238;;1513,52;42;189.69;2022-12-29;Germany;;X;X
Product 8239;Food;4974;NaN;3290;29/06/2022;Germany;;X;X
Product 8240;;4573;11;1336,82;;Germany;;X;X
Product 8241;;;NaN;;2021/02/10;Portugal;;X;X
Product 8242;Food;;;4217,51;2019/05/08;Germany;S-30;X;X
Product 8243;Food;792.26;54;2558;15/03/2019;;;X;X
Product 8244;Drink;1729,14;NaN;;2022-05-10;;S-43;X;X
Product 8245;Food;2,585.66;NaN;273,68;2019/09/26;;S-11;X;X
Product 8246;Drink;3,465.50;;;16/05/2018;France;;X;X
Product 8247;Drink;;;;2022-10-09;Portugal;S-28;X;X
Product 8248;Food;3,638.09;;1370,68;21/05/2019;Germany;;X;X
Product 8249;;;87;1873,13;09/04/2023;;;X;X
;Snack;;;4841,62;2023-02-20;Germany;;X;X
Product 8251;Food;2400;;2,546.32;2024-09-15;France;S-40;X;X
Product 8252;Food;1485;79;850,75;04-07-2023;Germany;;X;X
Product 8253;Drink;987;NaN;1,121.75;05/07/2018;France;;X;X
Product 8254;Drink;;NaN;3724;2020-10-23;;;X;X
Product 8255;Drink;2,594.46;NaN;308,67;22-06-2019;France;;X;X
Product 8256;Food;;;635.74;2020/08/25;Germany;;X;X
Product 8257;Snack;1809,52;NaN;973.50;27-09-2022;Portugal;;X;X
Product 8258;Food;;27;3606,14;2024/08/17;Germany;S-50;X;X
Product 8259;Food;3763;NaN;1,086.43;28/10/2021;France;S-8;X;X
Product 8260;Food;1114,00;;4631;;Germany;;X;X
Product 8261;Snack;4174,59;NaN;4632,29;2024-06-09;France;S-33;X;X
Product 8262;Snack;3,814.50;14;1,415.61;2018-05-16;Portugal;;X;X
Product 8263;Drink;1351,05;NaN;2474;03/07/2022;;;X;X
Product 8264;;3,203.54;NaN;181.11;2024-09-13;Germany;;X;X
;Food;;NaN;499;02-10-2022;;;X;X
Product 8266;Drink;4805,04;;3907,80;2023-05-23;;;X;X
Product 8267;Snack;3604;56;1962,82;18/12/2023;;;X;X
Product 8268;Food;47,42;18;262,03;05/08/2019;;;X;X
Product 8269;Snack;2094;;2998;02-02-2024;Portugal;S-43;X;X
Product 8270;;;;1,118.32;17/03/2024;France;;X;X
Product 8271;Drink;2076;;4819,57;2021-12-21;Portugal;;X;X
Product 8272;;;;;22/02/2024;France;;X;X
Product 8273;Snack;1,909.71;;2512;2021-04-27;Portugal;;X;X
Product 8274;Snack;629;;4,999.88;2018-07-13;;;X;X
Product 8275;Drink;2969,50;49;4065,34;2023-04-05;Portugal;;X;X
Product 8276;Food;1,104.12;43;3,992.08;22-06-2021;Portugal;S-36;X;X
Product 8277;Food;265,26;;3179,69;2022/07/01;Germany;;X;X
Product 8278;Drink;3589;46;3558;2018-06-22;;;X;X
Product 8279;Food;4614,76;NaN;3438,41;2020-10-17;;S-8;X;X
;Drink;4561;NaN;;;;S-23;X;X
Product 8281;Drink;741.54;40;4719,47;2022-03-19;France;;X;X
Product 8282;Snack;543,67;NaN;2,427.56;2022-03-20;Portugal;;X;X
Product 8283;Drink;3,760.71;73;107,75;28/02/2020;Germany;;X;X
Product 8284;Drink;;;2972,93;2022-08-05;France;;X;X
Product 8285;Drink;1553,70;NaN;540;2020/02/06;France;S-17;X;X
Product 8286;Snack;1293;75;4,009.27;04/12/2020;Germany;S-38;X;X
Product 8287;Snack;2105,52;;;05-07-2020;;S-14;X;X
Product 8288;Drink;4394,01;16;3454,30;2021/06/16;France;S-8;X;X
Product 8289;;2,608.52;NaN;391;16-09-2022;Portugal;;X;X
Product 8290;Food;4,592.03;NaN;548,43;04/09/2023;;;X;X
Product 8291;Snack;1087;43;4695;26/05/2023;France;S-32;X;X
Product 8292;Snack;3054;33;3,371.32;07-11-2020;Portugal;;X;X
Product 8293;;2241;NaN;;26-06-2018;Germany;;X;X
Product 8294;Drink;817.92;;1311;2019/07/25;Germany;S-41;X;X
;;4170;;1,902.20;09/11/2022;Germany;;X;X
Product 8296;;;19;3238,25;19-09-2021;France;;X;X
Product 8297;Food;;32;3,148.85;22-07-2024;Portugal;;X;X
Product 8298;Snack;3937,58;NaN;;30-11-2023;France;;X;X
Product 8299;;4,914.69;;952;2019-06-22;Germany;;X;X
Product 8300;Drink;4315,22;NaN;725.44;;France;;X;X
Product 8301;Drink;3,948.22;NaN;3,049.51;2021/10/11;Germany;;X;X
Product 8302;Food;2,156.38;98;1,866.25;08-05-2018;France;S-30;X;X
Product 8303;Snack;;NaN;256;05/06/2023;Portugal;;X;X
Product 8304;Drink;3,642.97;;;22/09/2023;Portugal;;X;X
Product 8305;Snack;2013,42;NaN;;03-08-2020;France;;X;X
Product 8306;Drink;213.53;NaN;3094,28;02/02/2018;Germany;;X;X
Product 8307;;716,25;99;;13/10/2021;Portugal;S-48;X;X
Product 8308;Drink;2873,25;44;2223,39;18/02/2020;France;;X;X
Product 8309;Snack;;;4,467.75;2024-08-27;;;X;X
;;2032;63;2319;31-08-2024;Portugal;S-4;X;X
Product 8311;;;NaN;4019,51;21-07-2019;France;S-26;X;X
Product 8312;Food;2,516.19;NaN;484,60;2023-05-20;Germany;S-38;X;X
Product 8313;Drink;4210;29;;19-07-2019;Germany;;X;X
Product 8314;Food;1590,49;NaN;653.00;09/11/2020;France;S-34;X;X
Product 8315;Snack;3571;;1,240.36;17/01/2024;Germany;S-6;X;X
Product 8316;Food;880.18;3;;2020-09-21;Germany;;X;X
Product 8317;Food;;;;2020-02-22;Germany;S-31;X;X
Product 8318;;2993,46;;3338,23;20-07-2024;Portugal;;X;X
Product 8319;Food;;;;2024-05-12;Portugal;;X;X
Product 8320;Snack;4751;76;;;France;S-36;X;X
Product 8321;Food;4,730.45;NaN;;18/07/2019;France;;X;X
Product 8322;Snack;3109;NaN;4,137.30;12-09-2018;;;X;X
Product 8323;Snack;;83;4709,64;2021/12/05;Germany;;X;X
Product 8324;Snack;2937;95;3,558.22;28/02/2020;Germany;;X;X
;Drink;1,597.32;43;4,096.17;2021-12-16;;;X;X
Product 8326;Drink;3,696.71;63;2715;2023/01/12;France;;X;X
Product 8327;Snack;3955;;1444;18-07-2024;Germany;;X;X
Product 8328;Food;;NaN;;23-04-2021;;;X;X
Product 8329;Food;2,789.68;;;2024/01/29;Portugal;;X;X
Product 8330;;1,671.87;;4320;27-10-2022;;;X;X
Product 8331;Drink;1240,60;NaN;1598,47;2019/03/05;Germany;S-16;X;X
Product 8332;;4,459.68;36;;2023-02-08;;S-40;X;X
Product 8333;Food;;NaN;3,742.36;29/05/2021;Germany;;X;X
Product 8334;Food;1162;;829;2024/11/03;France;;X;X
Product 8335;Drink;1,242.76;NaN;2591,80;08-01-2019;Portugal;;X;X
Product 8336;Snack;252.37;;2037;21-04-2019;France;;X;X
Product 8337;;2115,50;61;1,661.63;2019/11/22;Germany;S-31;X;X
Product 8338;Food;4,225.67;NaN;3532,39;2018/01/19;Germany;;X;X
Product 8339;Snack;;40;;2020/09/27;France;;X;X
;Snack;4667,02;NaN;4879;;;;X;X
Product 8341;Snack;3167;;;16-02-2023;France;S-6;X;X
Product 8342;Food;;;;20/08/2019;;;X;X
Product 8343;Food;786.41;;;15/09/2018;;;X;X
Product 8344;Drink;1150,76;NaN;727,92;18/07/2020;France;;X;X
Product 8345;Snack;1620,98;NaN;851,27;2022-03-18;Germany;;X;X
Product 8346;;1,998.81;NaN;1,568.08;07/03/2021;Germany;;X;X
Product 8347;Drink;1,242.69;NaN;1114;2021/04/01;Portugal;;X;X
Product 8348;Snack;1633,27;49;1126;2022/10/26;Portugal;S-36;X;X
Product 8349;;2437,37;;4090,76;21-12-2023;Portugal;;X;X
Product 8350;;1828;30;3,057.29;2023-07-19;France;;X;X
Product 8351;Drink;;;;2019/01/19;Portugal;;X;X
Product 8352;Snack;270;28;2,525.40;2020/02/08;;;X;X
Product 8353;Food;3170,25;34;1046,80;21/05/2023;Germany;;X;X
Product 8354;Drink;1,366.91;63;4,906.37;28/02/2018;;S-44;X;X
;Drink;4476;NaN;4548,05;2020/05/05;Portugal;S-37;X;X
Product 8356;Drink;;NaN;2,516.91;22-09-2018;Germany;S-35;X;X
Product 8357;;1527,74;NaN;216;2018/02/16;Portugal;;X;X
Product 8358;Snack;2,968.66;86;2000;03/05/2022;;S-47;X;X
Product 8359;Food;1856;;3071,81;2024-07-15;;;X;X
Product 8360;Snack;4,279.25;;4910;;;;X;X
Product 8361;Drink;1603,71;88;1277;2023-05-28;France;;X;X
Product 8362;;4706,90;34;2685;2024/10/10;Portugal;S-33;X;X
Product 8363;;2,931.91;88;2185;2018-06-05;;;X;X
Product 8364;Drink;4111;40;;12/02/2021;Portugal;;X;X
Product 8365;;4517;;3,734.45;2023/05/08;Portugal;S-13;X;X
Product 8366;Snack;3,577.48;NaN;3881;30/01/2022;;S-23;X;X
Product 8367;;3646;84;4715;15/07/2022;Germany;;X;X
Product 8368;Snack;3056;NaN;4942;2022/02/10;;;X;X
Product 8369;Snack;4658,00;NaN;3761;2018/08/10;France;S-2;X;X
;;;;4,334.27;2023-08-02;France;;X;X
Product 8371;Drink;;NaN;3774,67;03/12/2018;Portugal;;X;X
Product 8372;Snack;4291;NaN;2964;10/08/2022;Germany;;X;X
Product 8373;Food;1789,71;NaN;1600;2019/11/30;France;;X;X
Product 8374;Snack;;56;4703,09;24/09/2024;Germany;S-16;X;X
Product 8375;;2,161.21;NaN;912.89;2024/01/21;;;X;X
Product 8376;Snack;868.39;81;361,79;13-09-2021;France;S-4;X;X
Product 8377;Food;;75;4030;2018/12/21;France;;X;X
Product 8378;Food;;61;4645;15-07-2024;Germany;S-8;X;X
Product 8379;Food;;NaN;4,518.44;2022-08-12;Portugal;;X;X
Product 8380;Drink;670,64;35;918.72;;Portugal;S-33;X;X
Product 8381;Food;3356;;703;09/04/2021;Germany;;X;X
Product 8382;Drink;;96;;2021-10-31;Germany;S-31;X;X
Product 8383;Food;1,187.23;;4948;06-12-2020;France;S-33;X;X
Product 8384;Food;46,29;NaN;;23-11-2018;Germany;;X;X
;Snack;2291,01;;3707,11;11-03-2019;Portugal;;X;X
Product 8386;;1563;NaN;4260;12/11/2018;Germany;S-12;X;X
Product 8387;Food;769;6;4117;19-01-2020;;S-16;X;X
Product 8388;;;28;116;2019/04/08;;S-31;X;X
Product 8389;Drink;2504;;;2023-07-07;France;;X;X
Product 8390;;;;3550,80;2018/12/15;Germany;;X;X
Product 8391;;;10;4,407.95;14/05/2022;Germany;;X;X
Product 8392;Food;4386;NaN;2,731.66;03-03-2018;France;;X;X
Product 8393;;949.24;NaN;2531,21;2024-04-23;Portugal;S-49;X;X
Product 8394;Food;;;66;29-07-2022;France;;X;X
Product 8395;Drink;119,89;NaN;3,599.15;12/12/2018;France;S-3;X;X
Product 8396;Food;3725,81;;1,738.70;30/01/2019;;;X;X
Product 8397;;546,52;16;523;14/04/2019;;;X;X
Product 8398;Snack;;NaN;1,905.71;07-07-2024;Germany;S-8;X;X
Product 8399;Drink;3663,67;;4916,81;08-11-2020;France;S-43;X;X
;Food;3,663.40;49;;;France;;X;X
Product 8401;;2427,96;;1845;02/04/2022;Portugal;;X;X
Product 8402;Drink;2,689.73;;;2021-08-14;Germany;S-17;X;X
Product 8403;Drink;;NaN;4339,13;2022-04-05;Germany;S-30;X;X
Product 8404;Drink;;62;241;02/07/2019;France;;X;X
Product 8405;Food;4691,35;;4,102.30;04-03-2021;France;S-22;X;X
Product 8406;Snack;;40;1012,55;2019-04-20;Germany;;X;X
Product 8407;Drink;3538;;;13/06/2024;Germany;S-24;X;X
Product 8408;Snack;442;;4109,96;28/05/2022;;S-14;X;X
Product 8409;Food;4662,98;;2292;22/04/2020;Portugal;;X;X
Product 8410;;4965,06;25;4185;2018-06-05;Portugal;S-19;X;X
Product 8411;;;84;3591;2022/11/08;Germany;;X;X
Product 8412;;;;4246;02/11/2023;France;;X;X
Product 8413;Drink;3,793.73;NaN;;14/09/2019;France;;X;X
Product 8414;Snack;1,900.97;NaN;4987;2018-01-18;;S-6;X;X
;Food;2620,03;;3,095.14;2024/06/19;Germany;S-3;X;X
Product 8416;Snack;2,395.84;52;3,450.69;01/05/2022;Portugal;S-1;X;X
Product 8417;Drink;3,572.68;NaN;;2021-05-24;France;S-34;X;X
Product 8418;Food;4120,61;93;4059;16-03-2024;France;;X;X
Product 8419;Snack;3366;NaN;;2024/07/15;France;;X;X
Product 8420;Snack;2,237.14;NaN;1310,25;;Germany;;X;X
Product 8421;;2290;;3283,62;24-07-2021;France;S-37;X;X
Product 8422;Snack;2099,87;NaN;;24-12-2018;Germany;;X;X
Product 8423;Snack;2,330.55;25;4601;2024-03-10;;;X;X
Product 8424;Drink;3635,76;;;2020-12-26;Germany;S-30;X;X
Product 8425;Food;4,797.14;NaN;;28/02/2024;;;X;X
Product 8426;;;;2009,98;16/09/2018;Portugal;;X;X
Product 8427;Drink;3018;NaN;1,987.28;22/04/2018;Portugal;;X;X
Product 8428;Snack;516;;1914;21/02/2018;Germany;S-10;X;X
Product 8429;Food;1733;;2543,77;26/02/2023;;;X;X
;;3,037.82;NaN;2238,08;26/10/2022;Portugal;S-37;X;X
Product 8431;;2058,28;68;;2022/04/13;Germany;;X;X
Product 8432;Food;;;;21-08-2022;Portugal;;X;X
Product 8433;Snack;1317,18;NaN;2,995.87;12-03-2022;Portugal;;X;X
Product 8434;Food;;NaN;;03-08-2024;Germany;;X;X
Product 8435;;;NaN;4,645.95;2021/12/16;;;X;X
Product 8436;Snack;2247,20;;1,555.99;2020-01-08;;;X;X
Product 8437;Snack;4341;;2,115.48;2024/08/23;Germany;;X;X
Product 8438;Snack;3814,31;92;2516;19/03/2024;;S-35;X;X
Product 8439;Food;420;NaN;;30-10-2019;Portugal;;X;X
Product 8440;Food;1771,62;;928.16;;Germany;S-49;X;X
Product 8441;Snack;1755;;4996;2021-07-25;;;X;X
Product 8442;Drink;4,105.13;;2219;2021/05/26;Germany;S-42;X;X
Product 8443;;4,984.56;;346.03;2022/09/24;;;X;X
Product 8444;Snack;4630,64;NaN;1,116.93;10-04-2022;France;;X;X
;Food;;59;2073,55;2018-05-18;;;X;X
Product 8446;Food;1,047.55;;;07/09/2022;France;;X;X
Product 8447;;81,29;26;;2024/10/11;Portugal;S-39;X;X
Product 8448;;673;NaN;2389,33;2024/02/10;Portugal;;X;X
Product 8449;Drink;2,142.61;NaN;1838;23-10-2018;France;;X;X
Product 8450;Food;;NaN;3732;2022/01/04;Portugal;;X;X
Product 8451;Drink;;11;182;2024-08-19;;S-46;X;X
Product 8452;;3973,01;58;4654,43;2021/02/23;;;X;X
Product 8453;Food;3385,03;98;2141;09-04-2019;France;S-30;X;X
Product 8454;;;NaN;4603,08;27-11-2023;;S-17;X;X
Product 8455;Food;541.33;NaN;;2018/03/16;Portugal;;X;X
Product 8456;Drink;4198,25;96;545;2020/01/13;France;;X;X
Product 8457;Snack;;;;12/12/2022;;;X;X
Product 8458;Drink;3366,49;NaN;1881;2021/01/29;France;S-25;X;X
Product 8459;;4,260.57;30;;18/02/2018;;S-50;X;X
;;1313,11;NaN;1529,40;;;;X;X
Product 8461;Snack;692;NaN;;17/06/2018;France;S-31;X;X
Product 8462;Snack;4776;;4,382.34;27/08/2023;;S-20;X;X
Product 8463;Snack;1685,08;73;3306;2020/12/02;France;;X;X
Product 8464;;3290;84;;2024-07-06;Portugal;;X;X
Product 8465;Drink;1478,94;;2,023.70;2018-02-04;Portugal;;X;X
Product 8466;Snack;2536,40;;2,496.62;2021/07/26;Germany;;X;X
Product 8467;Food;3,329.04;NaN;435.92;03/10/2019;Portugal;;X;X
Product 8468;;;NaN;2050;2018/12/01;Germany;S-29;X;X
Product 8469;;;62;;19/03/2020;Portugal;S-49;X;X
Product 8470;Drink;;NaN;2285,24;2020-05-13;;S-43;X;X
Product 8471;Drink;;NaN;1889,31;2023/04/15;Portugal;;X;X
Product 8472;Snack;486.98;13;4,657.46;18-08-2023;Germany;S-29;X;X
Product 8473;;65;NaN;;2021/03/25;Portugal;;X;X
Product 8474;Food;1,243.65;NaN;3,788.82;2020/02/08;;;X;X
;Snack;3862,24;NaN;;2018-01-29;;;X;X
Product 8476;Drink;137,49;NaN;2060;15-08-2018;;;X;X
Product 8477;Food;1455;NaN;;2021-04-02;Germany;S-15;X;X
Product 8478;Drink;786;NaN;;2019/08/26;Portugal;;X;X
Product 8479;Snack;3,092.31;NaN;;13/07/2023;;;X;X
Product 8480;Food;;;1,275.74;;Portugal;;X;X
Product 8481;Drink;3458;45;788,98;16-03-2022;Portugal;S-26;X;X
Product 8482;;;NaN;4,733.35;2019-10-30;France;S-33;X;X
Product 8483;;1570;;4088;22-05-2021;;;X;X
Product 8484;Snack;;NaN;4305;04-08-2022;;;X;X
Product 8485;Food;;69;4072;22-04-2021;Germany;;X;X
Product 8486;Drink;3465;5;3,635.01;23/04/2021;France;;X;X
Product 8487;Drink;;12;1333;2019/07/05;France;S-8;X;X
Product 8488;;783;;2973,29;22-03-2019;;;X;X
Product 8489;Snack;776;;2277;27-06-2021;Portugal;S-25;X;X
;Food;3159,18;NaN;2,690.09;18/11/2020;France;;X;X
Product 8491;;20.89;31;2113;2023-07-16;Portugal;S-11;X;X
Product 8492;;1,249.06;;3999,41;30-10-2018;Portugal;;X;X
Product 8493;;1122;NaN;128;05/10/2019;;S-20;X;X
Product 8494;Drink;;NaN;;2024/10/22;France;;X;X
Product 8495;Snack;;;2564,16;20-10-2023;France;S-10;X;X
Product 8496;;4265,58;2;4,818.78;2024-04-24;;S-42;X;X
Product 8497;;922,26;;1018,21;02-07-2022;;;X;X
Product 8498;Drink;3296,48;NaN;2455,54;2022/08/04;;;X;X
Product 8499;Food;4130,33;;1,105.46;31/07/2021;Portugal;;X;X
Product 8500;Food;4,615.14;;3743;;France;;X;X
Product 8501;Food;3861,01;NaN;;2020/12/23;Portugal;;X;X
Product 8502;Drink;;NaN;4847,19;2020-07-03;;;X;X
Product 8503;Drink;2012,73;66;1,700.91;2020/10/05;Germany;S-4;X;X
Product 8504;Snack;3548,19;;3236,86;18-10-2022;;;X;X
;Food;4,249.00;89;2663;15/01/2023;Portugal;S-41;X;X
Product 8506;Drink;;NaN;433.29;2018/04/11;France;;X;X
Product 8507;Food;2636;;;2018-08-06;France;;X;X
Product 8508;Snack;;NaN;;2018/08/01;Portugal;;X;X
Product 8509;;3174,43;10;3448;15-05-2020;Germany;S-11;X;X
Product 8510;Food;;NaN;4971;26-11-2021;Portugal;S-48;X;X
Product 8511;;;86;2083,47;10/04/2023;Portugal;;X;X
Product 8512;;414.49;NaN;317.59;04/08/2023;Germany;S-27;X;X
Product 8513;Snack;2368;82;;10/10/2024;France;;X;X
Product 8514;Snack;4145;NaN;;20-08-2022;;;X;X
Product 8515;;1,513.73;;1064,55;2022-04-27;Portugal;S-30;X;X
Product 8516;Food;74.07;NaN;4666,18;2019/07/15;Portugal;S-36;X;X
Product 8517;;3996;29;4034;2021-01-17;;S-25;X;X
Product 8518;Drink;3,470.40;NaN;;29/06/2021;Germany;;X;X
Product 8519;Drink;;20;;15/02/2022;Portugal;;X;X
;Drink;956,96;NaN;3179,64;;France;;X;X
Product 8521;Drink;;67;1006,05;05-08-2020;;S-40;X;X
Product 8522;Snack;1173,53;;1986;17/03/2018;France;S-32;X;X
Product 8523;Food;1501,02;;1420;10-03-2024;France;;X;X
Product 8524;Snack;1131,82;NaN;;2024-10-03;France;;X;X
Product 8525;Drink;4187,99;41;440,75;27-03-2024;Germany;;X;X
Product 8526;;4567,00;;1453,73;2023/05/20;France;;X;X
Product 8527;Drink;;NaN;2574,94;21-07-2023;Portugal;S-1;X;X
Product 8528;;3395,20;94;;2020/03/26;Germany;;X;X
Product 8529;Food;4600,43;32;;2024/08/28;Germany;;X;X
Product 8530;Drink;3,021.41;;1801;07-04-2021;France;;X;X
Product 8531;Drink;;NaN;3910,12;2020/09/17;Portugal;;X;X
Product 8532;Drink;32,01;NaN;846.31;2019/12/15;Portugal;S-10;X;X
Product 8533;Drink;;54;2508,48;2020/08/01;;S-48;X;X
Product 8534;Food;4653,40;87;4,134.09;2023/04/15;France;;X;X
;Drink;4366,79;;2,292.29;11/10/2022;France;;X;X
Product 8536;;4,154.10;87;1691;16-07-2018;France;;X;X
Product 8537;Food;;30;3781;2022/07/29;;;X;X
Product 8538;Snack;4,782.07;;3431;23-09-2019;Germany;;X;X
Product 8539;Drink;;NaN;3937,20;2020/07/16;;S-35;X;X
Product 8540;Drink;2,046.03;4;;;Portugal;S-21;X;X
Product 8541;;1447,33;NaN;4,534.11;12-09-2024;Germany;;X;X
Product 8542;Food;1102,22;;3260,02;2021/08/17;;;X;X
Product 8543;Drink;1,404.52;63;2957;2019-09-26;Germany;S-39;X;X
Product 8544;Food;3778,09;;661,14;2018-08-01;;;X;X
Product 8545;Food;554,32;91;3831;06-08-2023;Germany;S-11;X;X
Product 8546;;1560;NaN;;11-07-2024;France;;X;X
Product 8547;;4,608.15;;3,200.41;01-06-2022;France;;X;X
Product 8548;Snack;782,86;;4149;2023-08-09;;;X;X
Product 8549;Drink;2224,67;14;;06-08-2021;Portugal;;X;X
;Drink;;NaN;;2020-03-27;Germany;;X;X
Product 8551;Snack;192;;1071;2022/12/02;France;S-34;X;X
Product 8552;;2070;;552,55;06/06/2024;Portugal;S-41;X;X
Product 8553;;;;;30-10-2021;;;X;X
Product 8554;Food;2266;NaN;;23-02-2023;France;;X;X
Product 8555;;;;1142,90;18-04-2022;Germany;;X;X
Product 8556;Food;2632,84;24;4,867.14;2024-04-15;Germany;;X;X
Product 8557;Snack;108,90;NaN;983.93;2018-05-19;Portugal;;X;X
Product 8558;Food;1313;NaN;4969;28-11-2019;Portugal;;X;X
Product 8559;Snack;;NaN;1,979.97;2020-05-01;Germany;S-40;X;X
Product 8560;Snack;;;1972;;;;X;X
Product 8561;Snack;625.72;29;2237,00;06-09-2020;Portugal;;X;X
Product 8562;Snack;;;3966;19-07-2019;France;S-47;X;X
Product 8563;;2998,22;53;3,383.32;2021-09-21;;;X;X
Product 8564;Drink;2274;;1352,35;2019/07/06;Portugal;;X;X
;Snack;136.61;98;;2021/07/04;France;;X;X
Product 8566;Food;;NaN;767.82;07/04/2023;Portugal;;X;X
Product 8567;Drink;;;1005;11/03/2022;Germany;S-46;X;X
Product 8568;Food;18.55;82;2025,59;2020/10/05;France;S-37;X;X
Product 8569;Food;1234,66;91;4264;15/07/2018;;;X;X
Product 8570;Food;;NaN;4,074.34;2018-12-13;France;S-30;X;X
Product 8571;Snack;3738;NaN;;2024-10-01;;;X;X
Product 8572;Drink;;;442.18;2022/06/29;Portugal;;X;X
Product 8573;Snack;4817,36;;82;11-05-2020;;;X;X
Product 8574;;;38;2,437.03;05-12-2022;;S-27;X;X
Product 8575;Snack;84.61;;4,100.63;2024/06/25;Portugal;;X;X
Product 8576;Food;;NaN;;18-11-2020;France;;X;X
Product 8577;;1752,96;NaN;13.03;2023/03/23;Germany;;X;X
Product 8578;Drink;3514,12;;;29/08/2024;France;;X;X
Product 8579;Snack;;NaN;;2018/06/29;Portugal;S-2;X;X
;;1207,18;NaN;166;;;;X;X
Product 8581;Snack;;;1850;08/06/2018;Germany;S-37;X;X
Product 8582;Snack;3220;;3991;25/02/2019;Germany;;X;X
Product 8583;Snack;2035,02;54;4,403.58;31/05/2023;;;X;X
Product 8584;Food;828.72;;4453,26;26/03/2022;;;X;X
Product 8585;Food;;46;2352,08;2019-03-10;France;S-32;X;X
Product 8586;Food;4655,10;;2388,13;25-10-2022;France;S-30;X;X
Product 8587;Drink;;;;2023-03-12;Germany;;X;X
Product 8588;Snack;;;;02-05-2018;Portugal;;X;X
Product 8589;Snack;2319;;2324;2022/06/04;Germany;S-36;X;X
Product 8590;Snack;;73;1139;10/01/2023;Portugal;S-8;X;X
Product 8591;Snack;3874;NaN;4,919.53;2024-03-07;;;X;X
Product 8592;Drink;2543,83;;;07/06/2019;France;;X;X
Product 8593;Snack;2,336.49;65;;11/08/2024;;;X;X
Product 8594;Drink;2026,44;53;3505,08;2023-03-15;Germany;;X;X
;;126,77;NaN;4701;2023/04/12;;;X;X
Product 8596;Food;;NaN;;20-12-2019;Portugal;;X;X
Product 8597;Food;3989,66;;;07-10-2023;Portugal;;X;X
Product 8598;Drink;;;94,44;2024-06-15;;;X;X
Product 8599;Food;2,431.43;NaN;86,43;2020-03-12;Germany;;X;X
Product 8600;Food;3269;22;4,220.02;;Portugal;S-27;X;X
Product 8601;Drink;2870;NaN;1,065.26;2018/04/14;;;X;X
Product 8602;Drink;2,977.59;49;949.68;2021-11-14;Germany;;X;X
Product 8603;;4079,37;37;;03-12-2019;Portugal;;X;X
Product 8604;Food;2220,76;;797;2024-08-30;Portugal;;X;X
Product 8605;Food;553,24;42;2205,87;24-08-2022;Germany;S-39;X;X
Product 8606;Snack;;;;16-01-2019;Germany;S-12;X;X
Product 8607;Snack;4160,74;;2973,23;04/11/2018;France;;X;X
Product 8608;;1390,16;82;988,63;2023-05-24;Portugal;S-26;X;X
Product 8609;Drink;851,11;20;1036;2019-02-24;Portugal;;X;X
;Drink;1340;NaN;4847,99;2019-02-04;Germany;;X;X
Product 8611;Food;430;NaN;2001;25/12/2022;;;X;X
Product 8612;Drink;;NaN;3651,89;2021/12/10;France;S-45;X;X
Product 8613;Drink;2,238.69;NaN;1372;27-11-2019;;;X;X
Product 8614;;1161;;4463;2023/10/07;Germany;;X;X
Product 8615;Snack;;98;4068,65;2022-02-13;France;;X;X
Product 8616;Snack;4924;93;;11-08-2019;Germany;;X;X
Product 8617;Snack;1,870.13;;2,627.01;2018-09-17;Portugal;;X;X
Product 8618;;1144,06;;2923,61;25/02/2022;;;X;X
Product 8619;Food;2400,22;27;4066;13/08/2023;Portugal;S-7;X;X
Product 8620;;4,092.72;;;;Portugal;S-23;X;X
Product 8621;Food;1800,97;1;2477;17-06-2021;France;S-33;X;X
Product 8622;;4382,17;NaN;2,640.48;2023/03/18;Germany;;X;X
Product 8623;;1,555.58;;970;2019/03/24;Portugal;S-13;X;X
Product 8624;Food;;;;04-05-2022;Germany;;X;X
;Drink;4,899.73;33;;24-08-2024;Portugal;;X;X
Product 8626;Snack;3596,70;81;2,654.84;2023-10-22;;;X;X
Product 8627;Drink;;NaN;272,29;05-09-2023;;;X;X
Product 8628;Snack;;71;3,699.19;2024/02/25;Portugal;;X;X
Product 8629;Food;;NaN;2,359.23;23-03-2023;Portugal;S-7;X;X
Product 8630;Food;1082;;;2019/05/30;Portugal;;X;X
Product 8631;Drink;3,816.74;41;3975;18-06-2024;;;X;X
Product 8632;;;NaN;4236;18/01/2023;Germany;;X;X
Product 8633;;3,588.28;53;1161;15/10/2020;Portugal;;X;X
Product 8634;Food;4,645.47;NaN;84.30;07-06-2021;Germany;S-40;X;X
Product 8635;Drink;3963;60;;26-10-2018;France;;X;X
Product 8636;;;NaN;153;2023-09-27;Portugal;S-8;X;X
Product 8637;;4,289.11;NaN;4498;06-07-2023;Germany;;X;X
Product 8638;;4,177.97;NaN;3903;2018-12-13;Portugal;;X;X
Product 8639;;;NaN;818.87;2019-10-06;Germany;;X;X
;Snack;2767,04;11;;;Germany;;X;X
Product 8641;Drink;1303,87;NaN;3,143.39;24-04-2020;France;;X;X
Product 8642;Drink;4,955.16;39;487;29-12-2023;Portugal;;X;X
Product 8643;Food;1,367.40;NaN;1167,03;2020-11-24;Germany;;X;X
Product 8644;Drink;;;1741;2019/05/24;Portugal;;X;X
Product 8645;Drink;;;;2023/01/29;France;;X;X
Product 8646;Food;2201,59;;4209;2023-04-13;Portugal;;X;X
Product 8647;;2152;6;3,724.62;18/02/2023;France;;X;X
Product 8648;Snack;1819,19;;32,98;28-11-2023;;;X;X
Product 8649;Snack;2,388.45;;;2023/10/13;France;;X;X
Product 8650;Drink;;;4112,30;29-12-2023;;S-1;X;X
Product 8651;Snack;3037,62;;;15-01-2024;Germany;;X;X
Product 8652;Snack;4404,18;;1,838.07;11/10/2020;France;;X;X
Product 8653;Food;1942;NaN;4,998.77;10-01-2021;France;;X;X
Product 8654;Drink;122.49;NaN;3298;09-09-2024;;S-20;X;X
;Drink;4672;10;;06-01-2019;Germany;S-11;X;X
Product 8656;Food;;NaN;;2023/12/27;;;X;X
Product 8657;Drink;1,511.30;NaN;3917,49;2021-12-06;Germany;;X;X
Product 8658;Snack;;96;4308;2020-07-06;France;;X;X
Product 8659;Food;77;;906,89;01-11-2019;;;X;X
Product 8660;Drink;3313;;2,949.90;;Germany;;X;X
Product 8661;Snack;1803,10;;;06/04/2023;France;;X;X
Product 8662;Drink;4,234.78;NaN;3751;2018/11/22;Portugal;;X;X
Product 8663;Snack;2,996.50;NaN;1458;2019-06-08;;;X;X
Product 8664;Food;1,252.69;;3,159.60;2022-01-06;Germany;;X;X
Product 8665;Drink;2377,18;15;3911,15;15/02/2021;Germany;;X;X
Product 8666;Drink;;;4574;2022-07-22;France;;X;X
Product 8667;Food;1,987.66;1;;2019-07-29;Germany;;X;X
Product 8668;Food;1,810.58;;;2021-08-28;Germany;;X;X
Product 8669;Snack;3021,68;49;3950,49;04/05/2022;France;;X;X
;Snack;1,646.34;NaN;;2024/10/10;France;S-28;X;X
Product 8671;Snack;1947,15;NaN;2477,04;2021-10-26;Germany;;X;X
Product 8672;Food;35,44;44;;2019/10/23;France;;X;X
Product 8673;Snack;3918,86;;3259,62;2023-10-22;France;;X;X
Product 8674;Drink;3336,11;;1723;2020-03-04;Germany;;X;X
Product 8675;;415;NaN;1,251.86;2023-08-18;Portugal;;X;X
Product 8676;Snack;;;2928;2023-07-31;Germany;;X;X
Product 8677;Snack;;NaN;2573;2019/05/04;;;X;X
Product 8678;Food;962;;2901;23-10-2024;Portugal;;X;X
Product 8679;Food;3938,91;;;2019/08/11;;S-2;X;X
Product 8680;Snack;696,58;NaN;1,294.48;;France;S-13;X;X
Product 8681;Drink;4277,08;NaN;483.58;01/12/2023;Germany;;X;X
Product 8682;Snack;234.39;;488,83;30/03/2021;;S-37;X;X
Product 8683;Drink;3,275.74;28;;07-08-2018;Portugal;;X;X
Product 8684;Snack;2654;NaN;;2023/04/11;Portugal;;X;X
;Food;;NaN;4037;25-09-2018;;;X;X
Product 8686;Food;4161,04;;4014,34;2023-06-26;France;S-6;X;X
Product 8687;;;;2748;01/06/2019;Germany;S-36;X;X
Product 8688;Snack;2,390.36;;;2024-08-27;Portugal;;X;X
Product 8689;Drink;3,369.27;51;;27-05-2020;Portugal;S-8;X;X
Product 8690;;367;NaN;312,69;19-05-2022;Portugal;S-46;X;X
Product 8691;Drink;3326,55;;;28-09-2023;Germany;;X;X
Product 8692;Snack;;100;3814,66;2019/12/27;Portugal;;X;X
Product 8693;Snack;4,743.44;54;;15-03-2020;Portugal;;X;X
Product 8694;Drink;;48;2,056.87;2019/05/28;Germany;;X;X
Product 8695;;4280;NaN;2,057.82;17-05-2020;Portugal;;X;X
Product 8696;Drink;;70;;2023/03/27;Portugal;;X;X
Product 8697;;351.04;;1090,57;03/06/2019;France;S-39;X;X
Product 8698;Drink;632,23;NaN;901;12-02-2022;Portugal;;X;X
Product 8699;;3,860.50;;;17-09-2020;Germany;;X;X
;Snack;4393,93;;;;Germany;;X;X
Product 8701;Drink;2053,30;NaN;1,685.01;2019-02-16;Portugal;;X;X
Product 8702;;;NaN;;26-09-2023;Germany;S-6;X;X
Product 8703;Food;4109,74;NaN;;21/02/2020;Portugal;S-37;X;X
Product 8704;;2403,46;88;;01-11-2021;Portugal;;X;X
Product 8705;Drink;3,190.37;;4193,92;04/11/2018;Germany;S-18;X;X
Product 8706;;4,142.35;;1,094.60;2018/02/07;France;;X;X
Product 8707;Drink;947;NaN;4327,01;2019/07/31;France;S-46;X;X
Product 8708;Drink;;;3,191.89;2023-07-31;France;;X;X
Product 8709;Drink;;;;2024/06/16;Germany;;X;X
Product 8710;;2533;82;410;2020/07/26;Germany;;X;X
Product 8711;Drink;4565,30;;2412;2020-05-10;;;X;X
Product 8712;Snack;;;4494,75;08-02-2023;;S-12;X;X
Product 8713;Food;2172,73;;2724;2019-06-17;Portugal;;X;X
Product 8714;Snack;4,183.01;;;06-10-2023;France;;X;X
;Drink;1126,64;14;2,563.48;12-03-2019;Portugal;;X;X
Product 8716;Drink;3,565.09;;;2020/03/14;;;X;X
Product 8717;;3292;NaN;4708,58;06-07-2021;Portugal;;X;X
Product 8718;Drink;699.56;;2,555.23;2023/10/03;Germany;S-35;X;X
Product 8719;Food;;79;2424,86;04/10/2023;;;X;X
Product 8720;Drink;4025,22;22;;;Portugal;S-8;X;X
Product 8721;Food;874.02;NaN;56.30;15-05-2024;Germany;;X;X
Product 8722;;2305;78;986,65;2021-04-02;France;;X;X
Product 8723;Drink;3025;NaN;1,382.17;2020/06/01;Germany;;X;X
Product 8724;;4,228.30;NaN;;2020-08-11;;S-15;X;X
Product 8725;;4681;;3,933.20;18/06/2019;France;;X;X
Product 8726;Food;;28;644.48;01-12-2020;Germany;;X;X
Product 8727;Drink;3808;88;;18/09/2024;Germany;;X;X
Product 8728;Food;1506;11;4615,13;29-04-2024;Portugal;;X;X
Product 8729;Food;3,800.60;NaN;513.10;28/09/2023;France;S-50;X;X
;;;;;2022-12-19;;;X;X
Product 8731;;;NaN;;20/10/2018;;S-36;X;X
Product 8732;Food;2536,48;NaN;4706;21-02-2021;;S-13;X;X
Product 8733;Food;371.93;4;352;2019-05-05;Portugal;;X;X
Product 8734;Food;;61;;2019-01-13;Portugal;;X;X
Product 8735;Food;1287,52;;2207,79;08/07/2020;Portugal;S-27;X;X
Product 8736;Drink;;NaN;1919,18;31/05/2020;;;X;X
Product 8737;Drink;2394;63;3,439.41;2018-12-09;France;S-16;X;X
Product 8738;Food;1586;32;;05-10-2019;Germany;S-26;X;X
Product 8739;Snack;2969,16;NaN;;21-10-2024;Germany;S-48;X;X
Product 8740;Drink;;;;;Germany;;X;X
Product 8741;Food;3,493.00;;4402,43;2020/11/05;Germany;;X;X
Product 8742;Food;;68;467,13;22/10/2021;France;S-37;X;X
Product 8743;Food;4645,36;NaN;2,830.01;12-06-2023;Portugal;;X;X
Product 8744;Snack;858;NaN;3431;07-10-2024;France;;X;X
;Food;2,885.64;;3864;15/04/2022;France;;X;X
Product 8746;Drink;79;14;183.32;29/05/2021;Portugal;S-30;X;X
Product 8747;Drink;4,772.65;37;2168,50;14/09/2023;Germany;;X;X
Product 8748;;2339,81;;3,340.75;08-04-2020;Germany;;X;X
Product 8749;;;;;20-11-2022;;;X;X
Product 8750;Drink;1976,35;;1,410.46;15-06-2020;France;;X;X
Product 8751;Snack;1,081.82;NaN;1873;26/09/2023;Portugal;S-34;X;X
Product 8752;Snack;1620;NaN;303;30/12/2018;Germany;S-50;X;X
Product 8753;;362,30;NaN;3874;01-06-2018;Germany;;X;X
Product 8754;Drink;876;83;795,76;21-09-2022;Portugal;;X;X
Product 8755;Drink;;96;1497;25/02/2019;Germany;;X;X
Product 8756;Food;2,342.04;93;3,142.66;14-04-2020;Germany;;X;X
Product 8757;Snack;3,607.42;NaN;;19-12-2023;;S-45;X;X
Product 8758;Food;3008;;4630;2024/03/20;Germany;;X;X
Product 8759;Food;4883;;2167;07/07/2020;;;X;X
;Food;3818,20;NaN;;;;;X;X
Product 8761;Food;2,821.63;;2044,99;20/04/2024;Germany;S-31;X;X
Product 8762;Snack;;;1559;2022/10/21;;;X;X
Product 8763;Food;1347,16;;4,995.99;2021/12/29;France;;X;X
Product 8764;;;75;3,774.92;05/02/2024;;;X;X
Product 8765;Drink;;17;3362,23;23/12/2022;Portugal;S-49;X;X
Product 8766;Food;;;4,925.15;2024/09/10;Germany;;X;X
Product 8767;Drink;;;3,714.25;2020-11-24;France;;X;X
Product 8768;Food;742;86;2,442.13;26-08-2022;France;;X;X
Product 8769;Drink;;NaN;;2019/01/21;France;;X;X
Product 8770;;4314,23;NaN;3293,91;26-04-2024;;S-23;X;X
Product 8771;;517;;2602;2019-02-01;Portugal;;X;X
Product 8772;Drink;4740;39;1550,70;11/10/2023;Portugal;;X;X
Product 8773;Snack;3,651.42;NaN;3,839.66;10/11/2022;;;X;X
Product 8774;Snack;1026,43;68;119;2019/06/06;;;X;X
;Drink;3982,41;NaN;;2021-11-26;;S-10;X;X
Product 8776;;1,807.47;;1168,18;2024/08/02;;;X;X
Product 8777;Food;160.37;;2,858.58;08/04/2023;Germany;S-12;X;X
Product 8778;;2,890.18;16;;2019/03/18;Germany;S-38;X;X
Product 8779;Drink;3,141.39;;;09-11-2021;France;S-19;X;X
Product 8780;Food;2,556.38;;4085;;Portugal;;X;X
Product 8781;Drink;4,807.74;NaN;3,523.67;28/08/2020;Portugal;S-42;X;X
Product 8782;Food;3996,86;;;14/10/2021;Portugal;S-12;X;X
Product 8783;Snack;4,439.88;NaN;396.45;2022/03/12;Portugal;;X;X
Product 8784;Snack;;;63;22/09/2023;France;;X;X
Product 8785;Food;;78;;20/09/2018;France;S-31;X;X
Product 8786;Snack;4907;;136,82;2021-03-28;Germany;S-40;X;X
Product 8787;Food;2,723.84;;;10/08/2019;France;;X;X
Product 8788;Snack;;NaN;789;2023-08-15;France;S-38;X;X
Product 8789;Food;668,67;;2133;2020-10-21;France;S-27;X;X
;Food;3085,91;NaN;760,95;2020-10-21;;S-38;X;X
Product 8791;Drink;2,752.07;89;3,141.58;09-09-2024;Germany;;X;X
Product 8792;Drink;2723;NaN;4357;2020-08-19;Germany;;X;X
Product 8793;;4148,02;NaN;2027;20/07/2020;Portugal;;X;X
Product 8794;Snack;2,184.27;NaN;;18/03/2019;Portugal;;X;X
Product 8795;Drink;;NaN;2,074.23;05-10-2021;;;X;X
Product 8796;;3,810.16;NaN;4,191.81;2024-03-14;Germany;S-21;X;X
Product 8797;Drink;3146;;3615,83;03-08-2024;Portugal;S-9;X;X
Product 8798;Snack;331;;2119;2020/09/11;;S-31;X;X
Product 8799;Snack;1767,41;36;;20/08/2023;;;X;X
Product 8800;Snack;3422,16;59;;;Portugal;;X;X
Product 8801;Food;91;58;3912,77;2022/08/30;Portugal;S-33;X;X
Product 8802;Snack;4425,01;;;2024/06/17;;S-30;X;X
Product 8803;;2566;;;2022/03/08;Germany;S-47;X;X
Product 8804;Snack;3443;93;235,00;2023-04-11;;S-46;X;X
;Snack;3,550.03;NaN;2829;25-11-2018;;;X;X
Product 8806;Food;2,146.37;53;4858;11-11-2019;Portugal;;X;X
Product 8807;Food;1039,96;NaN;2417;2023/09/19;France;S-24;X;X
Product 8808;Drink;;;1,168.21;17-05-2020;Portugal;;X;X
Product 8809;Drink;;NaN;;2020/12/08;France;S-40;X;X
Product 8810;Snack;673.20;NaN;2,778.16;01/08/2023;Portugal;;X;X
Product 8811;Drink;1,611.19;;2294,66;2022/11/01;France;;X;X
Product 8812;;3,729.11;;2377,87;2019/05/10;Germany;;X;X
Product 8813;;14.10;41;4213;27/09/2024;;;X;X
Product 8814;;3,348.33;79;;29-12-2023;France;;X;X
Product 8815;Food;4385;79;3088,78;2021-02-27;France;;X;X
Product 8816;Food;;;;2019-04-19;Portugal;;X;X
Product 8817;;1,654.47;1;4209,67;2018-03-10;France;;X;X
Product 8818;Snack;;NaN;;2019-11-08;Germany;S-33;X;X
Product 8819;Drink;3,837.60;NaN;4008,60;17/07/2018;Portugal;;X;X
;Food;4247,10;4;1797,11;;;;X;X
Product 8821;Snack;4322,34;;;2018-12-06;Germany;;X;X
Product 8822;Drink;;NaN;695.03;28-12-2022;;;X;X
Product 8823;Drink;;NaN;2332;25-09-2020;France;S-49;X;X
Product 8824;;;NaN;;2022-05-27;Portugal;;X;X
Product 8825;Snack;;NaN;338;2019-07-02;Germany;;X;X
Product 8826;Snack;3634;NaN;2384;2021-10-02;;S-2;X;X
Product 8827;;46.25;NaN;4,290.13;25/02/2018;;;X;X
Product 8828;;4290;;3807,86;27/01/2020;Portugal;S-34;X;X
Product 8829;;1869;59;4764,39;03/03/2019;Portugal;S-34;X;X
Product 8830;;321,39;;;25/12/2021;France;;X;X
Product 8831;Snack;;46;3534,46;2024/04/14;Portugal;;X;X
Product 8832;Drink;;14;3944;08/01/2022;France;;X;X
Product 8833;Drink;21;NaN;222;18/04/2018;France;;X;X
Product 8834;;1450;NaN;4478;2024-07-31;Portugal;;X;X
;;2761,60;NaN;4017,51;2020/06/05;Germany;;X;X
Product 8836;;1645,99;81;4,049.91;29/06/2019;;;X;X
Product 8837;;2449;;4506,00;04/10/2020;Portugal;;X;X
Product 8838;Drink;;NaN;;2024/01/31;Germany;;X;X
Product 8839;;4,150.68;NaN;4970,79;29-07-2021;Portugal;;X;X
Product 8840;Food;2,578.62;;4631;;Germany;S-16;X;X
Product 8841;;1478,59;NaN;2,115.10;19-04-2024;France;;X;X
Product 8842;Drink;1793;51;2945,35;11-05-2023;France;;X;X
Product 8843;Food;;;;2020-04-01;;S-43;X;X
Product 8844;Drink;;;3,166.96;16/10/2019;France;;X;X
Product 8845;Snack;493.58;NaN;1,086.17;21-12-2021;Germany;;X;X
Product 8846;Food;610.85;52;;2018-01-07;Portugal;S-12;X;X
Product 8847;Drink;3541;;689.35;2018-08-13;France;;X;X
Product 8848;Food;798.99;;553;2018/03/20;France;;X;X
Product 8849;Snack;3,481.57;NaN;2358,54;01/06/2022;;S-48;X;X
;;3303,29;53;;11/01/2022;France;;X;X
Product 8851;Drink;1,621.89;52;3427;2021-05-29;;;X;X
Product 8852;Food;;NaN;4,415.92;2021-10-21;Germany;;X;X
Product 8853;Food;3,179.81;51;4,990.90;15-02-2023;Germany;S-50;X;X
Product 8854;Snack;1749;69;2,014.73;10/01/2022;;;X;X
Product 8855;Snack;3700;31;;20/05/2020;France;;X;X
Product 8856;Drink;;26;670,13;20-07-2021;France;;X;X
Product 8857;Snack;871;;4,958.97;2018-07-09;Germany;;X;X
Product 8858;;3,730.76;;1445,52;2024-07-03;;;X;X
Product 8859;Drink;2979,07;NaN;;2022/09/13;France;;X;X
Product 8860;;3857,94;;2185,70;;Portugal;;X;X
Product 8861;Drink;579;39;;12/07/2018;France;S-7;X;X
Product 8862;Drink;3881;;4998,07;2024-09-18;Germany;;X;X
Product 8863;Drink;;;405,32;2022/07/13;;S-44;X;X
Product 8864;Food;;;;2019/02/07;France;;X;X
;Drink;2,226.61;;3437;01-07-2019;France;;X;X
Product 8866;Food;2,009.33;58;960,47;2018-05-13;Germany;S-37;X;X
Product 8867;Drink;;;959;16-09-2019;Portugal;;X;X
Product 8868;;1381,80;;4,630.81;2021-02-04;Germany;;X;X
Product 8869;Food;4846,85;;3,367.92;14/04/2019;France;;X;X
Product 8870;;1273;;2489;01-09-2024;France;;X;X
Product 8871;Snack;4011,71;NaN;2,233.10;30-03-2023;Portugal;S-3;X;X
Product 8872;Food;;;1485,08;25/12/2020;France;;X;X
Product 8873;Food;;14;;2020/12/25;;S-21;X;X
Product 8874;Food;337;NaN;2,668.90;15-05-2021;Germany;;X;X
Product 8875;;4,134.09;;1066,76;19-08-2022;France;;X;X
Product 8876;Drink;890.45;22;3,940.55;14/12/2018;;S-36;X;X
Product 8877;Food;1839;NaN;988.44;2019/07/17;;S-19;X;X
Product 8878;Drink;4798;5;2,768.17;03/02/2023;Germany;;X;X
Product 8879;Snack;3303;90;3,215.46;2019-11-10;Portugal;;X;X
;Drink;2,981.29;NaN;;;France;S-1;X;X
Product 8881;Food;225;;1598,19;21/08/2020;;;X;X
Product 8882;Drink;;65;;2021-11-19;France;S-6;X;X
Product 8883;Food;;69;247;08-08-2023;Portugal;S-4;X;X
Product 8884;Food;2997,92;NaN;1428;29/01/2019;Portugal;S-18;X;X
Product 8885;;534.87;76;134;30/07/2024;Portugal;S-21;X;X
Product 8886;Drink;3,926.27;;;2023-05-12;;S-1;X;X
Product 8887;Drink;91;;1,614.81;2022/10/26;France;;X;X
Product 8888;;;42;914,47;10-07-2020;Portugal;;X;X
Product 8889;Drink;2,058.39;NaN;;2022-06-11;;;X;X
Product 8890;Snack;2210;;4932,81;2019-08-25;;;X;X
Product 8891;;1625,69;;4062,26;17/04/2019;France;;X;X
Product 8892;;;;3,982.73;04-06-2020;France;S-10;X;X
Product 8893;Snack;2;77;3624;18/09/2024;Portugal;S-14;X;X
Product 8894;;;5;2919,35;2023-08-22;Portugal;;X;X
;Food;4557,82;77;1387,11;2020-12-22;Portugal;;X;X
Product 8896;Snack;3989,96;28;;28/09/2019;France;;X;X
Product 8897;Food;4,390.97;;;02/10/2023;France;;X;X
Product 8898;Drink;907.67;;;08-10-2021;France;;X;X
Product 8899;Food;;;;16-12-2020;Portugal;;X;X
Product 8900;Food;303.94;;2478;;Portugal;S-7;X;X
Product 8901;Drink;;;;2021/05/02;Portugal;;X;X
Product 8902;Drink;3403,79;NaN;4576,10;19/05/2019;Portugal;;X;X
Product 8903;Food;649.52;;1379;2021-04-01;France;S-5;X;X
Product 8904;;;89;3754;20/02/2021;;;X;X
Product 8905;;1403,82;;1709;2023/12/18;Germany;;X;X
Product 8906;;3,702.37;;698;05/02/2020;;S-31;X;X
Product 8907;Snack;;NaN;1,151.20;2020/09/08;France;;X;X
Product 8908;Snack;2,886.58;;2,273.73;2018-11-15;Germany;;X;X
Product 8909;Drink;2332;NaN;4513;14/12/2021;;;X;X
;;3479,66;NaN;1,005.60;2023-05-02;Germany;;X;X
Product 8911;Drink;4,561.83;26;1278;2019/10/05;;;X;X
Product 8912;Snack;;29;;23/01/2022;Germany;S-45;X;X
Product 8913;Food;3740;;3618,14;2023/11/09;;;X;X
Product 8914;;4,412.57;;817.13;27/04/2024;Portugal;;X;X
Product 8915;Drink;;20;1888;2020/06/19;France;;X;X
Product 8916;Drink;2562,65;NaN;4678;05-03-2021;Portugal;;X;X
Product 8917;;2730;;3,246.08;25/07/2020;;;X;X
Product 8918;Food;;;2,081.70;2019-12-04;France;;X;X
Product 8919;Drink;1,979.63;;4622,63;2018-11-03;Portugal;;X;X
Product 8920;;255,75;;300,65;;;;X;X
Product 8921;Drink;;NaN;3882;04-11-2020;Portugal;;X;X
Product 8922;Food;1186;NaN;3592;2018-05-16;Portugal;S-17;X;X
Product 8923;;3077;;1178;17-10-2018;France;;X;X
Product 8924;;3909;NaN;3722,33;30/08/2019;France;;X;X
;Snack;2312;;;17-05-2024;Germany;;X;X
Product 8926;;4347;9;4556;2020-07-01;;S-17;X;X
Product 8927;;1385,52;28;;2024-08-17;Portugal;;X;X
Product 8928;Drink;2,259.50;;;2019-03-09;;S-16;X;X
Product 8929;Food;3,719.09;NaN;3317,50;20-02-2023;Portugal;;X;X
Product 8930;Snack;1928;;;18/09/2019;;;X;X
Product 8931;;1,424.05;NaN;;2023/07/08;Germany;S-10;X;X
Product 8932;Drink;;NaN;4,166.54;17-11-2021;France;;X;X
Product 8933;Snack;4151,72;;2,142.31;2023-03-05;Portugal;;X;X
Product 8934;Food;3446,85;18;;02/12/2019;France;;X;X
Product 8935;Food;4683;NaN;3042;2018-07-08;France;;X;X
Product 8936;Food;1,247.43;;1988,47;20-11-2022;Portugal;;X;X
Product 8937;Snack;4604;;1,654.65;10/06/2021;;;X;X
Product 8938;Snack;4774,02;;558,40;18/05/2018;Portugal;S-9;X;X
Product 8939;Food;;96;1472;02/03/2019;France;S-1;X;X
;Drink;1819;NaN;3883;;Germany;;X;X
Product 8941;Snack;2,252.20;8;4932;28-04-2018;;;X;X
Product 8942;Drink;;NaN;190;12/07/2022;Portugal;S-19;X;X
Product 8943;Food;1649,33;NaN;3921;29-11-2019;Portugal;;X;X
Product 8944;Food;1892;;2927,09;26/01/2023;Portugal;;X;X
Product 8945;Drink;4,979.99;87;2045,71;2024/08/02;France;;X;X
Product 8946;Food;4954,91;;1212;2023/11/03;Germany;;X;X
Product 8947;Snack;2,444.03;NaN;2,099.15;04/10/2023;France;;X;X
Product 8948;Drink;;7;2306,51;23-09-2019;;S-25;X;X
Product 8949;Drink;3260,77;NaN;4455,05;02-05-2021;Portugal;;X;X
Product 8950;Food;;80;88;2021-01-13;;;X;X
Product 8951;Drink;;NaN;197,96;29-05-2019;Portugal;S-30;X;X
Product 8952;Snack;469.60;78;2427,29;23/09/2022;France;;X;X
Product 8953;Food;1581,51;NaN;4866;2018/04/25;France;;X;X
Product 8954;Food;3209,59;;1,223.17;13-08-2024;;;X;X
;;2,459.65;;2780,36;03/09/2023;Portugal;;X;X
Product 8956;Food;1,939.52;;2306;07/11/2019;;S-8;X;X
Product 8957;Food;743.06;;30;16/08/2020;Portugal;;X;X
Product 8958;Snack;3577;NaN;;19-09-2018;Germany;;X;X
Product 8959;Food;1,412.61;56;1,817.56;19-04-2023;France;;X;X
Product 8960;Snack;;NaN;374,53;;Germany;;X;X
Product 8961;Food;2908;NaN;1812;04-08-2020;Germany;S-35;X;X
Product 8962;Snack;649;83;1611,85;23/04/2021;;S-31;X;X
Product 8963;Snack;3410,59;NaN;2,105.30;2020/05/11;Germany;S-37;X;X
Product 8964;;3,640.23;66;3,727.36;30-11-2020;Portugal;;X;X
Product 8965;Drink;434.99;98;2,597.72;2024-03-05;Germany;;X;X
Product 8966;Snack;;;;2023/04/23;Germany;S-2;X;X
Product 8967;;1,575.31;;4833,92;01-11-2021;France;;X;X
Product 8968;Snack;2293;43;2965;01-08-2021;France;S-35;X;X
Product 8969;Drink;3471;NaN;;2024-02-20;Portugal;;X;X
;Food;4044;;2,757.20;12-04-2022;France;;X;X
Product 8971;Snack;3,115.34;100;;06-09-2023;Germany;S-42;X;X
Product 8972;;1312,41;NaN;;2022-03-29;France;;X;X
Product 8973;Food;941.87;NaN;;01-09-2024;;S-44;X;X
Product 8974;Drink;;NaN;4,114.87;2024/03/21;France;;X;X
Product 8975;Food;2436;;;16-04-2018;France;;X;X
Product 8976;;2119;;1704;27-02-2022;France;;X;X
Product 8977;;4,431.15;NaN;;14/09/2022;Portugal;;X;X
Product 8978;Food;3551;NaN;4133,09;02-01-2024;;S-15;X;X
Product 8979;Snack;;34;1897;16/12/2019;;;X;X
Product 8980;Drink;4933,47;;501.41;;France;S-19;X;X
Product 8981;Drink;4,566.23;;4178,36;2020/03/10;;;X;X
Product 8982;;;;3,662.02;2018-11-08;Germany;;X;X
Product 8983;Food;567;NaN;4,659.19;22-10-2018;France;;X;X
Product 8984;Food;;45;108;2024/05/28;Germany;;X;X
;Drink;4871;17;2009,17;2024-01-04;;;X;X
Product 8986;Drink;4685;NaN;;2021/01/25;Germany;;X;X
Product 8987;Drink;;NaN;2,440.56;28-08-2022;;;X;X
Product 8988;Drink;3995,98;NaN;2083,70;06/08/2018;Germany;;X;X
Product 8989;Snack;3829,86;56;2961;18-07-2021;;;X;X
Product 8990;;2,755.06;NaN;3567,28;11/01/2020;Germany;S-42;X;X
Product 8991;Drink;4635,86;;907.85;2024-03-05;Portugal;S-19;X;X
Product 8992;Snack;4,782.76;NaN;2,983.57;2019/09/23;France;;X;X
Product 8993;Snack;2388,05;59;3609,18;2021/08/16;France;;X;X
Product 8994;Snack;4213;;883;2023-05-24;Portugal;S-40;X;X
Product 8995;;;;3,787.92;2023/05/31;Germany;;X;X
Product 8996;Food;516.84;31;4166,53;13/07/2022;Germany;;X;X
Product 8997;;844.30;30;1154;2019/09/08;Germany;;X;X
Product 8998;Drink;4,531.76;NaN;536.50;2019/04/25;Portugal;S-6;X;X
Product 8999;Drink;3281,08;;;07-08-2022;France;S-17;X;X
;Food;1823;40;1577,08;;Portugal;;X;X
Product 9001;Drink;1416;NaN;;21-06-2021;France;;X;X
Product 9002;;1241,66;;2,313.70;13/08/2018;Germany;S-20;X;X
Product 9003;Food;4684;98;1,724.75;14-04-2020;France;;X;X
Product 9004;Food;1848;71;;30-01-2022;France;;X;X
Product 9005;Drink;2903,16;;2,656.08;2019-03-17;Germany;S-9;X;X
Product 9006;Snack;;NaN;1112;22/10/2020;Germany;S-16;X;X
Product 9007;Food;1061;3;3,453.07;2021/02/12;;;X;X
Product 9008;;;75;4,209.76;18/07/2022;Portugal;S-23;X;X
Product 9009;Food;2492;NaN;2128,07;2021-05-30;Portugal;;X;X
Product 9010;;4,614.66;97;342,38;11-10-2022;;S-22;X;X
Product 9011;Snack;1,160.43;NaN;2697,22;18-01-2021;Portugal;;X;X
Product 9012;Drink;2,440.79;46;4,442.84;2021/02/02;Portugal;;X;X
Product 9013;Snack;2882,79;NaN;;29/02/2024;Germany;S-30;X;X
Product 9014;Drink;;64;1062,26;01-05-2024;Portugal;S-24;X;X
;Food;176.83;;4671,80;2018/06/28;France;;X;X
Product 9016;Snack;3,471.40;88;3,148.28;08/09/2023;France;;X;X
Product 9017;Snack;;75;436;05/04/2019;;;X;X
Product 9018;Snack;3,604.36;5;;2018-09-28;;;X;X
Product 9019;Food;;;1,750.84;2024-02-15;;;X;X
Product 9020;Food;4448,96;NaN;4748,75;;Portugal;;X;X
Product 9021;Drink;918.71;NaN;300,91;2021/05/06;France;;X;X
Product 9022;;;27;2214;11-05-2018;France;S-23;X;X
Product 9023;Snack;1872;NaN;1662,92;05-03-2019;Germany;S-35;X;X
Product 9024;;;;3627,07;29-06-2024;;;X;X
Product 9025;Snack;520,92;19;172,16;2020/10/15;Portugal;S-31;X;X
Product 9026;;;NaN;;2021-02-24;Portugal;;X;X
Product 9027;Drink;118,78;NaN;583,74;2022-07-29;Portugal;;X;X
Product 9028;Food;4780,93;NaN;2553;21/11/2023;France;S-24;X;X
Product 9029;;863,22;NaN;3138,89;25-06-2021;France;;X;X
;Food;1,036.03;49;4858,31;16/08/2024;Portugal;S-40;X;X
Product 9031;Snack;1264,26;;4185;02/08/2019;;S-12;X;X
Product 9032;Snack;;;116;25/07/2023;;;X;X
Product 9033;;4470,23;;536.39;2018-03-26;Germany;;X;X
Product 9034;;1911,96;NaN;3627;02/01/2023;Portugal;;X;X
Product 9035;Drink;2,756.17;NaN;297,99;14/01/2020;;S-13;X;X
Product 9036;;3,429.34;89;567.66;2024-07-24;France;;X;X
Product 9037;Snack;2940,83;NaN;;2023/09/29;Portugal;S-31;X;X
Product 9038;Snack;3,703.16;NaN;3886;21/11/2021;;;X;X
Product 9039;Snack;;;299.85;26-10-2019;Portugal;;X;X
Product 9040;Food;3,915.98;27;1976,40;;;;X;X
Product 9041;;562;NaN;975,59;27-07-2023;;S-34;X;X
Product 9042;;;;2,945.13;2023-04-25;Germany;;X;X
Product 9043;Snack;425.20;NaN;;2021/12/31;Portugal;;X;X
Product 9044;Food;4598,22;NaN;3082,37;25/07/2018;Germany;;X;X
;Food;4,329.46;;1,421.25;2023-03-20;France;S-40;X;X
Product 9046;Drink;4,422.30;;2464,26;2024-01-02;Portugal;;X;X
Product 9047;Food;;68;3001,59;05-09-2024;;;X;X
Product 9048;Drink;3,742.99;68;1379,29;2019/08/09;Germany;;X;X
Product 9049;Food;2270,15;NaN;1514;21-04-2023;Germany;;X;X
Product 9050;Snack;1577;;1907,19;2022/07/30;Germany;S-4;X;X
Product 9051;;;NaN;3938;2024-08-13;;;X;X
Product 9052;Drink;3,946.43;66;3759,26;18/10/2021;;;X;X
Product 9053;;310.70;;210;31-12-2020;Germany;;X;X
Product 9054;Food;753,63;67;2777;27-12-2021;Germany;;X;X
Product 9055;Drink;4,799.93;NaN;2,697.24;2020/10/27;Germany;;X;X
Product 9056;;2106,94;NaN;1696,55;2021-09-02;Portugal;;X;X
Product 9057;;4507;NaN;;2018-08-13;;S-31;X;X
Product 9058;Food;;;1,678.43;2021/12/31;Portugal;S-46;X;X
Product 9059;Snack;1828;NaN;4,802.68;2021/10/24;;;X;X
;;686;NaN;;;Portugal;;X;X
Product 9061;;2455,35;;3070,55;2021/11/28;;;X;X
Product 9062;;;NaN;1,769.81;01-10-2021;France;;X;X
Product 9063;Food;4092,37;NaN;3413;12/07/2019;Portugal;;X;X
Product 9064;Food;3233;;2382,37;2019-12-19;Germany;;X;X
Product 9065;Drink;2199;;4025,41;2023-02-09;;;X;X
Product 9066;Food;4584;;4,468.61;2021-01-31;;S-40;X;X
Product 9067;;;NaN;;01-03-2019;France;;X;X
Product 9068;;;NaN;;19/11/2020;;;X;X
Product 9069;Drink;;;4650;13-11-2021;France;S-35;X;X
Product 9070;;2474;;4217;02-11-2018;;;X;X
Product 9071;Snack;70,47;1;2637;08-11-2018;Germany;;X;X
Product 9072;Food;4052;;2529,97;02/03/2018;Germany;S-36;X;X
Product 9073;Snack;;NaN;501;24-09-2024;France;;X;X
Product 9074;Snack;2340,51;NaN;;03-01-2020;Portugal;S-50;X;X
;;4970,04;;424,32;2019-07-26;Germany;;X;X
Product 9076;Drink;;;;2019/07/02;Portugal;;X;X
Product 9077;;4,767.48;43;;2022/01/10;;S-42;X;X
Product 9078;Food;2,728.78;NaN;;27-03-2021;Germany;;X;X
Product 9079;Snack;1994,43;NaN;;20-06-2024;;S-7;X;X
Product 9080;;3,977.83;17;;;Portugal;;X;X
Product 9081;Food;2,563.25;;517,07;06-12-2019;Portugal;;X;X
Product 9082;Drink;4467,90;85;1425,30;2018/12/26;France;;X;X
Product 9083;;;;;2019/08/07;;S-23;X;X
Product 9084;Drink;;NaN;1033;17/06/2021;Portugal;;X;X
Product 9085;Drink;134;;;2020-11-11;Germany;;X;X
Product 9086;Snack;;37;2644,66;2023/01/27;France;;X;X
Product 9087;Food;;75;;20/07/2023;;;X;X
Product 9088;;;;2681,81;2020-06-03;Germany;;X;X
Product 9089;Food;;NaN;;26-03-2024;Portugal;;X;X
;Snack;2713,74;;;02/10/2018;Portugal;S-43;X;X
Product 9091;;3974,49;64;3024,69;2022/08/15;;;X;X
Product 9092;;;79;4107;31-01-2021;;;X;X
Product 9093;Drink;;6;;2021/11/27;Germany;S-3;X;X
Product 9094;Food;4847;NaN;1636,34;15-01-2019;Germany;;X;X
Product 9095;Drink;3,179.89;;3732;05-06-2020;Germany;;X;X
Product 9096;Food;2,331.06;NaN;4824,33;04/07/2019;Portugal;;X;X
Product 9097;;4,487.83;62;1292;10/03/2021;Portugal;;X;X
Product 9098;Snack;3804;82;1184;11/08/2020;France;S-18;X;X
Product 9099;Snack;667;;1,403.54;08/04/2020;;;X;X
Product 9100;Drink;1191;NaN;1,999.43;;Portugal;;X;X
Product 9101;Food;3361;NaN;2,070.31;28-09-2021;;;X;X
Product 9102;Drink;;NaN;2984;2021/10/29;Portugal;;X;X
Product 9103;Food;3959,02;1;478,87;04-11-2022;;;X;X
Product 9104;Snack;2884,00;9;3,572.89;22-03-2020;Germany;;X;X
;;4885;8;2,671.31;26/07/2022;Portugal;;X;X
Product 9106;Food;;;943;01-12-2023;Portugal;S-15;X;X
Product 9107;Snack;13,82;63;4746;25/01/2021;Portugal;S-12;X;X
Product 9108;;;NaN;4,579.95;2021/07/13;Portugal;;X;X
Product 9109;;2429,49;84;2,869.15;24-03-2020;Portugal;;X;X
Product 9110;Drink;1835,10;;;2020/10/02;Portugal;;X;X
Product 9111;Snack;2397,69;NaN;;2024-05-16;France;S-49;X;X
Product 9112;Drink;3622,66;33;445;2023-12-20;France;S-30;X;X
Product 9113;Food;2356;56;;2021-12-03;;;X;X
Product 9114;Food;291.08;;;2023/08/18;Portugal;;X;X
Product 9115;;1124;NaN;116,64;2024/08/09;France;;X;X
Product 9116;Snack;;;1025,14;05-07-2023;Germany;;X;X
Product 9117;Snack;2,265.06;62;;19/04/2022;;;X;X
Product 9118;Drink;3240;;2507,79;03/06/2023;France;S-11;X;X
Product 9119;Drink;2061,42;NaN;;05-02-2024;Portugal;S-9;X;X
;Snack;1637,62;;;;France;S-6;X;X
Product 9121;;457,95;;3,329.69;2019/06/20;France;;X;X
Product 9122;;;;2,858.12;05-03-2024;Germany;S-19;X;X
Product 9123;;254,98;47;292,17;2020/02/20;;;X;X
Product 9124;Drink;2481;NaN;;09/08/2024;France;;X;X
Product 9125;;140.39;NaN;4,758.70;2020-01-14;Portugal;;X;X
Product 9126;Snack;59,10;32;4095;01/08/2022;Germany;;X;X
Product 9127;;742;88;243,22;08-07-2020;France;;X;X
Product 9128;Food;2,826.73;NaN;3030,52;12/01/2022;Germany;;X;X
Product 9129;Drink;3,430.39;1;4,280.95;2022-07-22;Portugal;S-34;X;X
Product 9130;Food;3,516.65;;3166,98;27/12/2020;Portugal;;X;X
Product 9131;Drink;163,86;NaN;2928;05-12-2019;Germany;;X;X
Product 9132;Snack;4,948.79;68;;2024/09/29;Germany;;X;X
Product 9133;Snack;;23;3333,27;11-06-2020;Portugal;;X;X
Product 9134;Food;;43;1671,39;26/09/2022;France;;X;X
;Drink;;73;2081,39;2021-04-07;Portugal;;X;X
Product 9136;;3372;;4,681.08;2024-11-05;;S-12;X;X
Product 9137;Drink;;38;4072;2024/10/07;Germany;;X;X
Product 9138;;;;;24/04/2019;;S-13;X;X
Product 9139;Snack;3740;NaN;988;2019/10/30;Portugal;S-27;X;X
Product 9140;Food;4,157.08;;127,78;;France;;X;X
Product 9141;;;27;1315,44;20-03-2021;Portugal;;X;X
Product 9142;Snack;3315;;2,907.52;26/03/2018;Germany;;X;X
Product 9143;Food;3,344.75;;4998,72;17/11/2020;Portugal;;X;X
Product 9144;;280,78;NaN;2051,55;25/12/2018;Portugal;;X;X
Product 9145;Drink;2022,32;85;2,479.09;2022/06/28;France;S-35;X;X
Product 9146;;1,746.11;;;01/10/2024;France;;X;X
Product 9147;Food;2204,04;63;;15/03/2024;France;;X;X
Product 9148;Food;4705;28;3806,16;31-12-2018;France;S-25;X;X
Product 9149;Drink;464.58;;2841,08;2020/10/25;;S-16;X;X
;Drink;1,191.78;;1,643.22;2020/12/20;Portugal;S-47;X;X
Product 9151;;;;4,049.37;13-09-2023;France;;X;X
Product 9152;Drink;;15;3800,68;01/06/2023;France;;X;X
Product 9153;;;49;3,376.07;04/06/2024;Portugal;S-24;X;X
Product 9154;Drink;1896,60;51;;2019-02-02;Portugal;S-9;X;X
Product 9155;Snack;;;1411,10;2019-07-27;Germany;;X;X
Product 9156;Drink;3835,61;83;1291;04-06-2024;;;X;X
Product 9157;Drink;4187;;3704;02-10-2018;;;X;X
Product 9158;Food;1717,53;NaN;228.81;2020-02-07;Portugal;;X;X
Product 9159;Snack;;80;;2018-09-02;France;;X;X
Product 9160;Snack;1505,89;;4851;;;S-37;X;X
Product 9161;Food;3999;NaN;;25/02/2018;France;;X;X
Product 9162;Snack;;16;601;20/09/2024;Portugal;;X;X
Product 9163;Snack;2581,06;;4564;2023-03-28;Portugal;;X;X
Product 9164;Food;1375,16;NaN;;15/01/2024;Germany;;X;X
;;2,577.54;NaN;495,45;2019-06-30;;S-32;X;X
Product 9166;;4780;;53;2024/07/04;;S-6;X;X
Product 9167;;2,516.58;NaN;2,773.70;16-12-2020;Portugal;;X;X
Product 9168;;1416,21;NaN;4,455.47;2023/07/06;;S-29;X;X
Product 9169;Snack;;NaN;2,180.95;30-03-2018;Portugal;;X;X
Product 9170;Snack;1277;NaN;4132,62;2022-02-09;;S-25;X;X
Product 9171;;;;715.40;05-01-2021;France;;X;X
Product 9172;Snack;1045;NaN;3587,38;20/10/2018;;S-20;X;X
Product 9173;Food;1,869.43;;4,551.69;2019/05/29;;;X;X
Product 9174;Drink;;;2,022.64;2023-07-11;France;;X;X
Product 9175;;3683,19;NaN;;2021-02-21;Portugal;S-40;X;X
Product 9176;;485,86;NaN;3426;16-11-2018;Germany;;X;X
Product 9177;Snack;452,65;NaN;;21/07/2023;Germany;;X;X
Product 9178;Drink;4555;;;2022/10/18;;S-10;X;X
Product 9179;Drink;4003,40;;;2021-10-27;;S-33;X;X
;;4810;NaN;;;Germany;;X;X
Product 9181;;;3;703,44;09-06-2022;;;X;X
Product 9182;Snack;4485;94;;2022-11-07;Germany;;X;X
Product 9183;;2,982.27;NaN;;12-06-2021;Portugal;;X;X
Product 9184;Snack;381;NaN;1223;2019-03-27;France;S-44;X;X
Product 9185;Food;;NaN;;05-02-2023;;S-25;X;X
Product 9186;Food;588.92;NaN;4013;08-04-2022;Portugal;S-45;X;X
Product 9187;Food;;;2,947.20;18/07/2024;Germany;;X;X
Product 9188;Food;3,616.07;78;4,258.01;2018-11-27;;S-34;X;X
Product 9189;Food;3254,17;NaN;597;02/05/2018;Portugal;S-34;X;X
Product 9190;;4387,92;NaN;541,95;29-10-2024;;;X;X
Product 9191;Food;4,423.75;NaN;4382,78;2020/02/23;Portugal;;X;X
Product 9192;;;NaN;4,032.42;24-09-2019;France;;X;X
Product 9193;Food;1323;NaN;391.65;10-06-2020;Germany;;X;X
Product 9194;;;NaN;;2023/05/23;;;X;X
;Food;3,313.49;NaN;354,67;28/01/2019;Portugal;;X;X
Product 9196;Snack;43;;2,955.10;2018/07/07;;;X;X
Product 9197;;1,482.53;41;;2022-01-06;;;X;X
Product 9198;Drink;;28;2126,46;07-12-2020;Portugal;S-12;X;X
Product 9199;Drink;4606,94;69;;2020/11/02;France;;X;X
Product 9200;;3,591.31;;1802,49;;;S-40;X;X
Product 9201;;4841;28;2,629.12;2019/07/16;;;X;X
Product 9202;Food;2352;34;;18/02/2020;;S-32;X;X
Product 9203;Drink;3044;;;17/12/2022;Germany;;X;X
Product 9204;;;NaN;;2024-07-20;Germany;;X;X
Product 9205;Food;24.60;23;386;27-02-2018;Germany;;X;X
Product 9206;Snack;;60;1706,54;18/05/2019;;;X;X
Product 9207;;;1;4460;2022/09/08;France;;X;X
Product 9208;;3605;;2,704.20;2024-07-04;;;X;X
Product 9209;;3,410.96;;;20-08-2018;;;X;X
;Food;;;4,783.32;06/03/2019;France;;X;X
Product 9211;Snack;392.61;;;2021/09/22;;S-8;X;X
Product 9212;Drink;2495,18;45;1330,20;29-11-2020;Germany;S-26;X;X
Product 9213;Snack;4043;NaN;3,920.57;2024/07/01;Portugal;;X;X
Product 9214;Snack;4,003.05;;1348;19-02-2021;Portugal;;X;X
Product 9215;Snack;;92;1534;2019-04-07;;;X;X
Product 9216;Snack;;55;307;20/04/2023;;;X;X
Product 9217;;;68;3438;2020/09/17;France;;X;X
Product 9218;Drink;4703;44;2967,92;2024/10/24;Portugal;S-8;X;X
Product 9219;Food;1465;;;2021-08-07;Portugal;S-42;X;X
Product 9220;;;NaN;;;;;X;X
Product 9221;Food;3792,46;26;;29-07-2018;France;S-39;X;X
Product 9222;Food;1178,00;;1,889.54;2019/11/09;France;;X;X
Product 9223;Food;577.73;65;1567,24;2020/11/09;France;;X;X
Product 9224;Drink;3,610.22;;4213,65;2023-02-06;Germany;S-7;X;X
;Snack;2079,74;;2,694.83;15-11-2019;Portugal;;X;X
Product 9226;Snack;;NaN;807,60;09/04/2024;France;;X;X
Product 9227;Snack;;32;2,338.44;17/08/2024;Germany;S-34;X;X
Product 9228;Drink;1664,36;70;;2019/04/08;;;X;X
Product 9229;;4,939.36;;1644;10-02-2023;France;S-21;X;X
Product 9230;Drink;1,255.84;NaN;1166,68;16/06/2019;;;X;X
Product 9231;;2579,66;82;527.73;23/10/2023;France;;X;X
Product 9232;Drink;554;NaN;4,821.04;24/02/2021;Portugal;S-46;X;X
Product 9233;;4207;NaN;;2024-04-01;;S-26;X;X
Product 9234;Food;;NaN;3,240.85;2020-03-21;France;S-12;X;X
Product 9235;;;11;;2018/06/29;;;X;X
Product 9236;Drink;3593;;2,037.40;2022-10-13;France;S-38;X;X
Product 9237;;2035,62;65;;2022/12/23;France;;X;X
Product 9238;Drink;;;;01/06/2024;Portugal;;X;X
Product 9239;;;90;218.15;2022/09/08;Portugal;;X;X
;Snack;680.52;;;;;;X;X
Product 9241;Drink;3,506.15;NaN;658;20/05/2024;France;S-29;X;X
Product 9242;;4339,06;;986,58;06-10-2023;;S-41;X;X
Product 9243;Drink;;62;;2023/09/27;;;X;X
Product 9244;Food;;12;531.10;13/04/2024;Germany;;X;X
Product 9245;Drink;1676;;3860;2024-02-18;France;;X;X
Product 9246;Food;2592;NaN;;23-10-2023;Germany;S-28;X;X
Product 9247;;4839,00;NaN;584,69;20-04-2022;Germany;;X;X
Product 9248;Snack;1,893.84;14;2012;07-09-2019;France;;X;X
Product 9249;Drink;;NaN;;2019/04/05;Germany;S-15;X;X
Product 9250;Snack;3178;NaN;;2018-04-12;;;X;X
Product 9251;Drink;1206,36;;1830;27-06-2021;Germany;S-6;X;X
Product 9252;Food;;55;162.51;2020/10/17;Portugal;S-10;X;X
Product 9253;Food;4,801.11;48;3181,68;2024-01-19;;S-18;X;X
Product 9254;Food;;;3,222.68;2024-02-22;Germany;S-43;X;X
;;;;4127;30-01-2022;Portugal;;X;X
Product 9256;Food;3,178.70;62;;2024-08-19;;;X;X
Product 9257;Drink;;;967;19/11/2022;France;;X;X
Product 9258;Food;4361;15;;02/09/2020;;;X;X
Product 9259;Food;2091,85;;4,880.25;17/02/2024;France;S-1;X;X
Product 9260;;3999,00;98;4,117.05;;Portugal;S-46;X;X
Product 9261;Food;650,29;NaN;;2023-11-20;Germany;S-40;X;X
Product 9262;Drink;1048,53;NaN;2162;31-10-2018;;S-16;X;X
Product 9263;;2,457.71;;373;2019/12/05;;;X;X
Product 9264;Snack;;;2,370.98;2020-05-05;Germany;S-7;X;X
Product 9265;Drink;2697,93;;606.04;2019-01-26;France;S-15;X;X
Product 9266;Drink;;;4789,10;2023-09-03;;S-41;X;X
Product 9267;Drink;387;61;3477,39;09-03-2020;France;;X;X
Product 9268;Snack;1733;NaN;;2021-10-05;France;;X;X
Product 9269;Drink;;;2,627.36;2020-04-14;Germany;;X;X
;Drink;;NaN;4013,38;08-05-2022;;S-14;X;X
Product 9271;;1630;43;844.10;2022/07/15;France;;X;X
Product 9272;Snack;399,52;;;31-10-2021;France;;X;X
Product 9273;Food;826.24;38;2,428.70;2021-10-23;Germany;;X;X
Product 9274;Snack;1692,94;44;893,54;2024/03/20;;S-26;X;X
Product 9275;Food;;;2476,65;27/06/2019;Germany;;X;X
Product 9276;Drink;2163,96;;3850,56;2023-11-24;Germany;;X;X
Product 9277;Food;4556;NaN;1076;2021-06-10;France;;X;X
Product 9278;Food;4170;NaN;138.56;27-02-2018;;S-23;X;X
Product 9279;Food;1950;;;15-07-2022;France;;X;X
Product 9280;;878.02;;2596;;France;;X;X
Product 9281;Food;4967;97;4095;18/09/2020;France;;X;X
Product 9282;Food;2245,04;NaN;;2019/06/18;Portugal;S-12;X;X
Product 9283;Drink;1641,69;48;;2024-02-03;France;S-6;X;X
Product 9284;Snack;1,212.69;NaN;2378;2022-11-22;Portugal;S-13;X;X
;Snack;4,198.68;50;1,481.87;11/06/2019;Germany;;X;X
Product 9286;Drink;;NaN;846;28-04-2020;Portugal;;X;X
Product 9287;Food;455.85;NaN;1658,75;2023/07/10;Portugal;S-17;X;X
Product 9288;Food;1,048.04;84;4753;2021-12-17;Germany;;X;X
Product 9289;;4,589.82;;4761;2022/01/26;Portugal;;X;X
Product 9290;Snack;;95;;2024/08/12;France;S-2;X;X
Product 9291;Drink;2614;;;14/11/2019;Germany;;X;X
Product 9292;;;NaN;;2019/06/23;;;X;X
Product 9293;Food;;NaN;3434,63;06-06-2024;France;;X;X
Product 9294;;2,725.70;NaN;1,302.71;2023/03/11;Germany;;X;X
Product 9295;Food;2137;83;4498,46;18/10/2019;Portugal;S-31;X;X
Product 9296;;930.76;;2390,78;2018/02/16;Germany;;X;X
Product 9297;Food;;83;;2023/09/01;Germany;S-28;X;X
Product 9298;;4,907.79;NaN;4908;01/05/2024;France;;X;X
Product 9299;Food;;99;1,358.44;07-07-2023;;S-49;X;X
;Drink;2,244.18;NaN;3,230.98;;Germany;;X;X
Product 9301;;;NaN;2,912.83;2021-11-29;Portugal;;X;X
Product 9302;;4849,75;NaN;4,700.51;2020-08-08;France;;X;X
Product 9303;Snack;2,033.50;95;1360,44;22/08/2024;Germany;;X;X
Product 9304;;4119;19;4515;10/06/2023;France;;X;X
Product 9305;Drink;3188;NaN;837;15-09-2019;;S-18;X;X
Product 9306;Drink;4066;;4843;2019-11-13;Portugal;;X;X
Product 9307;Snack;2401;63;;2021-05-09;France;S-20;X;X
Product 9308;Food;4,453.54;NaN;4,749.75;16/01/2020;France;;X;X
Product 9309;Drink;964.39;;;2022-11-24;Portugal;S-44;X;X
Product 9310;Food;;NaN;1159,76;2024-01-19;France;;X;X
Product 9311;Food;2498,53;;1914,34;27-03-2021;;S-15;X;X
Product 9312;Snack;279;NaN;;2020/10/08;Portugal;S-26;X;X
Product 9313;Snack;1064;NaN;3,959.32;2021-09-13;France;S-24;X;X
Product 9314;;;NaN;1,349.81;11-06-2022;;;X;X
;Food;1,091.62;NaN;;2022/10/08;France;;X;X
Product 9316;Drink;3,879.75;30;;2021-03-06;;;X;X
Product 9317;Snack;3,727.32;NaN;3467;2023-06-01;France;S-38;X;X
Product 9318;Food;851;;990.18;17-09-2020;France;;X;X
Product 9319;Drink;;;;2018/04/19;Germany;S-36;X;X
Product 9320;Food;4613,90;NaN;3506;;France;;X;X
Product 9321;Food;1,560.86;NaN;3036,17;2023-04-09;Germany;;X;X
Product 9322;Drink;3943,30;100;1812;09/05/2019;Portugal;S-16;X;X
Product 9323;Drink;3,816.51;56;4706;11-11-2019;France;;X;X
Product 9324;Snack;1655;NaN;2563;15/11/2019;Portugal;S-15;X;X
Product 9325;Food;;NaN;2087;29-07-2021;Portugal;S-32;X;X
Product 9326;Drink;2,606.04;;3413,19;13/08/2022;Germany;;X;X
Product 9327;Food;;NaN;333,70;28-08-2021;Germany;S-17;X;X
Product 9328;Snack;;;4205;06/04/2024;Portugal;;X;X
Product 9329;Drink;3246;51;2006,76;2020-01-30;France;S-16;X;X
;Drink;;85;;2022/04/04;Germany;;X;X
Product 9331;Food;2383,38;NaN;;2021/02/27;France;S-45;X;X
Product 9332;Drink;;69;3009;2022/05/27;;;X;X
Product 9333;Snack;3188;45;2452,05;23/08/2021;France;S-42;X;X
Product 9334;Snack;;NaN;;2018-08-03;France;;X;X
Product 9335;;;;1226,75;11/03/2020;Portugal;;X;X
Product 9336;Drink;4207;;;2019-12-03;Portugal;S-19;X;X
Product 9337;Food;1900,57;73;840;05-02-2022;Germany;;X;X
Product 9338;Snack;1485;53;183.09;13-04-2020;Portugal;S-26;X;X
Product 9339;Snack;2574;;684,38;2019/03/10;Portugal;;X;X
Product 9340;;;68;1998;;Portugal;S-28;X;X
Product 9341;;2,497.31;NaN;230;15/06/2018;Portugal;S-43;X;X
Product 9342;;1,036.15;;1948;12-05-2018;;S-32;X;X
Product 9343;;3118,00;NaN;4950,89;03/04/2019;;;X;X
Product 9344;Drink;4,824.21;97;;23-05-2023;Germany;;X;X
;Snack;1417;;1,736.08;2023-07-26;;;X;X
Product 9346;Drink;;;4102,72;2018-12-28;Germany;;X;X
Product 9347;Drink;;;3491,74;07-02-2019;Portugal;S-27;X;X
Product 9348;Snack;;NaN;360;04-11-2020;Portugal;;X;X
Product 9349;;4,455.84;;1810;24/06/2018;Germany;;X;X
Product 9350;Food;3386;50;2,960.32;12/01/2024;Portugal;S-40;X;X
Product 9351;Snack;4700;NaN;1627,82;03/04/2019;France;;X;X
Product 9352;Drink;;NaN;1,442.60;28/12/2022;Portugal;;X;X
Product 9353;Drink;;38;;2022/05/23;;S-25;X;X
Product 9354;;2062;NaN;119;2023/03/03;Portugal;S-50;X;X
Product 9355;;1031,64;;;28/01/2022;Portugal;;X;X
Product 9356;;643,87;;2,987.38;03/11/2024;Portugal;;X;X
Product 9357;;1,126.94;NaN;3,309.41;03-01-2020;;S-30;X;X
Product 9358;Snack;2879,60;82;4,203.64;01-11-2022;Portugal;S-33;X;X
Product 9359;Snack;3,469.05;;2,971.02;01/09/2020;;;X;X
;Food;;68;4117,77;;France;S-22;X;X
Product 9361;;;;3668,78;13/06/2018;France;;X;X
Product 9362;;718.90;;;21/12/2019;France;S-49;X;X
Product 9363;Drink;;NaN;1389,87;2018/01/02;Germany;S-29;X;X
Product 9364;Snack;2748,62;NaN;;2024/01/25;Germany;;X;X
Product 9365;Snack;1602,34;NaN;1,260.13;2019-01-04;Germany;;X;X
Product 9366;Food;190,95;43;1933;26-11-2018;;;X;X
Product 9367;;4733;NaN;1,059.86;29-04-2018;;S-25;X;X
Product 9368;Drink;4,093.05;NaN;;2019-06-13;Germany;;X;X
Product 9369;Food;2,285.17;NaN;207.37;2022/11/13;;;X;X
Product 9370;Snack;;NaN;;2024/11/02;;S-37;X;X
Product 9371;;;;4830;2019-12-23;;S-20;X;X
Product 9372;Snack;;NaN;1,367.19;04-08-2019;Germany;;X;X
Product 9373;Snack;354;;;2023-11-12;Portugal;;X;X
Product 9374;;4630;;861.18;22/09/2023;;;X;X
;Food;3040;62;;2020/02/07;France;;X;X
Product 9376;Food;2313;29;;2019/12/20;Germany;S-23;X;X
Product 9377;Drink;;;746.18;2021/06/01;Germany;;X;X
Product 9378;Snack;1703;67;3,208.36;2020-04-13;;;X;X
Product 9379;;3058;NaN;1,523.44;09/08/2023;Portugal;;X;X
Product 9380;Drink;4881,31;NaN;;;Germany;;X;X
Product 9381;Snack;4455;;219.99;15/10/2022;Germany;S-20;X;X
Product 9382;Drink;4,482.75;52;901.12;2018/11/29;Germany;S-40;X;X
Product 9383;Food;;35;3292;24-09-2021;France;;X;X
Product 9384;Drink;670,02;33;;2023-06-23;;;X;X
Product 9385;Snack;2215;;3252;03/07/2024;Germany;;X;X
Product 9386;Snack;2569;;2638;2018-02-13;Portugal;;X;X
Product 9387;Drink;4,487.85;;3408,92;2020/01/14;;;X;X
Product 9388;Snack;3,121.33;;4,099.38;2023/08/12;;;X;X
Product 9389;Food;3,448.39;92;126,64;2021-06-06;;S-1;X;X
;Food;3695;99;3654,20;2022-12-18;Germany;S-30;X;X
Product 9391;Snack;717,06;;3,591.64;2021/12/13;Germany;;X;X
Product 9392;Food;4,712.02;;1,444.90;22/05/2021;Germany;;X;X
Product 9393;Snack;3874,21;;1,399.85;28-07-2024;Portugal;S-1;X;X
Product 9394;Drink;1971;98;2,997.80;2018-09-28;Portugal;S-4;X;X
Product 9395;;481,40;NaN;;27/06/2023;;;X;X
Product 9396;Snack;3,051.29;23;1,852.51;2018/10/03;Portugal;;X;X
Product 9397;Drink;462;;2,563.76;27/09/2019;France;S-19;X;X
Product 9398;Food;2457;;744.77;04/11/2020;Portugal;;X;X
Product 9399;;1598,35;14;2943;29/06/2023;Germany;S-7;X;X
Product 9400;Snack;4019,16;NaN;3089,09;;Portugal;;X;X
Product 9401;Drink;3,947.46;85;4,088.23;2022/08/16;France;;X;X
Product 9402;Drink;;NaN;;2019-02-09;France;;X;X
Product 9403;Food;3825;;2213;03/03/2020;France;S-15;X;X
Product 9404;Snack;2316,15;NaN;4152;2018/03/01;Portugal;S-9;X;X
;Food;2,564.45;59;4697;2023/11/14;France;S-15;X;X
Product 9406;;1500,93;NaN;1348;25-05-2020;;S-41;X;X
Product 9407;;942;42;1420;2020/12/09;;S-50;X;X
Product 9408;Snack;3,416.01;81;;2023-10-12;;;X;X
Product 9409;Snack;861,51;;;10/12/2020;France;;X;X
Product 9410;Drink;3928;NaN;734.14;05-03-2023;Germany;S-10;X;X
Product 9411;Drink;4390;NaN;817.89;20/03/2021;France;S-10;X;X
Product 9412;Food;48.03;68;1020;11/03/2020;Portugal;S-7;X;X
Product 9413;;;;2,664.94;29/07/2022;Germany;S-11;X;X
Product 9414;;1167,76;;2425;2024-04-23;;;X;X
Product 9415;Food;2879,37;;;2024-09-27;Portugal;S-48;X;X
Product 9416;Snack;880,14;;3,189.55;09-05-2021;France;;X;X
Product 9417;;4113,70;15;2462;2020-01-03;France;S-47;X;X
Product 9418;Food;1,808.49;NaN;461.86;2018-02-13;France;;X;X
Product 9419;Food;1767;32;4891,59;18/11/2018;Portugal;;X;X
;;2914,97;;;;France;;X;X
Product 9421;Drink;3537;56;1649,49;02-02-2022;Germany;S-38;X;X
Product 9422;Snack;;NaN;;22-07-2020;Germany;S-41;X;X
Product 9423;;3038;99;;01/01/2024;Portugal;;X;X
Product 9424;Drink;442.70;;;2019-05-04;Germany;;X;X
Product 9425;Food;4521;;2224;12-09-2021;Portugal;;X;X
Product 9426;Snack;1512,43;70;4196,32;25/02/2023;;S-38;X;X
Product 9427;Food;431,72;82;1771,69;2020-05-14;Germany;;X;X
Product 9428;Food;4774,06;;;16-09-2022;France;;X;X
Product 9429;;1019;;468,04;21/09/2021;Germany;;X;X
Product 9430;Snack;3,705.07;NaN;3,261.13;05-01-2022;Portugal;;X;X
Product 9431;Drink;1309;69;4,541.33;2023-04-13;France;;X;X
Product 9432;;2,364.96;50;;2021/11/05;France;S-50;X;X
Product 9433;Food;;85;834;2020/04/11;;S-2;X;X
Product 9434;Food;;47;1683,83;2020/03/05;;;X;X
;Snack;;40;1029;2020/09/26;;;X;X
Product 9436;Food;;;566,22;2022/06/21;France;;X;X
Product 9437;Food;1,196.08;;3,534.99;04/09/2018;Portugal;;X;X
Product 9438;;579,87;;3643,52;03-10-2022;;S-23;X;X
Product 9439;Food;753.69;;390.20;2018/12/01;;;X;X
Product 9440;;3,096.23;13;2,205.57;;Germany;;X;X
Product 9441;Snack;2,512.50;NaN;118.14;2020/09/19;Portugal;S-43;X;X
Product 9442;Snack;197;84;661,49;2021/07/11;Germany;;X;X
Product 9443;Snack;2960;NaN;;2023/05/23;France;S-50;X;X
Product 9444;Snack;2,802.42;;1,142.56;2018/01/29;;S-26;X;X
Product 9445;;3090,35;;;09/11/2020;Germany;;X;X
Product 9446;Food;2780,29;NaN;3873,30;2023-05-24;Germany;;X;X
Product 9447;Snack;;NaN;;2018-10-03;France;S-15;X;X
Product 9448;;1510;88;;01/10/2023;Portugal;;X;X
Product 9449;Food;788,92;81;2106,00;2023-05-28;;S-13;X;X
;;4122,51;NaN;3750,25;12-12-2023;Germany;S-46;X;X
Product 9451;Snack;3380,50;84;;2024-06-13;Germany;;X;X
Product 9452;;2565,68;NaN;;2020-12-12;France;;X;X
Product 9453;;3,353.51;;;28-10-2023;France;S-24;X;X
Product 9454;Food;1,604.67;NaN;;01-02-2022;;S-44;X;X
Product 9455;Snack;470.50;NaN;2803,55;21/02/2023;France;S-26;X;X
Product 9456;Food;;13;2880;2024/02/23;Portugal;;X;X
Product 9457;Food;;;2870,77;2022/10/29;Portugal;;X;X
Product 9458;Drink;2445;10;432,06;2023-10-31;;;X;X
Product 9459;Food;4869,00;;643;2018-04-10;Portugal;S-40;X;X
Product 9460;Food;4556,42;90;2,909.27;;Germany;;X;X
Product 9461;Drink;56.73;;2,630.11;2019/07/28;France;;X;X
Product 9462;Food;3453,91;NaN;1,599.16;2020-09-18;Germany;;X;X
Product 9463;Snack;;44;;01/11/2021;Germany;S-50;X;X
Product 9464;;1452;78;1,845.51;2020-02-05;France;;X;X
;Drink;4065,70;76;;28-12-2021;Portugal;S-2;X;X
Product 9466;Drink;560.07;;;11-03-2020;Portugal;;X;X
Product 9467;Food;3908,61;;955.59;2018/04/28;Germany;;X;X
Product 9468;Drink;3,817.21;NaN;275,91;02/01/2018;;;X;X
Product 9469;Snack;1362;33;4218,89;2021/03/16;Portugal;;X;X
Product 9470;Food;;68;4237;15-12-2018;;;X;X
Product 9471;Food;;85;3,901.90;2018/12/14;Portugal;;X;X
Product 9472;Snack;;NaN;;2024/05/21;Germany;S-13;X;X
Product 9473;Food;3849;NaN;4567,73;26/07/2021;Portugal;S-45;X;X
Product 9474;Food;;21;;19/08/2023;France;;X;X
Product 9475;Food;2,268.91;NaN;1900,82;2018/11/16;France;S-18;X;X
Product 9476;Snack;;;4904;26/07/2020;Portugal;;X;X
Product 9477;Food;760,12;34;;20-08-2023;Portugal;S-18;X;X
Product 9478;Snack;4,127.55;NaN;1467;2018-02-15;;;X;X
Product 9479;Snack;588,36;;4621;2018/05/13;Portugal;S-18;X;X
;;;NaN;3,025.32;;Germany;;X;X
Product 9481;Snack;4798,41;;;13/12/2019;Germany;;X;X
Product 9482;Drink;464,11;5;;07-02-2020;Portugal;;X;X
Product 9483;Drink;;NaN;;15/08/2021;Germany;;X;X
Product 9484;;4882,77;;2923,48;2021/02/04;France;S-1;X;X
Product 9485;Food;;;2635,23;23-10-2023;Germany;S-32;X;X
Product 9486;Drink;4,298.57;42;1409,06;28-12-2021;Portugal;;X;X
Product 9487;Snack;;NaN;995.55;2023/03/25;Portugal;S-12;X;X
Product 9488;Drink;4348,23;NaN;2081,00;17/06/2021;Portugal;;X;X
Product 9489;;68;58;4135;09/07/2022;Germany;;X;X
Product 9490;;;68;4,294.14;06/10/2019;;S-40;X;X
Product 9491;Food;1,986.07;22;4563,37;2021-08-09;;;X;X
Product 9492;Drink;4,306.48;;1006;08/07/2020;Germany;S-35;X;X
Product 9493;;4,934.07;;3,098.16;30-03-2021;Germany;S-47;X;X
Product 9494;;;;588,48;28-01-2023;France;;X;X
;Snack;;6;4,834.79;2023-09-30;France;S-43;X;X
Product 9496;Snack;540;71;2,810.91;10/08/2023;;;X;X
Product 9497;;2614,57;NaN;504.21;31/05/2019;Portugal;;X;X
Product 9498;Drink;;70;3115,79;2022/06/17;Germany;S-4;X;X
Product 9499;Food;4333,24;86;1555;2023-05-07;;;X;X
Product 9500;Snack;1371,74;NaN;806.47;;Germany;S-4;X;X
Product 9501;Snack;2,797.17;66;;2018/11/22;France;;X;X
Product 9502;Food;1,248.24;NaN;622,74;17-11-2018;France;;X;X
Product 9503;Snack;1491,22;32;3820,34;2020/05/02;France;;X;X
Product 9504;Drink;;;;20-07-2023;Germany;;X;X
Product 9505;Drink;;;741.40;2023/03/24;France;S-20;X;X
Product 9506;Food;1,465.76;69;3,562.09;13-09-2019;Germany;S-25;X;X
Product 9507;Food;3,115.26;;342,86;12-07-2021;Portugal;;X;X
Product 9508;;1217;NaN;196;2024/09/30;Portugal;S-34;X;X
Product 9509;Food;2998,89;NaN;3785,26;18-07-2020;France;;X;X
;Drink;;NaN;4573,90;2019-12-23;Germany;;X;X
Product 9511;Food;932;NaN;;10-10-2018;Portugal;;X;X
Product 9512;Drink;4,566.67;20;4039;2019-02-05;Germany;S-18;X;X
Product 9513;;3429;97;2816,85;2018/11/02;;;X;X
Product 9514;;3713;;1,407.54;03/02/2020;Germany;;X;X
Product 9515;Drink;1581,82;10;;2018-08-23;Portugal;;X;X
Product 9516;;1057,86;70;;30/03/2024;France;S-11;X;X
Product 9517;Food;;;;19/01/2023;France;;X;X
Product 9518;Snack;3,908.62;NaN;;2022-04-06;Germany;S-9;X;X
Product 9519;Drink;4,596.69;22;3,353.49;2020/08/15;France;S-13;X;X
Product 9520;Snack;3,891.43;NaN;512,79;;Portugal;S-39;X;X
Product 9521;Snack;2,141.83;;252;25/06/2022;France;;X;X
Product 9522;;;NaN;1670,37;23-05-2019;France;;X;X
Product 9523;Drink;977.26;51;2984;2023-10-11;Portugal;;X;X
Product 9524;Food;726.85;;698.05;14/01/2020;Germany;;X;X
;Drink;2659,45;35;1,918.28;13-07-2022;;S-40;X;X
Product 9526;Drink;1,290.49;NaN;822,17;19-09-2020;France;;X;X
Product 9527;Snack;;NaN;;28-06-2020;;;X;X
Product 9528;;1820;72;3,877.83;30-06-2024;Germany;;X;X
Product 9529;;2066;58;3218;2024-10-26;France;S-30;X;X
Product 9530;Drink;;NaN;;12-12-2022;Germany;;X;X
Product 9531;;4718;;4,055.96;2018-05-29;France;;X;X
Product 9532;Drink;491.32;94;1,140.93;21-02-2019;Germany;S-50;X;X
Product 9533;Food;2455,47;NaN;;2020/12/27;;;X;X
Product 9534;Snack;;NaN;4550;09/04/2020;France;S-49;X;X
Product 9535;;;;197;25/06/2019;Portugal;;X;X
Product 9536;Drink;1,664.58;NaN;4536;16-01-2019;France;S-31;X;X
Product 9537;Snack;;;2572,96;2021-06-19;Portugal;;X;X
Product 9538;Food;1998,18;;2477;23/09/2019;Germany;S-32;X;X
Product 9539;Drink;1300;69;3,735.06;2020-09-26;Portugal;;X;X
;;24,35;NaN;4962,11;;Portugal;S-15;X;X
Product 9541;Food;554;NaN;3992,82;2022/07/09;;;X;X
Product 9542;Food;1265,31;50;;2020-10-12;Portugal;S-35;X;X
Product 9543;Drink;1,849.36;NaN;;2020/06/22;;S-32;X;X
Product 9544;Food;2720;NaN;;2024-06-04;Portugal;S-8;X;X
Product 9545;;;;1117,47;2018-11-16;;;X;X
Product 9546;Drink;4458,16;NaN;4,632.50;2023-10-04;Germany;;X;X
Product 9547;Snack;;NaN;2,325.74;06/03/2018;Germany;S-13;X;X
Product 9548;Food;591;;4203;2019-05-25;Germany;S-33;X;X
Product 9549;;1933,55;78;2405;2021-12-02;Portugal;;X;X
Product 9550;;;NaN;;2020/01/17;;S-3;X;X
Product 9551;Snack;380.64;NaN;1042,70;2020-10-13;France;;X;X
Product 9552;Snack;1998,34;30;2219,59;2019-11-08;France;S-24;X;X
Product 9553;Food;3913;;511.27;2021/06/10;France;;X;X
Product 9554;Food;1698;NaN;3938,57;04-09-2022;Germany;;X;X
;Snack;1895;;29;2024/10/03;France;S-49;X;X
Product 9556;;4,548.83;NaN;4,118.27;06/09/2021;Germany;;X;X
Product 9557;Drink;3,707.59;84;866.53;16-06-2022;Portugal;S-14;X;X
Product 9558;Drink;1898;;4,661.77;2021/10/08;France;;X;X
Product 9559;;4,624.50;84;3387;2021/12/18;;;X;X
Product 9560;;2499,16;NaN;2,648.88;;Portugal;;X;X
Product 9561;Snack;4943,19;78;1,071.68;2019-11-16;;;X;X
Product 9562;Food;992;56;3,282.86;2023-12-11;Germany;;X;X
Product 9563;;3159;NaN;4,121.46;2024/02/19;Germany;;X;X
Product 9564;Snack;1404;;720;2024/07/03;;;X;X
Product 9565;Snack;4238;NaN;380,69;2021/04/25;Germany;;X;X
Product 9566;Food;;;1292;08-11-2023;Portugal;;X;X
Product 9567;Food;143.31;27;4,765.15;2020/08/24;;S-46;X;X
Product 9568;;4962,38;NaN;961,51;30-01-2024;France;S-29;X;X
Product 9569;;;NaN;;16/09/2018;Germany;;X;X
;Drink;3,217.64;53;;2020/01/12;France;;X;X
Product 9571;Snack;760.94;NaN;2259,97;23-05-2018;;;X;X
Product 9572;Drink;;NaN;;2018-04-16;France;;X;X
Product 9573;;;86;540.15;2018/07/15;Portugal;S-39;X;X
Product 9574;Drink;4,535.49;NaN;1785,82;28/08/2021;;S-1;X;X
Product 9575;Snack;;39;2,429.85;10-05-2023;Portugal;;X;X
Product 9576;;3,718.72;;1508,97;2018-12-26;Germany;;X;X
Product 9577;;1,952.89;;140;2019/12/13;France;;X;X
Product 9578;Food;2675,40;NaN;1,172.52;27-09-2019;Germany;S-17;X;X
Product 9579;Food;4711;NaN;3490,39;28/12/2020;Germany;;X;X
Product 9580;Drink;;6;1244,66;;France;S-17;X;X
Product 9581;Food;107.38;NaN;;2021-01-27;Portugal;;X;X
Product 9582;Drink;1293,19;NaN;;2023/11/24;Germany;;X;X
Product 9583;Food;2031;NaN;4734,26;2019/06/02;Germany;;X;X
Product 9584;Food;165,73;NaN;3,828.18;2020/06/12;;S-43;X;X
;Food;;;;2018/03/20;Portugal;S-29;X;X
Product 9586;Snack;4017;;;2023-09-29;Germany;S-49;X;X
Product 9587;Drink;4280,66;70;1459;2021/04/09;Germany;S-5;X;X
Product 9588;Food;1202;NaN;554,72;09-08-2020;Portugal;S-31;X;X
Product 9589;Food;2,809.86;79;;19/09/2023;France;;X;X
Product 9590;Snack;;NaN;;2018/12/03;Germany;;X;X
Product 9591;Drink;4064,76;NaN;572;19/08/2024;Germany;;X;X
Product 9592;;;;;19/02/2021;;S-13;X;X
Product 9593;;;;4605;17-02-2021;Germany;;X;X
Product 9594;;4639;NaN;;01-07-2020;France;;X;X
Product 9595;Food;3562;;1890;2019/06/22;Portugal;;X;X
Product 9596;Drink;4381,36;;3,924.03;15-01-2023;Portugal;S-19;X;X
Product 9597;Snack;1,524.40;6;4597;2020-03-16;Germany;;X;X
Product 9598;;2969;74;2990,16;27/11/2022;Portugal;S-42;X;X
Product 9599;Drink;;54;914.91;2024/03/06;;S-11;X;X
;Drink;2138;NaN;;;France;;X;X
Product 9601;Drink;1468,42;;;27-01-2022;Germany;;X;X
Product 9602;Snack;;NaN;3072;2018-10-06;France;S-38;X;X
Product 9603;Snack;4212;;4,967.11;2024-01-21;Germany;;X;X
Product 9604;Snack;4,223.70;85;1660;04/05/2022;France;;X;X
Product 9605;Food;2,373.25;3;;09/06/2021;France;;X;X
Product 9606;Food;2502,45;NaN;1895;04-11-2021;Germany;;X;X
Product 9607;Drink;561,23;85;;14-10-2024;Germany;;X;X
Product 9608;;;;3,340.10;03/12/2022;Germany;;X;X
Product 9609;Snack;1023;3;204,18;23/03/2022;France;;X;X
Product 9610;Drink;2304;;;05-11-2021;Germany;;X;X
Product 9611;Drink;3485;37;2558;30/08/2022;;S-31;X;X
Product 9612;Snack;2,925.38;NaN;4,629.18;26-06-2019;;S-49;X;X
Product 9613;Food;1565,22;;4853,08;17/08/2023;;;X;X
Product 9614;Drink;4,080.57;;1,172.66;2021-02-17;Portugal;;X;X
;Drink;2,754.01;88;3,376.53;03/03/2024;France;;X;X
Product 9616;Snack;;NaN;4385,96;2021/05/14;;;X;X
Product 9617;;3592,16;;;24/01/2022;Portugal;;X;X
Product 9618;Drink;;NaN;3,738.80;24/12/2022;Portugal;S-33;X;X
Product 9619;Food;63,80;;4773;25/02/2021;France;;X;X
Product 9620;;627;;;;Germany;;X;X
Product 9621;;3181;65;3181;2018-06-09;France;S-49;X;X
Product 9622;Snack;2242,36;NaN;;31/10/2024;France;;X;X
Product 9623;Food;3,688.33;;;17-09-2024;France;;X;X
Product 9624;Drink;204;NaN;2,272.76;2024/10/22;Germany;S-43;X;X
Product 9625;Snack;4369;94;4436,58;2019-10-01;;S-22;X;X
Product 9626;Food;2797,19;1;725,11;2023-08-09;France;;X;X
Product 9627;Drink;3494;NaN;961;31-05-2023;Germany;;X;X
Product 9628;Food;868.65;NaN;954,36;2018-10-10;;;X;X
Product 9629;Snack;1566;15;;2021/10/27;;;X;X
;;3,869.34;100;2318,17;04/02/2024;;;X;X
Product 9631;Food;;49;3611,41;29-08-2019;Germany;;X;X
Product 9632;;;NaN;650,86;03/08/2024;Portugal;S-10;X;X
Product 9633;Drink;;;4,200.72;21-01-2022;;;X;X
Product 9634;;3292,17;NaN;902;2019/08/10;;S-20;X;X
Product 9635;Food;3297,72;;311;2022-01-06;;;X;X
Product 9636;Food;;NaN;1852,49;2022/09/22;France;;X;X
Product 9637;Food;;5;;21/06/2021;Portugal;;X;X
Product 9638;Snack;;;;10-12-2020;France;S-26;X;X
Product 9639;Drink;;NaN;613,72;2023-03-10;Portugal;;X;X
Product 9640;Drink;479,28;89;253.97;;;S-46;X;X
Product 9641;Drink;1,708.26;NaN;354;04/07/2023;France;S-10;X;X
Product 9642;Food;4417,66;58;1424,51;07/09/2023;Portugal;;X;X
Product 9643;Food;;NaN;;2024-06-07;Portugal;S-2;X;X
Product 9644;Snack;4798;;;11/01/2019;;S-38;X;X
;Snack;364,92;NaN;;2023-09-27;France;;X;X
Product 9646;;2438,21;;700,93;2019-03-02;Germany;;X;X
Product 9647;;;;;2019-03-27;Germany;;X;X
Product 9648;Snack;596;;;21/12/2018;France;;X;X
Product 9649;Snack;4665;;1,740.30;2023-09-29;Portugal;;X;X
Product 9650;;1272,89;;4978;22/01/2022;;;X;X
Product 9651;Snack;4,839.18;;4350;05-03-2018;;;X;X
Product 9652;Snack;;32;4,570.61;2020/03/04;Portugal;S-32;X;X
Product 9653;;1816;NaN;2412;23/07/2023;;;X;X
Product 9654;Food;862;;821,42;20/01/2021;;;X;X
Product 9655;Snack;;57;3929,92;2021/04/17;Portugal;S-26;X;X
Product 9656;Snack;1064;NaN;1,816.61;2018/05/09;Portugal;;X;X
Product 9657;Snack;4,850.34;78;;2024-01-09;Portugal;;X;X
Product 9658;;;80;;2020-01-01;Germany;;X;X
Product 9659;Food;;87;3988,19;18-01-2023;Portugal;;X;X
;Snack;2292,46;NaN;31;;France;;X;X
Product 9661;Food;2343,78;;1355;2019-12-23;France;S-8;X;X
Product 9662;Drink;3162;;280.04;2023/02/16;;;X;X
Product 9663;;1211;;;12-05-2021;;;X;X
Product 9664;Drink;4,657.11;NaN;1,992.36;19/06/2019;;S-30;X;X
Product 9665;Drink;432,73;NaN;2574,79;26-04-2023;;;X;X
Product 9666;Snack;2,753.01;NaN;930;24/11/2020;;S-43;X;X
Product 9667;;;;4,156.71;2024-06-03;France;;X;X
Product 9668;Food;2415,35;100;4,847.64;02-04-2019;;;X;X
Product 9669;Drink;;NaN;;10/01/2020;Portugal;S-23;X;X
Product 9670;;2059,67;20;772.86;16/04/2024;Germany;;X;X
Product 9671;Snack;;25;;2023/01/01;Germany;S-26;X;X
Product 9672;Drink;1,802.93;NaN;280,55;06/05/2019;France;S-14;X;X
Product 9673;Food;2,746.57;;3149,79;21-09-2023;;;X;X
Product 9674;Drink;4144;59;;2018/02/02;Portugal;;X;X
;;;;;2023/12/06;Portugal;S-3;X;X
Product 9676;Food;1,537.19;NaN;2096,37;2024/09/14;France;;X;X
Product 9677;Snack;4875,46;97;;23/10/2024;Germany;;X;X
Product 9678;;4,145.54;;;29-11-2023;Germany;S-3;X;X
Product 9679;Drink;;;;09-03-2024;Germany;S-36;X;X
Product 9680;Snack;48,13;;3573,21;;Germany;;X;X
Product 9681;Snack;2,235.09;;;12-09-2019;France;S-37;X;X
Product 9682;Snack;2437,09;45;3219,98;07-03-2019;;;X;X
Product 9683;;;NaN;221;04-07-2024;;;X;X
Product 9684;;;NaN;2,958.65;29-10-2018;;;X;X
Product 9685;Snack;3,757.30;;3697;06-12-2023;France;;X;X
Product 9686;Snack;;;2,868.41;2023/07/26;Germany;;X;X
Product 9687;Drink;4002,74;NaN;4895;2020-12-21;Portugal;S-27;X;X
Product 9688;Food;2,853.20;;3066,14;2018/12/18;;;X;X
Product 9689;Snack;1364;NaN;;06-08-2023;Germany;S-23;X;X
;Food;;NaN;427,11;16-11-2019;Portugal;;X;X
Product 9691;;2458;NaN;;2020/11/27;Germany;S-41;X;X
Product 9692;;;;3,047.53;2023-01-10;;;X;X
Product 9693;Snack;4,669.35;;2,082.54;2022-07-22;Portugal;;X;X
Product 9694;Snack;3078;15;697;2023-06-02;Germany;S-2;X;X
Product 9695;Food;;6;1681;01/01/2018;France;;X;X
Product 9696;Food;3992;7;2227;01-12-2022;Portugal;S-33;X;X
Product 9697;;;;4405,63;2020-10-03;France;;X;X
Product 9698;Drink;1,583.31;;3099;2024-08-14;Portugal;S-27;X;X
Product 9699;;;;3595,35;2019/04/02;France;S-38;X;X
Product 9700;Drink;1802;44;2606,71;;Germany;S-2;X;X
Product 9701;Snack;449.06;;2169,32;21/06/2023;;;X;X
Product 9702;Drink;;NaN;1,160.68;2018/02/11;Portugal;;X;X
Product 9703;Snack;4989;;1328,22;08/01/2022;Germany;;X;X
Product 9704;;2492;NaN;;2020-02-09;France;;X;X
;Snack;17,46;NaN;4385,81;2024-08-09;France;S-33;X;X
Product 9706;Food;969;NaN;4,553.76;2020/04/03;Portugal;S-5;X;X
Product 9707;Snack;3,823.57;;616.67;10-05-2020;Portugal;;X;X
Product 9708;Food;;59;1,242.09;08-07-2021;Germany;;X;X
Product 9709;;;37;1,457.41;02-04-2021;;;X;X
Product 9710;Food;3,057.28;NaN;2670;01-07-2023;Portugal;;X;X
Product 9711;Drink;291.74;;3,329.70;2022/04/04;Portugal;;X;X
Product 9712;Snack;;;;14/05/2021;;S-14;X;X
Product 9713;Food;3316;NaN;1288;08-09-2018;Germany;;X;X
Product 9714;Food;1726;50;4072,42;28-03-2022;;S-31;X;X
Product 9715;;4,762.23;98;2026;2021/03/13;;;X;X
Product 9716;Snack;1207,61;62;2079,05;05-09-2018;France;;X;X
Product 9717;Food;;NaN;3,953.32;29-05-2018;France;;X;X
Product 9718;;3767;NaN;;2020-03-16;Germany;;X;X
Product 9719;Snack;3877,80;14;2757;2023-10-05;Germany;;X;X
;Food;3,662.20;67;4881,84;;Germany;;X;X
Product 9721;Food;;;;2021/06/09;Portugal;;X;X
Product 9722;Snack;2,574.70;83;1508,31;2019-10-30;;S-16;X;X
Product 9723;Drink;3236;NaN;3150;17/04/2018;Portugal;;X;X
Product 9724;Snack;;;;2018-01-02;;S-50;X;X
Product 9725;Snack;1,840.48;NaN;3269,12;05-01-2019;Germany;;X;X
Product 9726;Drink;1,712.99;;2117,92;2023/04/23;France;;X;X
Product 9727;Food;2410,94;NaN;;08/06/2021;Germany;S-8;X;X
Product 9728;Snack;309;36;;2022-04-09;;S-15;X;X
Product 9729;Drink;4,202.81;NaN;153.25;2020/07/11;;;X;X
Product 9730;Drink;;68;4753;2020/03/24;France;;X;X
Product 9731;;3,002.40;86;;01/10/2023;Germany;;X;X
Product 9732;Food;;NaN;;2021-04-26;Portugal;S-5;X;X
Product 9733;Snack;2,172.38;;;2022/10/31;France;S-18;X;X
Product 9734;Drink;4,964.55;NaN;;23/03/2024;Portugal;;X;X
;Food;747;NaN;4079,17;2023-11-01;Portugal;;X;X
Product 9736;;3,485.76;;4898,58;2020/04/08;Germany;S-31;X;X
Product 9737;Snack;3,866.65;93;3876,33;2019/07/27;France;;X;X
Product 9738;Drink;2,326.77;NaN;912,82;30/06/2022;Germany;S-8;X;X
Product 9739;;2,486.46;1;;20-01-2021;;;X;X
Product 9740;;931.19;NaN;;;Germany;S-9;X;X
Product 9741;;510.04;;;17/06/2018;France;S-20;X;X
Product 9742;Food;;;35;02-10-2018;;;X;X
Product 9743;Snack;4122,76;38;;2023-01-12;France;;X;X
Product 9744;Snack;34;49;3313,87;2019/06/11;Germany;;X;X
Product 9745;Snack;712.87;NaN;;08/04/2020;Germany;S-18;X;X
Product 9746;Drink;1254,92;80;346;15-10-2022;;;X;X
Product 9747;;;NaN;2,182.10;2023-01-23;Portugal;S-38;X;X
Product 9748;Snack;55.70;NaN;1661;11/03/2018;France;;X;X
Product 9749;Drink;955.44;;321;2019-06-27;Germany;;X;X
;Drink;3,414.00;;332.30;18-04-2024;;;X;X
Product 9751;Snack;2666;NaN;2509,51;2024/06/02;;;X;X
Product 9752;Drink;1993,12;NaN;875,11;11/09/2023;Portugal;S-21;X;X
Product 9753;;;;3933;2022-01-29;Germany;;X;X
Product 9754;Drink;4454,26;;895.23;2023/04/17;Germany;;X;X
Product 9755;Snack;1,346.91;78;4065;2019/03/05;Portugal;S-20;X;X
Product 9756;Snack;2199;;;2022/02/23;Portugal;;X;X
Product 9757;Food;3763,71;;2930;26/05/2024;Portugal;S-33;X;X
Product 9758;Snack;;NaN;4,430.50;02/01/2022;France;S-12;X;X
Product 9759;;;NaN;2111,20;06-05-2021;Portugal;;X;X
Product 9760;Drink;;75;3035,10;;Portugal;;X;X
Product 9761;;1478;NaN;3206;2018/02/08;Germany;;X;X
Product 9762;;1,535.82;54;3,669.07;2024-01-26;France;S-42;X;X
Product 9763;Food;;NaN;4540,87;2019/01/22;Germany;;X;X
Product 9764;Drink;3,328.44;95;4,093.32;22/07/2019;Portugal;;X;X
;;2,317.84;NaN;;2022-08-15;France;;X;X
Product 9766;Snack;2175,38;;4,773.01;31-08-2020;Germany;;X;X
Product 9767;Snack;1,616.04;;;2022/12/04;Germany;S-43;X;X
Product 9768;;;NaN;508,99;2020/09/16;France;S-20;X;X
Product 9769;Snack;;NaN;528,06;2020/01/20;Portugal;;X;X
Product 9770;;2611;87;4852,52;2021-12-11;;S-30;X;X
Product 9771;;3083;;4890;2019/08/31;;;X;X
Product 9772;;3,629.14;25;2610;19-10-2020;;;X;X
Product 9773;;2,630.87;;337.45;2023/12/27;France;;X;X
Product 9774;;3178,30;;4,782.20;20-02-2024;France;S-39;X;X
Product 9775;Food;;NaN;1,875.35;01/01/2021;Germany;;X;X
Product 9776;Food;;NaN;454.07;2020-02-28;France;;X;X
Product 9777;;4,568.53;NaN;4953;2019/05/03;France;;X;X
Product 9778;Food;3388,60;95;;10/03/2022;Portugal;;X;X
Product 9779;Drink;3466,93;82;137,42;20/06/2024;;S-48;X;X
;Snack;1190,11;42;3,598.02;;Germany;;X;X
Product 9781;Drink;2969;85;3,119.40;27-08-2018;Germany;;X;X
Product 9782;Snack;;;542.37;2023-05-13;France;S-3;X;X
Product 9783;Drink;4819;;2720;01/12/2023;France;;X;X
Product 9784;Snack;3896,89;NaN;818.59;2024/09/25;France;S-28;X;X
Product 9785;Food;638,83;;4,620.79;2021-02-04;Portugal;S-38;X;X
Product 9786;;;8;608,14;04/11/2022;Portugal;S-44;X;X
Product 9787;Drink;;NaN;1,555.50;2021-08-14;Portugal;;X;X
Product 9788;;3189,48;;4242,44;2022-03-17;France;;X;X
Product 9789;Food;;NaN;396;2023/09/12;Germany;;X;X
Product 9790;;1115;NaN;;2019/01/09;Portugal;;X;X
Product 9791;;;;3149,55;2022/02/04;France;;X;X
Product 9792;Food;468;NaN;1,287.93;04/04/2024;France;S-17;X;X
Product 9793;Food;;;390.80;03/08/2018;France;;X;X
Product 9794;Food;1233;73;86,51;21-01-2024;;;X;X
;Snack;3620,80;82;1,570.71;10-09-2018;Portugal;S-11;X;X
Product 9796;Food;4452,89;NaN;2912;2021/08/22;;S-32;X;X
Product 9797;Snack;1155;12;1,222.48;25/12/2018;Portugal;;X;X
Product 9798;Food;925.99;;4522;2024-01-04;Portugal;;X;X
Product 9799;Snack;;67;1734,30;2019-06-23;France;S-50;X;X
Product 9800;;844,48;58;4,646.50;;Portugal;;X;X
Product 9801;Snack;;NaN;2678;2023/12/02;France;S-16;X;X
Product 9802;Food;;NaN;1009,34;25-08-2018;France;;X;X
Product 9803;Food;;;2191,03;10-05-2022;Germany;S-30;X;X
Product 9804;Food;1139;;;20/07/2023;France;S-10;X;X
Product 9805;Drink;3075;14;2072;2024-05-22;;S-22;X;X
Product 9806;Drink;36;95;892.96;2021-04-11;France;;X;X
Product 9807;;1601;NaN;22,62;08/01/2023;Portugal;;X;X
Product 9808;Drink;;;2924,78;04/06/2021;;;X;X
Product 9809;Drink;3893;NaN;4165,72;05-03-2020;;;X;X
;Drink;;23;;27-05-2019;France;;X;X
Product 9811;Snack;;;;08-01-2018;France;;X;X
Product 9812;Snack;1086,00;NaN;3,185.11;2020-03-27;Germany;;X;X
Product 9813;Food;748,09;NaN;738.86;2019/12/17;Portugal;;X;X
Product 9814;;78.50;;4068,84;11/03/2024;Portugal;S-46;X;X
Product 9815;Drink;;;;09-05-2022;Portugal;;X;X
Product 9816;Food;;64;864,05;01/03/2024;Germany;S-26;X;X
Product 9817;Food;3,357.40;;;2021-03-11;;S-16;X;X
Product 9818;Food;3,414.48;NaN;2703,41;30/04/2022;Germany;;X;X
Product 9819;Drink;;;;23/10/2023;Portugal;;X;X
Product 9820;Food;;99;1,209.53;;Germany;;X;X
Product 9821;Food;1,024.44;43;4577,65;16-03-2021;France;S-4;X;X
Product 9822;Drink;850.06;NaN;;2022-10-03;France;;X;X
Product 9823;Drink;;NaN;4415,18;17-03-2019;Germany;S-18;X;X
Product 9824;Food;1,339.51;53;2,273.12;2021/03/20;France;;X;X
;;2991,95;;370,89;20-07-2020;Portugal;;X;X
Product 9826;Food;;90;2154;13-07-2022;France;;X;X
Product 9827;;25,44;20;3215;20-05-2024;Portugal;;X;X
Product 9828;;2901,30;;2128;2022/08/09;France;;X;X
Product 9829;Food;3016;NaN;1166,70;06/03/2021;Germany;;X;X
Product 9830;Food;;5;250.88;2020-08-03;France;;X;X
Product 9831;Snack;1981,65;NaN;;2019/11/12;;;X;X
Product 9832;;3,738.95;10;413,05;03-02-2021;Portugal;;X;X
Product 9833;;4,880.81;49;;16-03-2022;Portugal;S-45;X;X
Product 9834;Drink;2066;NaN;2,224.94;2018-03-14;;S-14;X;X
Product 9835;Drink;;;3376;26-03-2018;;S-18;X;X
Product 9836;Snack;3,867.75;;1,295.39;08-07-2020;France;;X;X
Product 9837;;3322;36;;10/06/2022;Portugal;;X;X
Product 9838;Food;3070;;469,93;2020/01/12;Germany;S-32;X;X
Product 9839;;;;2699,37;2019/05/19;Portugal;;X;X
;Drink;3974,80;1;4,418.62;;France;S-31;X;X
Product 9841;Food;;NaN;3260,05;2018-10-24;;;X;X
Product 9842;Drink;;49;2,535.23;12/08/2018;Germany;S-16;X;X
Product 9843;Drink;1463;NaN;2,832.93;2021-07-11;Portugal;S-32;X;X
Product 9844;Drink;3192,50;;257,73;2023/07/14;France;S-16;X;X
Product 9845;Drink;72;36;4394;10-02-2020;France;;X;X
Product 9846;Drink;3,756.14;;3,031.28;29/05/2020;France;;X;X
Product 9847;;;82;4524;2021-08-28;;;X;X
Product 9848;;2176;NaN;;2020-01-18;France;;X;X
Product 9849;Snack;;;2005,09;04-11-2022;;S-35;X;X
Product 9850;Snack;3,963.88;5;;20/09/2019;Germany;S-26;X;X
Product 9851;Food;2697,81;43;3879,80;22/02/2024;Germany;;X;X
Product 9852;;3721;;;2023-02-01;France;;X;X
Product 9853;Snack;653,84;NaN;181,55;09-11-2020;Germany;;X;X
Product 9854;Snack;;;467,70;11-09-2024;Germany;S-46;X;X
;;2183,72;NaN;4,233.74;25-06-2023;Portugal;S-44;X;X
Product 9856;;;94;;2023-04-07;;S-7;X;X
Product 9857;Food;2711;45;;07/05/2021;France;S-3;X;X
Product 9858;;;61;2008;09-03-2024;Germany;;X;X
Product 9859;;452.85;84;;12-06-2021;France;;X;X
Product 9860;;4883;;4456;;Portugal;;X;X
Product 9861;Drink;1227;;4925;03-11-2023;Germany;;X;X
Product 9862;Food;;;2412,66;2020-03-13;;;X;X
Product 9863;Snack;2,540.56;NaN;954,58;2019/10/01;;;X;X
Product 9864;;;;;2022/03/19;France;S-39;X;X
Product 9865;Food;788;;4060,02;02-07-2023;France;;X;X
Product 9866;;288.79;;;21/05/2018;Portugal;S-12;X;X
Product 9867;Food;;NaN;4,883.75;2021-01-24;Portugal;;X;X
Product 9868;Snack;1,402.09;97;3,243.36;2019/06/06;Portugal;;X;X
Product 9869;Food;1,326.09;93;3,984.87;2022-08-01;France;S-3;X;X
;;1,490.85;;1722,67;2019/11/02;Portugal;;X;X
Product 9871;Food;;;1,991.57;26-09-2024;Germany;;X;X
Product 9872;Snack;2,974.32;20;1,721.40;2023-12-31;Portugal;;X;X
Product 9873;Drink;4,983.73;33;604,86;14-11-2022;Germany;S-30;X;X
Product 9874;;4101;NaN;3489,24;2021-05-23;Germany;;X;X
Product 9875;;1,944.38;47;3313,30;27-11-2018;Germany;;X;X
Product 9876;Snack;2522,02;;151,67;2020-12-29;France;;X;X
Product 9877;Food;25,55;10;873.31;2024-08-28;;;X;X
Product 9878;Drink;1047;NaN;4918;18/04/2019;;;X;X
Product 9879;Snack;2098;3;;08/04/2018;Germany;;X;X
Product 9880;Drink;1908,80;;469,83;;;;X;X
Product 9881;Snack;4523,55;NaN;484.65;10-04-2024;Portugal;;X;X
Product 9882;;;78;4413,69;16/09/2023;Portugal;;X;X
Product 9883;Food;1297;;2272,95;16/03/2020;Portugal;;X;X
Product 9884;Drink;2297,78;82;283,34;09-09-2018;France;S-27;X;X
;Drink;3285,37;;830;2022-12-03;;;X;X
Product 9886;Snack;2,130.15;NaN;3,589.72;13-06-2021;France;;X;X
Product 9887;Snack;887;63;2556;2023-05-20;;;X;X
Product 9888;;221.40;;;2020-02-26;;;X;X
Product 9889;Drink;;NaN;1128;28-06-2019;Germany;;X;X
Product 9890;Snack;3493;86;1611;2024-09-10;Germany;;X;X
Product 9891;Snack;;;;15/10/2020;Portugal;;X;X
Product 9892;;3550,80;;2734,19;2019/05/16;;;X;X
Product 9893;Food;3192,37;52;;2023/07/21;;S-26;X;X
Product 9894;;212;;864.98;2019/11/11;Germany;;X;X
Product 9895;;613.12;NaN;4457,85;2020/01/14;Portugal;;X;X
Product 9896;;1074;NaN;;16-07-2020;Germany;;X;X
Product 9897;Drink;;99;1,165.38;10/03/2020;Portugal;;X;X
Product 9898;Snack;;;2327;08/08/2019;Portugal;;X;X
Product 9899;Drink;6.35;NaN;2392,01;18-10-2018;;;X;X
;Snack;2578;;2590;;Portugal;S-47;X;X
Product 9901;Snack;3746,04;NaN;318,70;2018/08/25;Portugal;;X;X
Product 9902;;836;NaN;;17-07-2018;France;;X;X
Product 9903;Food;;72;2,475.11;27-09-2021;Portugal;;X;X
Product 9904;Food;965,11;;;2024-03-14;Germany;;X;X
Product 9905;Food;529,64;;;29-12-2020;Portugal;;X;X
Product 9906;Drink;342;NaN;319;2024/04/28;Portugal;;X;X
Product 9907;Drink;;27;1982;22/09/2018;;S-42;X;X
Product 9908;Food;473,38;68;;2022/03/27;France;;X;X
Product 9909;Food;4556,10;NaN;1,752.69;08-06-2019;;;X;X
Product 9910;;1923,83;95;332,73;11-05-2024;France;S-44;X;X
Product 9911;;2988,69;NaN;;2018/07/31;;;X;X
Product 9912;Snack;;50;;24/08/2020;Germany;;X;X
Product 9913;Drink;3127;NaN;1,549.08;20-09-2022;Portugal;;X;X
Product 9914;Drink;180;37;;25-08-2022;France;;X;X
;Food;1680,21;;4674;2024-09-11;;S-35;X;X
Product 9916;Drink;3,359.21;;2616,92;27-03-2019;France;;X;X
Product 9917;;;4;879;16-10-2023;France;;X;X
Product 9918;;2661,27;;1748,50;2019-03-10;France;;X;X
Product 9919;Food;;;3396;30-12-2020;France;S-27;X;X
Product 9920;Food;384,01;NaN;;;Germany;;X;X
Product 9921;Snack;2681;;2837;04/04/2022;France;;X;X
Product 9922;Food;3,051.60;NaN;2257,34;09/07/2019;France;S-5;X;X
Product 9923;Food;2,987.23;NaN;328;2018/12/21;France;;X;X
Product 9924;Food;3535;NaN;;2023-02-02;France;;X;X
Product 9925;;86,36;NaN;;2019/02/26;France;;X;X
Product 9926;Snack;3000,81;;2631;14-06-2019;Portugal;S-35;X;X
Product 9927;Food;768.49;;4,627.94;2022/06/14;;;X;X
Product 9928;Drink;1,037.68;;2,223.08;08/02/2020;Portugal;S-20;X;X
Product 9929;Snack;371.13;NaN;1803;17-04-2018;Portugal;;X;X
;Food;1397;92;4,238.81;08-12-2022;France;S-49;X;X
Product 9931;;815.97;21;4,359.81;2020/06/15;;;X;X
Product 9932;;210;;4,198.61;2021/03/10;France;;X;X
Product 9933;Drink;206,74;24;1,371.91;2023/05/04;Portugal;;X;X
Product 9934;Drink;4,718.35;33;941,61;25-12-2021;France;;X;X
Product 9935;Drink;2390,00;3;681;17/10/2023;France;S-38;X;X
Product 9936;Snack;;52;;2021/09/05;Germany;;X;X
Product 9937;;2480;89;525;07-10-2019;France;S-9;X;X
Product 9938;;;74;4914,10;2023-06-08;France;S-18;X;X
Product 9939;Snack;1274,43;;238.64;2024/04/22;;;X;X
Product 9940;Drink;1943,30;;2857,92;;Germany;S-27;X;X
Product 9941;Drink;341.47;NaN;1,543.01;2021-07-07;France;S-44;X;X
Product 9942;Drink;4,525.58;;3363,87;31-10-2022;;;X;X
Product 9943;;3,604.07;98;308;2023-06-17;France;S-36;X;X
Product 9944;Drink;;NaN;;2018-03-07;France;;X;X
;Food;2959;NaN;4134;2024/03/29;France;S-5;X;X
Product 9946;Food;;;3119,37;2024/02/13;France;S-21;X;X
Product 9947;Food;1590,00;92;2,836.49;04-01-2022;;S-9;X;X
Product 9948;Drink;840,09;7;702;2021-04-17;Portugal;S-34;X;X
Product 9949;Food;2771,84;;4090,97;2020/07/05;Portugal;;X;X
Product 9950;Drink;4157,31;14;;12-07-2022;;;X;X
Product 9951;Food;2710,21;19;;2022-10-05;;;X;X
Product 9952;Snack;3,336.13;NaN;154.23;2018/10/30;France;S-24;X;X
Product 9953;;4,317.40;NaN;4435,54;2022/09/03;Germany;;X;X
Product 9954;Food;4,374.01;98;;2018/08/16;France;;X;X
Product 9955;Snack;978.34;35;2,888.76;13-01-2024;;S-18;X;X
Product 9956;Drink;;92;;2020/05/17;France;S-7;X;X
Product 9957;;2,904.05;;;03/01/2020;Germany;;X;X
Product 9958;Drink;297.84;;2,316.37;2020/01/09;France;;X;X
Product 9959;Drink;1105;18;;15-02-2020;France;;X;X
;;4079;NaN;;;;;X;X
Product 9961;Snack;3000,16;77;2,204.73;2019-04-16;France;;X;X
Product 9962;Snack;;;;29/12/2022;Germany;S-38;X;X
Product 9963;Drink;;31;;2019/05/14;;;X;X
Product 9964;Food;4300,89;20;4,216.06;2020-07-19;France;S-27;X;X
Product 9965;;4834;89;366.46;24/05/2018;Portugal;;X;X
Product 9966;;154.21;NaN;2418,80;25-07-2018;;;X;X
Product 9967;;445.27;8;3570,66;2023-09-21;Germany;;X;X
Product 9968;Food;3,772.67;4;2021;17/03/2024;France;;X;X
Product 9969;Food;3963,03;25;;2022-10-19;France;;X;X
Product 9970;Drink;;NaN;;2019/06/15;;;X;X
Product 9971;Snack;3930,12;78;4747;27-10-2023;;;X;X
Product 9972;Food;4707,12;NaN;;12/02/2019;Germany;S-36;X;X
Product 9973;Food;;87;4,664.32;13/07/2023;;S-20;X;X
Product 9974;;4199,17;NaN;3379;18-04-2024;Portugal;S-16;X;X
;Drink;;;;2019/09/22;Germany;;X;X
Product 9976;Food;4535;NaN;964,44;2018-07-07;France;S-36;X;X
Product 9977;Snack;190.71;;427.13;2019/07/19;;;X;X
Product 9978;Food;1365;73;1,829.03;17/09/2020;Germany;;X;X
Product 9979;Drink;1318;92;;2020-11-18;France;;X;X
Product 9980;Snack;;43;2348;;France;S-22;X;X
Product 9981;Snack;57;98;2038;2021-11-05;Germany;;X;X
Product 9982;;4143,17;;1,561.48;2020-12-25;;;X;X
Product 9983;Snack;2,069.85;49;599.37;12/02/2019;;;X;X
Product 9984;Food;;;4544,98;2023-12-21;Portugal;;X;X
Product 9985;Drink;;53;4366;2024-01-31;France;;X;X
Product 9986;Snack;2,160.99;;4660,88;2024-03-26;France;;X;X
Product 9987;Food;3421;NaN;1,014.59;08-08-2020;Germany;;X;X
Product 9988;Drink;2857,49;;1,096.45;31-05-2024;Portugal;;X;X
Product 9989;Snack;2,435.56;NaN;4,890.17;2019/09/06;Germany;;X;X
;;3041;;3113,56;09-10-2018;Germany;;X;X
Product 9991;Food;390.87;37;;08/11/2020;;S-44;X;X
Product 9992;Food;3325,78;NaN;19;15-06-2019;Germany;;X;X
Product 9993;;1451;NaN;;2021/07/22;;;X;X
Product 9994;Snack;;;4874,14;2024/04/11;Germany;;X;X
Product 9995;Food;4,538.51;;2350;2019-04-09;Germany;S-39;X;X
Product 9996;Food;1,580.98;;4066,26;2019-03-14;France;S-45;X;X
Product 9997;Snack;3372;;3790,17;2019-06-02;;;X;X
Product 9998;;;NaN;;12/04/2019;;;X;X
Product 9999;Snack;3024;25;;2020/04/11;France;;X;X
Product 9953;;4,317.40;NaN;4435,54;2022/09/03;Germany;;X;X
Product 3850;Drink;;;1596;2020/09/26;France;;X;X
Product 4962;Snack;;NaN;1,681.63;21-11-2019;Germany;;X;X
Product 3886;Drink;;;2057,14;11/07/2022;;;X;X
Product 5437;;;;;2020/08/16;Germany;;X;X
Product 8517;;3996;29;4034;2021-01-17;;S-25;X;X
Product 2041;Snack;;49;3142,54;08/10/2021;;;X;X
Product 1989;;3030;NaN;4903;2022-11-05;Portugal;;X;X
Product 1933;;3083;;4,222.44;05-07-2024;Portugal;S-47;X;X
Product 9984;Food;;;4544,98;2023-12-21;Portugal;;X;X
Product 8418;Food;4120,61;93;4059;16-03-2024;France;;X;X
Product 2418;Drink;3893,17;NaN;3496,98;2023/06/28;;;X;X
Product 6811;Snack;;;1498;16-02-2020;France;;X;X
Product 1217;Drink;4742;NaN;2172;2019-11-25;France;;X;X
Product 6978;;3,857.27;NaN;4,485.04;2018/02/02;Germany;;X;X
Product 6111;Drink;4468;;4705;27/12/2021;Portugal;;X;X
Product 7865;Snack;1747,59;NaN;1498;2024-06-21;Portugal;S-22;X;X
Product 7781;Snack;;;1,276.33;23-08-2020;;S-50;X;X
Product 7775;Snack;1,372.97;NaN;3,475.37;04/10/2023;;;X;X
Product 7039;;4229;NaN;272;21-10-2020;Germany;;X;X
Product 7673;;2178;;4539,33;15-09-2023;;;X;X
Product 2907;Food;4609,64;;681.99;02/03/2024;France;;X;X
Product 1266;Drink;1,230.04;;1561,16;2023/06/04;France;;X;X
;Food;1069;;;2019-09-01;France;S-37;X;X
Product 3092;Drink;799;11;1617,32;02-10-2019;Germany;;X;X
Product 130;Drink;1,584.70;;427,99;04/12/2019;Germany;;X;X
Product 1988;Drink;;38;3842;12/01/2022;France;;X;X
Product 7877;;91,21;NaN;;2024/04/20;Germany;;X;X
;;;;1413;19/09/2020;Portugal;;X;X
Product 6880;Food;;5;4,061.09;;France;S-26;X;X
Product 1768;Snack;;NaN;4860;11/12/2021;Portugal;;X;X
Product 9059;Snack;1828;NaN;4,802.68;2021/10/24;;;X;X
Product 5512;;;57;4173;12-03-2023;;;X;X
Product 6343;Drink;;53;2801,90;22-06-2021;;S-28;X;X
Product 6702;;;59;4,005.85;19/03/2024;;S-46;X;X
Product 574;Drink;3286;NaN;4914;17-12-2022;Germany;S-50;X;X
Product 6426;;4782,51;97;1866,99;2021-08-28;France;;X;X
Product 1520;Food;;76;1602,69;;France;S-2;X;X
Product 9887;Snack;887;63;2556;2023-05-20;;;X;X
Product 1958;Food;4891;;3,060.70;2022/08/29;;;X;X
Product 4487;Drink;;;;11-06-2018;Germany;;X;X
Product 859;Food;2001,54;;;2022/02/15;France;;X;X
Product 2874;Snack;3896;;1,436.22;25/04/2024;France;S-30;X;X
Product 8594;Drink;2026,44;53;3505,08;2023-03-15;Germany;;X;X
Product 9725;Snack;1,840.48;NaN;3269,12;05-01-2019;Germany;;X;X
Product 3265;Snack;3,013.84;NaN;3242;2023-02-16;Portugal;S-25;X;X
Product 3727;Food;4,598.76;;2058,68;2019-07-28;;;X;X
Product 8738;Food;1586;32;;05-10-2019;Germany;S-26;X;X
Product 4437;Food;447;NaN;2720,66;18-10-2024;;;X;X
Product 3304;;4,089.15;NaN;1272;06-10-2024;Germany;;X;X
Product 8133;Snack;2829;NaN;;2022/08/31;;;X;X
;;1313,11;NaN;1529,40;;;;X;X
Product 3059;Snack;;NaN;2515;2023/08/19;France;S-28;X;X
Product 1764;Snack;4673;;4629,42;2023/07/22;;;X;X
Product 7565;Snack;;NaN;2,952.71;2022-09-15;France;;X;X
Product 4687;;3,421.48;29;105.33;06-01-2019;Portugal;;X;X
Product 9781;Drink;2969;85;3,119.40;27-08-2018;Germany;;X;X
Product 4161;Drink;;NaN;;2022-10-01;Germany;;X;X
Product 806;;4978;;2530,15;2019/03/16;France;;X;X
Product 8074;Drink;;5;;2023-12-21;;;X;X
Product 286;Food;;80;2210;30/01/2018;Germany;;X;X
Product 5131;Snack;501,84;NaN;;2019-12-30;Germany;;X;X
Product 7922;;4,877.90;91;1,518.51;2022/08/04;Portugal;;X;X
Product 2856;;188,29;NaN;3204;13-10-2023;France;;X;X
Product 4061;;3,472.22;;2737,00;04/01/2024;Germany;;X;X
Product 4049;;4896,63;79;;28-07-2023;;;X;X
Product 6391;;415;NaN;;2022/10/01;France;S-49;X;X
Product 5194;Snack;249,51;NaN;2605,29;2018/03/20;Germany;;X;X
Product 2159;Drink;;;1,994.88;2021/07/12;France;;X;X
Product 3588;;;50;1,944.20;19-03-2018;;;X;X
Product 254;Food;1699,21;30;4455;2021-02-06;Germany;;X;X
Product 4543;Snack;4472,19;NaN;1,874.89;12-10-2018;;S-1;X;X
Product 5287;Food;2597,34;NaN;4738;2022-11-15;;S-38;X;X
Product 8628;Snack;;71;3,699.19;2024/02/25;Portugal;;X;X
;Food;4878,87;;3,689.76;2019/12/15;Portugal;S-29;X;X
Product 9014;Drink;;64;1062,26;01-05-2024;Portugal;S-24;X;X
Product 1321;Drink;;;2795;06-12-2019;;;X;X
Product 4146;Food;;45;1468,43;2018-04-02;Germany;S-4;X;X
Product 9091;;3974,49;64;3024,69;2022/08/15;;;X;X
Product 4360;Snack;2135,62;NaN;4844,47;;France;;X;X
Product 5993;Drink;3,829.71;NaN;4,318.76;24/07/2021;Portugal;;X;X
Product 5063;;848,23;NaN;3595;2019-10-09;Portugal;;X;X
Product 7344;Snack;1927,72;;893,00;22-03-2024;;;X;X
Product 7437;Food;2570,81;61;2406;01-09-2023;Germany;;X;X
Product 5563;Food;;NaN;2843;2023/08/09;France;;X;X
Product 2116;Snack;3,324.12;;1,154.90;2023-09-03;France;;X;X
Product 2023;;466;NaN;1216;09/01/2022;Germany;;X;X
Product 9112;Drink;3622,66;33;445;2023-12-20;France;S-30;X;X
Product 7782;;;NaN;3,873.40;27/06/2018;Portugal;;X;X
Product 7204;Drink;14;;1645,71;28-04-2022;Germany;;X;X
Product 222;Snack;1,413.00;59;2,809.63;28/05/2020;Germany;;X;X
Product 218;;4,360.57;;3,579.29;2019/09/09;France;S-34;X;X
Product 6237;Snack;;74;2855;2018/10/25;France;;X;X
Product 625;Snack;4727;;4891;14/08/2023;Portugal;;X;X
Product 4717;Snack;;;405,41;19/05/2018;France;S-31;X;X
Product 4699;Food;1,619.71;;1993,61;2024/07/25;;S-15;X;X
Product 3057;;;NaN;349,74;24/01/2019;France;;X;X
;;;16;;2020-10-31;Portugal;;X;X
Product 3207;Snack;864;;3810,94;26/04/2019;Germany;;X;X
Product 9462;Food;3453,91;NaN;1,599.16;2020-09-18;Germany;;X;X
;Snack;2658;NaN;1,073.44;2024/04/02;France;S-22;X;X
Product 4942;Snack;;60;3683,89;18-11-2022;Germany;;X;X
Product 7737;Snack;1611;91;3255,33;2021/01/07;Portugal;S-20;X;X
Product 6849;Snack;1679;27;2111,90;2022/05/09;France;;X;X
Product 6203;Snack;1492;;981;02/03/2022;;;X;X
Product 5329;;1029,66;NaN;3685;09/06/2020;France;S-16;X;X
Product 6005;Food;4438,82;30;2616,61;31/01/2019;Portugal;;X;X
Product 5397;Food;4,203.36;;;2023/09/23;;;X;X
Product 2563;Food;3,356.97;73;3245,42;12/10/2024;;S-29;X;X
Product 619;Snack;;NaN;2981,57;16-12-2019;Germany;S-25;X;X
Product 9727;Food;2410,94;NaN;;08/06/2021;Germany;S-8;X;X
Product 9073;Snack;;NaN;501;24-09-2024;France;;X;X
Product 3554;Food;;NaN;3003,80;07-02-2018;Portugal;S-47;X;X
Product 5966;Drink;2968,39;NaN;307.56;2021-03-29;Germany;;X;X
Product 876;Drink;;NaN;3955;2018/10/12;France;;X;X
Product 3612;;2,490.14;;;13-12-2023;Portugal;;X;X
Product 691;Snack;1711;NaN;374,83;2020-09-18;Portugal;S-14;X;X
Product 6056;Drink;;82;4450,50;24/01/2022;;;X;X
Product 2080;Drink;3339;;;;France;;X;X
Product 9647;;;;;2019-03-27;Germany;;X;X
Product 1177;;1030,15;58;2,984.61;08/05/2020;;S-28;X;X
Product 4741;Drink;;;;2022-03-22;Portugal;S-39;X;X
;Drink;2421;75;2357;2024-01-02;France;S-30;X;X
Product 7214;;1,916.51;;;22-12-2023;France;;X;X
Product 1615;Food;2476,01;NaN;408;18-08-2022;;S-35;X;X
Product 5482;Food;;NaN;3,065.62;31/12/2020;;S-4;X;X
Product 7691;Food;4153;;4224,80;2021/12/02;France;;X;X
Product 6312;Drink;4876,60;;4,450.04;24/05/2021;France;;X;X
Product 8326;Drink;3,696.71;63;2715;2023/01/12;France;;X;X
Product 7600;Food;866;NaN;;;;S-27;X;X
Product 6103;Food;2171;33;;13/05/2022;France;;X;X
Product 9629;Snack;1566;15;;2021/10/27;;;X;X
Product 941;Drink;4,831.46;NaN;1768,23;12-04-2019;France;;X;X
;Snack;;NaN;;02/09/2019;Germany;S-35;X;X
Product 1289;Snack;1566;NaN;3107;11-01-2024;Germany;;X;X
Product 956;;;NaN;;2021-08-30;;S-30;X;X
Product 7228;Drink;;;;10-06-2020;Portugal;S-39;X;X
Product 1987;Food;4159;;640;2021-03-26;;S-38;X;X
Product 4166;Snack;3739;;2,530.70;2020/11/30;Portugal;;X;X
Product 2144;;2029,94;36;;2021-07-31;Germany;;X;X
;Drink;;11;;15/04/2021;France;S-39;X;X
Product 4989;Snack;2499;NaN;1999;2021/08/06;Portugal;;X;X
Product 3953;;;61;2119,23;21-05-2018;;;X;X
Product 7539;Drink;1,381.13;NaN;;23/02/2018;;;X;X
Product 1338;Snack;3484;;;14-06-2022;France;S-18;X;X
Product 3841;Drink;1649;NaN;4694,33;2022/07/14;Portugal;S-16;X;X
Product 7878;Food;;NaN;2930;2019-09-17;;;X;X
Product 2126;Food;1812,66;17;;27/05/2024;Germany;;X;X
Product 2285;Drink;981;57;4746,22;19/01/2023;;;X;X
Product 7340;Drink;4,154.09;NaN;3519,28;;Portugal;;X;X
Product 9108;;;NaN;4,579.95;2021/07/13;Portugal;;X;X
Product 2416;;4986,32;;2212;05-04-2021;France;;X;X
Product 6686;;1458,87;57;3511,46;04/05/2019;Portugal;;X;X
Product 9790;;1115;NaN;;2019/01/09;Portugal;;X;X
Product 5048;Food;;;;2023-07-10;Germany;S-14;X;X
Product 1571;;1013;54;;2021/11/07;Portugal;;X;X
Product 7957;;546,88;93;;2023-05-24;;S-44;X;X
Product 6638;Snack;736.72;NaN;3,637.82;26-07-2018;Portugal;;X;X
Product 3432;Snack;;;4326;02-12-2021;;;X;X
;Snack;2681;;840,15;2019-02-08;;;X;X
Product 7970;Drink;829,06;82;2476;24-08-2023;Germany;;X;X
Product 1488;Food;2,613.90;NaN;2166;10/04/2022;;S-12;X;X
Product 5781;Snack;3,532.94;NaN;2730;2019-05-17;Portugal;;X;X
Product 1720;Food;2485,67;NaN;963.58;;France;;X;X
Product 7313;Snack;3,531.74;NaN;523.19;2018/01/20;France;S-43;X;X
Product 9821;Food;1,024.44;43;4577,65;16-03-2021;France;S-4;X;X
Product 2802;;2593,41;NaN;;2021/11/18;France;S-7;X;X
Product 5196;Food;1,853.68;NaN;;2019/02/23;Portugal;;X;X
Product 2362;;774,30;47;891,26;13/09/2020;France;;X;X
Product 7832;Snack;3,243.21;;1258;27/10/2022;France;;X;X
Product 6238;Drink;2,469.27;;2980,64;30-12-2021;Germany;;X;X
Product 7359;;3,125.56;NaN;;2020-08-19;;;X;X
Product 9939;Snack;1274,43;;238.64;2024/04/22;;;X;X
Product 793;;4353;NaN;;2020/03/04;France;;X;X
Product 1572;Snack;122;99;3,050.52;16-07-2024;Germany;;X;X
Product 1315;Snack;886;NaN;4,116.71;06-04-2018;Germany;;X;X
Product 8477;Food;1455;NaN;;2021-04-02;Germany;S-15;X;X
Product 1094;;4313,67;NaN;2130,48;2023/08/15;Portugal;;X;X
Product 8900;Food;303.94;;2478;;Portugal;S-7;X;X
Product 1986;Snack;3077,18;86;1285;2020/10/23;Portugal;S-36;X;X
Product 7091;Snack;4516;46;3799,83;2023/08/20;France;;X;X
Product 6872;;3023;NaN;3052;2019/01/18;France;;X;X
Product 2438;Food;1375;NaN;4,434.12;06/10/2018;Germany;S-3;X;X
Product 1967;Food;2967,23;49;4534,63;2024-02-15;;;X;X
Product 9013;Snack;2882,79;NaN;;29/02/2024;Germany;S-30;X;X
Product 4268;Drink;;18;424,30;2022/08/06;France;S-42;X;X
Product 8897;Food;4,390.97;;;02/10/2023;France;;X;X
Product 1868;Food;;38;788;2020-10-30;France;S-26;X;X
Product 7531;Food;;;2,406.19;01/08/2022;Portugal;;X;X
Product 5919;Drink;;52;3,757.61;04/01/2024;;;X;X
Product 6565;Drink;2768;75;4726,64;2018/06/14;;S-47;X;X
Product 3832;Drink;;NaN;4214;10-08-2023;;;X;X
Product 2227;Snack;1,784.40;NaN;3968,14;15/08/2019;;;X;X
Product 4106;Drink;;56;2217,72;2019/12/14;France;;X;X
Product 4228;Food;4432,97;;2003,64;18/12/2018;Portugal;;X;X
Product 4232;Drink;;;2,945.52;09/07/2024;France;S-27;X;X
Product 6936;Snack;2007;NaN;1,112.37;2024-10-22;Portugal;S-39;X;X
;Food;2620,03;;3,095.14;2024/06/19;Germany;S-3;X;X
Product 7759;Drink;4567,57;7;2314;18-03-2019;;S-26;X;X
Product 9541;Food;554;NaN;3992,82;2022/07/09;;;X;X
